"","V1","V2","V3","V4","V5","V6","V7","V8","V9","V10","V11","V12","V13","V14","V15","V16","V17","V18","V19","V20","V21","V22","V23","V24","V25","V26","V27","V28","V29","V30","V31","V32","V33","V34","V35","V36","V37","V38","V39","V40","V41","V42","V43","V44","V45","V46","V47","V48","V49","V50"
"P00001",0,0,0,NA,NA,1,0,0,0,0.0208333333333333,0,0,0,0,0,0.0208333333333333,0,0,0,0,0.0208333333333333,0,0.0208333333333333,0,0,0,0,0,NA,NA,0,0.0208333333333333,0,0,0,0,0,0,0,0,0,0,0,0,0,0,0,0,0,0
"P00002",0,0,0,0,0,0,0,0,0,0,0,0,0,0,0,0,0,0,0,0,0,0,0,0,0,0,0,0,0,0,0,0,0,0,0,0,0,0,0,0,0,0.142857142857143,0,0,0,0,0,0,0,0
"P00003",0,0,0,NA,NA,1,0,0,0,0,0,0.032258064516129,0,0,0.032258064516129,0,0,0,0,0,0,0,0,0,0,0,0,0,0,0,0,0,0,0,0,0,0,0,0,0,0.741935483870968,0,0,0,0,0,0,0.032258064516129,0,0
"P00004",0,0,0,NA,NA,1,0,0,0,0,0,0.0344827586206897,0,0,0,0,0,0,NA,NA,1,0,0,0,0,0,0,0,0,0,0,0,0,0,0,0,0,0,0,0,0,0,0,0,0,0,0.0344827586206897,0,0,0
"P00005",0,0,0,0,0,0,0,0,0,0.024390243902439,0,0,0,0,0,0,0,0,0,0,0,0,0,0,0,0,0,0,0,0,0,0,0,0,0,0,0,0,0,0,0,0,0.0487804878048781,0,0,0,0,0,0,0
"P00006",0,0,0,0,0,0,0,0,0,0,0,0,0,0,0,0,0,0,0,0,0,0,0,0,0,0,0,0,0,0,0,0,0,0,0,0,0,0,0,0,0.6,0,0,0,0,0,0,0,0,0
"P00007",0,0,0,NA,NA,1,0,0,0,0,0,0.05,0,0,0,0,0,0,0,0,0,0,0,0,0,0,0,NA,NA,1,0,0,0,0,0,0,0,0,0.05,0,0,0,0.05,0,0,0,0,0,0,0
"P00008",0,0,0,0,0,0,0.0476190476190476,0,0,0,0,0,0,0,0,0,0,0,0,0,0,0,0,0,0,0,0,0,0,0.0476190476190476,0,0.0476190476190476,0,0,0,0,0,0,0,0,0.285714285714286,0,0,0,0,NA,NA,1,0,0
"P00009",0,0,0,NA,NA,1,0,0,0,0,0,0,0,0,0,0,0,0,0,0,0,0,0,0,0,0,0,0,0,0,0,0,0,0,0,0,0,0,0,0,0,0,0,0,0,0,0,0,0,0
"P00010",0,0,0,NA,NA,1,0,0,0,0,0,0,0,0,0,0,0,0,0,0,0,0,0,0,0,0,0,0,0,0,0,0,0,0,0,0,0,0,0,0.142857142857143,0,0,1,NA,NA,0,0,0,0,0
"P00011",0,0,0,NA,NA,1,0,0,0,0,0,0,0,0,0,0,0,0,0,0,0,0,0,0,0,0,0,0,0,0,0,0,0,0,0,0,1,NA,NA,0,0,0.0384615384615385,0,0,0,NA,1,NA,0,0
"P00012",0,0,0,0,0,0,0,0,0,0,0,0,0,0,0,0,0,0,0,0,0,0,0,0.166666666666667,0,0,0,0,0,0.666666666666667,0,0,0,0.333333333333333,0,0,1,NA,NA,0,0,0.5,0.166666666666667,0,0,0,0,0,0,0
"P00013",0,0,0,0,0,0.0416666666666667,0,0.0416666666666667,0,0,0,0,0,0,0.0416666666666667,0,0,0,0,0,0.0416666666666667,0,0,0,0,0,0,NA,NA,0,0,0,0.125,0.125,0,0,0.875,0,0,NA,NA,1,0.916666666666667,0,0,0,0,0,0,0
"P00014",0,0,0,NA,NA,1,0,0,0,0,0,0,0,0,0,0,0,0,0,0,0,0,0,0,0,0,0,0,NA,NA,0,0.0416666666666667,0,0,0,0,0,0,0,0,0.0416666666666667,0,0,0,0,0,0,0,0,0
"P00015",0,0,0,0,0,0.405405405405405,0,0,0,0,0,0.027027027027027,0,0,0,0,0,0,0,0,0,0,0,0,0,0,0,0,0,0,0,0,0,0,0,0,0,0,0,0,0,0,1,NA,NA,0,0,0,0,0
"P00016",0,0,0,NA,NA,1,0,0,0,0,0,0,0,0,0,0,0,0,0,0,0,0,0,0,0,0,0,0,0,0,0,0,0,0,0,0,0,0,0,0,0,0,0,0,0,0,0,0,0,0
"P00017",0,0,0,0,0,0,0,0,0,0,0,0,0,0,0,0,0,0,0,0,0,0,0,0,0,0,0,0,0,0,0,0.037037037037037,0,0,0,0,0,0,0,0,0,0,0,0,0,0,0,0,0,0
"P00018",0,0,0,0,0,0,0,0,0,0,0,0,0,0,0,0,0,0,0,0,0,0,0,0.142857142857143,0,0,0,0,0,0,0,0,0.142857142857143,0.571428571428571,0,0,0,0,0,0,0,0,0,0,0,0,0,0,0,0
"P00019",0,0,0,0,0,0.80952380952381,0,0,0,0,0,0,0,0,0,0,0,0,0,0,0,0,0,0,0,0,0,0.0476190476190476,0,0,0,0,0,0,0,0,0,0,0,0,0.0476190476190476,0,0,0,0,0,0,0,0,0
"P00020",0,0,0,0,0,0,0,0,0,0,0,0,0,0.0277777777777778,0,0,0,0,0,0,0,0,0,0,0,0,0,0,0,0,0,0,0,0,0,0,0,0,0,0,0,0,0,0,0,0,0,0,0,0.0285714285714286
"P00021",0,0,0,0,0,0.96551724137931,0,0,0,0,0,0,0,0,0,0,0,0,0,0,0.0172413793103448,0,0,0,0,0,0,0.0172413793103448,0,0,0,0,0,0.0181818181818182,0.0357142857142857,0.0181818181818182,0.0172413793103448,0,0,0,0,0.0175438596491228,0.120689655172414,0,0,0,0.0172413793103448,0,0,0
"P00022",0,0,0,0,0,0.0294117647058824,0,0,0,0,0.0294117647058824,0,0,0,0,0,0,0,0,0,0,0,0,0,0,0,0,0,0,0,0,0,0.382352941176471,0,0,0,0,0,0,0,0.5,0,0.852941176470588,0,0,0,0,0,NA,NA
"P00024",0,0,0,NA,NA,1,0,0,0,0,0,0,0,0,0,0,0,0,0,0.0357142857142857,0,0,0,0.0357142857142857,0,0,0,NA,NA,NA,0,0,0,0,0,0,0,0,0,0,0,0.0357142857142857,0.928571428571429,0,0,0,0,0,0,0
"P00025",0,0,0,NA,NA,1,0,0,0,0.0625,0,0,0,0,0,0,0,0,0,0,0,0,0,0,0,0,0,0,0,0,0,0,0,0,0,0,0.0625,0,0,0,0,0.25,0,0,0,0,0,0,0,0
"P00026",0,0.0169491525423729,0,0,0,0.966101694915254,0,0,0,0,0,0,0,0,0,0,0,0,0,0,0.0338983050847458,0,0,0.0169491525423729,0,0,0,0,0,0,0,0,0,0,0,0.0169491525423729,0,0,0,0,0.02,0.155172413793103,0.474576271186441,0,0,0,0.0169491525423729,0,0,0
"P00027",0,0,0,0,0,0,0,0,0,0,0,0,0,0,0,0,0,0,0,0,0,0,0,0,0,0,0,0,0,0,0,0,0,0,NA,NA,0,0,0,0,0,0,0.428571428571429,0,0,0,0,0,0,0
"P00028",0,0,0,NA,NA,1,0,0.02,0,0.02,0,0,0,0,0,0,0,0,0,0,0,0,0,0,0,0,0.78,NA,NA,0.9375,0,0,0,0,0,0,0,0,0,0,0,0.02,0,0,0,0,0,0.54,0,0
"P00029",0,0,0,0,0,0,0,0,0,0,0,0,0,0,0,0,0,0,0,0,0,0,0,0,0,0,0,0,0,0,0,0,0,0.0833333333333333,0,0,0,0,0,0,0.25,0,0.5,0,0,0,0,0,0,0
"P00032",0,0,0,NA,NA,1,0,0,0,0,0,0.0277777777777778,0,0,0,0,0,0,0,0,0,0,0,0,0,0,0,0,0,0,0.0277777777777778,0,0,0.0555555555555556,0,0,0.942857142857143,0,0,0,0.916666666666667,0,0,0.0277777777777778,0,0,0,0,0,0
"P00033",0,0,0,0,0,0,0,0,0,0,0,0,0,0,0,0,0,0,0,0,0,0,0,0,0.142857142857143,0,0,0,0,0,0,0,0,0,0,0,0,0,0,0,0,0,NA,NA,0,0,0,0,0,0
"P00034",0,0,0,0,0,0,0,0,0,0,0,0,0,0,0,0,0,0,0,0,0,0,0,0,0,0,0,0,0.2,0,0,0,0,0,0,0,0,0,0,0,0,0,0,0,0,0,0,0,0,0
"P00036",0,0,0,0,0,0,0,0,0,0,0,0,0,0,0,0,0,0,0,0,0,0,0,0,0,0,0,0,0,0.6,0,0,0.5,0,0.166666666666667,0,0,0,0,0,0,0,0,0,0,0,0,0,0,0
"P00037",0,0,0,0,0,0,0,0,0,0.0666666666666667,0,0,0,0,0,0,0,0,0,0,0,0,0,0,0,0,0,0,0,0,0,0.0714285714285714,0.0714285714285714,0,0,0,0,0,0,0,0,0,0.133333333333333,0,0,0,0,0,0,0
"P00038",0,0,0,0,0,0,0,0,0,0,0,0,0,0,0,0,0,0,0,0,0.142857142857143,0,0,0,0,0,0.142857142857143,0,0,0,0,0,0,0,0,0,1,NA,NA,0,0,0,0,0,0,0,0,0,0,0
"P00039",0,0,0,0,0,0,0,0,0,0,0,0,0,0,0,0,0,0,0,0,0,0,0,0,0,0,0,0,0,0,0,0,0,0,0,0,0,0,0,0,0,0,0,0,0,0,0,0.032258064516129,0,0
"P00040",0,0,0,0,0,0,0,0,0,0,0,0,0,0,0,0,0,0,0,0,0,0,0,0,0,0,0,0,0,0.25,0,0,0,0.333333333333333,0,0,0.333333333333333,0,0,0,0,0,0,0,0,0,0,0,0,0
"P00041",0,0,0,0,0,0,0,0,0,0,0,0,0,0,0.142857142857143,0,0,0,0,0,0.142857142857143,0,0,0,0,0,0,0,NA,1,0,0,0,0,0,0,0.857142857142857,0,0,0,0,0,0,0,0,0,0,0,0,0
"P00042",0,0,0,0,0,0,0,0,0,0,0,0,0,0,0,0,0,0,0,0,0,0,0,0,0,0,0,0,0,0.166666666666667,0,0,0,0.166666666666667,0,0,0,0,0,0,0.166666666666667,0,0,0,0,0,0,0,0,0
"P00043",0,0,0,0,0,0,0,0,0,0,0,0.0833333333333333,0,0,0,0,0,0,0,0,0,0,0,0,0,0,0,0,0,0,0,0,0,0,0,0,0,0,0,0,0,0,1,NA,NA,0,0,0,0,0
"P00044",0,0,0,0,0,0,0,0,0,0,0,0,0,0.0357142857142857,0,0,0,0,0,0,0,0,0,0,0,0,0,0,0,0.0833333333333333,0,0,0,0,0,0,0.0357142857142857,0,0,0,0,0,0,0,0,0,0,0,0,0
"P00045",0,0,0,0,0,0,0,0.0625,0,0,0,0,0,0,0,0,0,0,0,0,0,0,0,0,0,0,0,0,0,0,0,0,0,0,0,0,0,0,0,0,0,0,0.0625,0,0,0,0,0,0,0
"P00046",0,0,0,0,0,0,0,0,0,0,0,0,0,0,0,0,0,0,0,0,0.125,0,0,0,0,0,0,0,0,0,0,0,0,0,0,0,0,0,0,0,0,0,0,0,0,0,0,0.25,0,0
"P00047",0,0,0,0,0,0,0.0212765957446809,0,0,0,0,0,0,0,0,0,0,0,0,0,0.0869565217391304,0,0,0.0212765957446809,0,0,0,0,0,0,0,0,0,0,0,0,0.914893617021277,0,0,0,0,0,0,0.0212765957446809,0,0,0,0,0,0
"P00048",0,0,0,0,0,0.142857142857143,0,0,0,0,0,0,0,0,0,0,0,0,0,0,0,0,0,0,0,0,0,0,0,0,0,0,0,0,0,0,0,0,0,0,0,0,0,0,0,0,0,0,0,0
"P00049",0,0,0,0,0,0,0,0,0,0,0,0,0,0,0,0,0,0,0,0,0.142857142857143,0,0,0,0,0,0,0,0,0,0,0,0,0,0,0,0.285714285714286,0,0,0,0.285714285714286,0,0.285714285714286,0,0,0,0,0,0,0
"P00050",0,0,0,0,0,0.372549019607843,0,0,0,0,0,0,0,0,0,0,0,0,0,0,0,0,0,0.0196078431372549,0,0,0.0196078431372549,NA,NA,NA,0,0,0.156862745098039,0,0,0.0196078431372549,1,NA,NA,0,0,0,0,0,0,0,0,0,0,0
"P00051",0,0,0,0,0,0,0,0,0,0,0,0,0,0,0,0.0526315789473684,0,0,0,0,0.0526315789473684,0,0,0,0,0,0,0,0,0,0,0,0,0,0,0,1,NA,NA,0,0.888888888888889,0.909090909090909,0,0,0,0,0,0,0,0
"P00052",0,0,0,0,0,0.875,0,0,0,0,0,0,0,0,0,0,0,0,0,0,0,0,0,0,0,0,0,0,0,0,0,0,0,0,NA,NA,0,0,0,NA,NA,1,0,0,0,0,0,0,0,0
"P00053",0,0,0,0,0,0,0,0,0,0,0,0,0,0,0,0,0,0,0,0,0,0,0,0,0,0,0,0,0,0,0,0,0,0,0,0,0,0,0,0,0,0,0,0,0,0,0,0,0,0
"P00054",0,0,0,0,0,0,0,0,0,0,0,0,0,0,0,0,0,0,0,0,0,0,0,0,0,0,0,0,0,0,0,0,0,0.0769230769230769,0,0,0,0,0,0,0,0,0,0,0,0,0,0,0,0
"P00055",0,0,0,0,0.0163934426229508,0,0.0163934426229508,0,0,0,0,0,0,0.0163934426229508,0,0,0,0,0,0,0,0,0,0,0,0,0,0,0,0.0327868852459016,0,0,0,0,0,0,0.983606557377049,0,0,0,0.0163934426229508,0,0,0,0,0,0.0163934426229508,0,0,0
"P00056",0,0,0,0,0,0,0,0,0,0,0,0,0,0,0,0,0,0,0,0,0,0,0,0,0,0,0,0,0,0,0,0,0,0,0.1,0,0,0,0,0,0,0,0,0,0,0,0,0,0,0
"P00057",0,0,0,0,0,0.0263157894736842,0,0.0263157894736842,0,0,0,0,0,0.0263157894736842,0,0,0,0,0,0,0,0,0,0,0,0,0,0,0,0,0,0,0,0,0,0,0.0263157894736842,0,0,0,0,0,0,0,0,0,0,0,0,0.027027027027027
"P00058",0,0,0,0,0,0.04,0,0,0,0.04,0,0,0,0,0,0,0,0,0,0,0.04,0,0.04,0,0,0,0,0,0,0,0,0,0,0,0,0,0,0,0,0.04,0,0,0,0,0,0,0,0,0,0
"P00059",0,0,0.0833333333333333,NA,NA,1,0,0,0,0,0,0,0,0,0,0,0,0,0,0,0,0,0,0,0,0,0,0,0,0,0,0,0,0,0,0,0,0,0,0,0,0,0,0,0,0,0,0,0,0
"P00060",0,0,0.0212765957446809,0,0,0,0,0,0,0.0212765957446809,0,0,0,0.0425531914893617,0,0,0,0,0,0,0,0,0,0,0,0,0,0,0.037037037037037,0,0,0,0,0.0212765957446809,0,0,0,0,0,0,0.0212765957446809,0,0,0,0,0,0,0,0,0
"P00061",0,0,0,0,0,0.5,0,0,0,0,0,0,0,0,0,0,0,0,0,0,0,0,0,0,0,0,0,0,0,0.833333333333333,0,0,0,0,0,0,0,0,0,NA,NA,1,0,0,0,0,0,0.166666666666667,NA,NA
"P00062",0,0,0,0,0,0,0,0,0,0,0,0,0,0,0,0,0,0,0,0,0,0,0,0,0,0,0,0,0,0,0,0,0,0,0,0,0,0,0,0,0,0,0,0,0,0,0,0,0,0
"P00063",0,0,0,NA,NA,1,0.037037037037037,0,0,0,0,0,0,0.037037037037037,0,0,0,0,0,0,0,0,0.037037037037037,0,0,0,0,0,0,0,0,0,0,0.0740740740740741,0,0,0,0,0.037037037037037,0,0.111111111111111,0,1,NA,NA,0,0,0,NA,NA
"P00064",0,0,0,0,0,0,0,0,0,0.142857142857143,0,0,0,0,0,0,0,0,0,0,0,0,0,0,0,0,0,0,0,0,0,0,0,0,0,0,0,0,0,0,0,0,0,0,0,NA,NA,1,0,0
"P00065",0,0,0,NA,NA,1,0,0,0,0,0,0,0,0,0,0,0,0,0,0,0,0,0,0,0,0,0,0,0,0.857142857142857,0,0,0,0,0,0,0,0,0,0,0,0,0,0,0,0,0,0.125,0,0
"P00066",0,0,0,NA,NA,1,0,0.0434782608695652,0,0,0,0,0,0,0,0,0,0,0,0,0.0434782608695652,0,0,0,0,0,0,0,NA,NA,0,0,0,0,0.0434782608695652,0,0.0434782608695652,0,0,0,0,0,0,0,0,0,0,0.217391304347826,0,0
"P00067",0,0,0,0,0,0,0,0,0,0,0,0,0.125,0,0,0,0,0,0,0,0,0,0,0,0,0,0,0,0,0,0,0,0,0,0,0,0,0,0,0,0,0,0,0,0,0,0,0,0,0
"P00068",0,0,0,0,0,0,0,0,0,0,0,0,0,0.2,0,0,0,0,0,0,0,0,0,0,0,0,0,0,0,0,0,0,0,0,0,0,0,0,0,0,0.4,0,0,0,0,0,0,0,0,0
"P00069",0,0,0,0,0,0,0,0,0,0,0,0,0,0,0,0,0,0,0,0,0,0,0.0227272727272727,0.0444444444444444,0,0,0,0,0.0232558139534884,0.111111111111111,0,0,0,0.0217391304347826,0,0,0.0222222222222222,0,0.0222222222222222,0.0222222222222222,0.0222222222222222,0,0,0,0.0434782608695652,NA,NA,1,0,0
"P00070",0,0,0.0188679245283019,0,0,0.981132075471698,0,0,0,0,0,0.0188679245283019,0,0,0,0,0,0,0,0,0.0188679245283019,0,0,0,0,0,0,0,0,0.0357142857142857,0,0,0,0,0,0,0,0,0,0,0.0588235294117647,0.04,0,0,0,0,0,0,0,0
"P00071",0,0,0,0,0,0.0277777777777778,0,0,0,0,0,0.0277777777777778,0,0,0,0,0,0,0,0,0,0,0,0,0,0,0,0,0,0,0,0,0,0.0285714285714286,0,0.0285714285714286,0,0,0,0,0,0,1,NA,NA,0,0,0.0555555555555556,0,0
"P00072",0,0,0,NA,NA,1,0,0,0.0285714285714286,0,0,0,0,0,0,0,0,0,0,0,0,0,0,0,0,0,0,0,0,0,0,0,0,0,0,0,0,0,0,0,0.0285714285714286,0,0.657142857142857,0,0,0,0,0,0,0
"P00073",0,0,0,0,0,0,0,0.0384615384615385,0,0,0,0,0.0384615384615385,0,0,0,0,0,0,0,0,0,0,0,0,0,0,0,0,0,0,0,0,0,0,0,0,0,0.0384615384615385,0,0.0384615384615385,0,0,0,0,0,0,0,0,0
"P00074",0,0,0,0,0,0,0,0,0,0,0,0,0,0,0,0,0,0,0,0,0,0,0,0,0,0,0,0,0,0,0,0,0,0,0,0,0,0,0,0,0,0.285714285714286,0,0,0,0,0,0,0,0
"P00075",0,0,0,NA,NA,1,0.2,0,0,0,0,0,0,0,0,0,0,0,0,0,0,0,0,0,0,0,0,0,0,0,0,0,0,0,0,0,0,0,0,0,0,0,0,0,0,0,0,0,0,0
"P00077",0,0,0,0,0,0.152173913043478,0,0,0,0,0,0,0,0,0,0,0,0,0,0,0.0217391304347826,0,0,0,0,0,0,0,0,0,0,0,0,0.0434782608695652,0,0,0,0,0,0,0,0.0217391304347826,0,0,0,0,0,0.978260869565217,0,0
"P00078",0,0,0,NA,NA,1,0,0,0,0,0,0,0,0,0,0,0,0,0,0,0,0,0,0,0,0,0,0,0,0,0,0,0,0,0,0,0,0,0,0,0,0,0,0,0,0,0,0,0,0
"P00079",0,0,0,0,0,0,0,0,0,0,0,0,0,0,0,0.0769230769230769,0,0,0,0,0.0769230769230769,0,0,0,0,0,0,0,0,0,0,0,0,0,0,0,0,0,0,0,0,0.0769230769230769,0,0,0,0,0,0,0,0
"P00080",0,0,0,0,0,0,0,0,0,0,0,0,0,0,0,0,0,0,0,0,0,0,0,0,0,0,0,0,0,0.875,0,0,0,0,0,0,0,0,0,0,0,0,0,0,0,0,0,0,0,0
"P00081",0,0,0,0,0,0.371428571428571,0.0294117647058824,0,0.0294117647058824,0,0,0.0285714285714286,0,0,0,0,0,0,NA,NA,1,0,0,0,0,0,0,0,0,0.0285714285714286,NA,NA,1,0,0,0,0,0,0,0,0.617647058823529,0,0,0,0,0,0,0.0285714285714286,0,0
"P00082",0,0,0,0,0,0,0,0,0,0,0,0.0526315789473684,0,0,0,0,0,0,0,0,0,0,0,0.0526315789473684,0,0,0,0,0,0,0,0,0,0,0,0,0,0,0,0,0,0.0526315789473684,0,0,0,0,0,0,0,0
"P00083",0,0,0.037037037037037,NA,NA,1,0,0,0,0,0,0,0,0,0,0,0,0,0,0,0,0,0,0,0,0,0,NA,NA,0,0,0,0,0,0,0,0,0,0,0,0.037037037037037,0,0,0,0,0,0,0,0,0
"P00084",0,0,0,NA,NA,1,0,0,0,0,0,0.0158730158730159,0,0.0158730158730159,0,0,0,0,0,0,0,0,0,0,0,0,0,0.0161290322580645,0,0,0,0,0,0,NA,NA,0,0,0,0.0158730158730159,0,0,0,0,0,0.0158730158730159,0,0,0,0
"P00085",0,0,0,0,0,0,0,0,0,0,0,0,0,0,0,0,0,0,0,0,0,0,0,0.111111111111111,0,0,0,0,0,0,0,0,0,0,0,0,0,0,0,0,0,0.111111111111111,0,0,0,0,0,0,0,0
"P00086",0,0,0,0,0,0,0,0,0,0,0,0,0,0,0,0,0,0,0,0,0,0,0,0,0,0,0,0,0,0,0,0,0,0,0,0,0.88,0,0,0,0.36,0,0.04,0,0,0,0,0,0,0
"P00087",0,0,0,0,0,0.0344827586206897,0,0,0,0,0,0,0,0,0,0,0,0,0,0.0344827586206897,0,0,0,0.0344827586206897,0,0,0,0.214285714285714,0.05,0,0,0,0,0,0,0,0,0,0,0,0.96551724137931,0,0,0,0,0,0,0,0,0
"P00088",0,0,0,0,0,0.111111111111111,0,0,0,0,0,0,0,0,0,0,0,0,0,0,0,0,0,0,0,0,0,0,0,0,0,0.111111111111111,0,0,0,0,0,0,0,0,0,0,0,0,0,0,0,0,0,0
"P00089",0,0,0,0,0,0.159420289855072,0,0,0,0,0,0,0,0,0,0,0,0,0,0,0,0,0,0,0,0,0,0.0434782608695652,0,0,0,0,0,0,0,0,0.0144927536231884,0,0,0,0,0,0,0,0,0,0,0,0,0
"P00090",0,0,0,0,0,0,0,0,0,0,0,0,0,0,0,0,0,0,0,0,0,0,0,0,0,0,0,0,0,0,0,0,0,0,0,0,0,0,0,0,0,0,0,0,0,0,0,0,NA,NA
"P00091",0,0,0,0,0,0,0,0,0,0,0,0,0,0,0,0,0,0,0,0,0,0,0,0.0454545454545455,0,0,0,0,0,0,0,0,0,0,0,0,0,0,0,NA,NA,1,1,NA,NA,0,0,0.181818181818182,0,0
"P00092",0,0,0,NA,NA,1,0,0,0,0,0,0,0,0,0,0,0,0,0,0,0.25,0,0,0,0,0,0,0,0,0.375,0,0,0.125,0,0,0,0,0,0,NA,NA,1,0,0,0,0,0,0,0,0.125
"P00093",0,0,0,0,0,0,0,0,0,0,0,0,0,0,0,0.0333333333333333,0,0,0,0.0344827586206897,0.0344827586206897,0,0,0.0333333333333333,0,0,0,0,0,0.0357142857142857,0,0,0,0,0,0,0,0.0333333333333333,0,0,0.0333333333333333,0,0.866666666666667,0,0,NA,1,NA,0,0.0333333333333333
"P00094",0,0,0,0,0,0.117647058823529,0,0,0.0294117647058824,0,0,0,0,0,0,0,0,0,0,0,0,0,0,0,0,0.0294117647058824,0,0,0,0,0,0.0294117647058824,0,0,0,0,0,0,0,0,0,0,0,0,0,0,0,0,0,0
"P00095",0,0,0,0,0,0,0,0,0,0,0,0,0,0,0,0,0,0,NA,NA,1,0,0,0,0,0,0,0,0,0,0,0,0,NA,0,NA,0,0,0,0,0,0,1,NA,NA,0,0,0,0,0.0833333333333333
"P00097",0,0,0,0,0,0,0,0,0,0,0,0,0,0,0,0,0,0,0,0,0,0,0,0,0,0,0,0,0,0,0,0,0,0.142857142857143,0,0,0.571428571428571,0,0,0,0,0,0,0,0,0,0,0,0,0
"P00098",0,0,0,0,0,0,0,0,0,0,0,0,0,0,0,0,0,0,0,0,0,0,0,0,0,0,0,0,0,0,0,0.04,0,0,0,0,0,0,0,0,0,0.04,0,0,0,0,0,0,0,0
"P00099",0,0,0,0,0,0,0,0,0,0,0,0.0285714285714286,0,0,0,0,0,0,0,0,0,0,0,0,0,0,0,0,0,0.571428571428571,0,0,0,0,0,0,0,0,0,NA,1,NA,0,0,0,0,0,0.114285714285714,0,0
"P00100",0,0,0,NA,NA,1,0,0,0,0,0,0,0,0,0,0,0,0,0,0,0,0,0,0.0217391304347826,0,0,0,0,0,0.0217391304347826,0,0.0217391304347826,0,0,0,0,0,0,0,0,0,0,0,0,0,0,0,0,0,0
"P00101",0,0,0,0,0,0,0.0434782608695652,0,0,0,0,0,0,0,0,0,0,0,0,0,0.739130434782609,0,0,0,0,0,0,0,NA,NA,0.0434782608695652,0,0,0,0,0,0,0,0,0.0434782608695652,0,0,0,0,0,0,0,0.260869565217391,0,0
"P00102",0,0,0,0,0,0.0740740740740741,0,0,0,0,0,0,0,0,0,0,0,0,0,0,0,0,0,0,0,0,0,0,NA,NA,0,0,0,0.423076923076923,0,0.0625,0,0,0,0,0,0,0,0,0,0,0,0,0,0
"P00103",0,0,0,0,0,0,0,0.0666666666666667,0,0,0,0,0,0,0,0,0,0,0,0,0,0,0,0,0,0,0,0,0,0,0,0,0,0.0666666666666667,0,0,0,0,0,0,0,0,1,NA,NA,0,0,0,0,0
"P00104",0,0,0,0,0,0,0,0,0,0,0,0,0,0,0,0,0,0,NA,NA,1,0,0,0,0,0,0,0,0,0,0,0,0,0,0,0,0,0,0,0,0,0.125,0,0,0,0,0,0,NA,NA
"P00105",0,0,0,0,0,0.166666666666667,0,0,0,0,0,0,0,0,0,0,0,0,0,0,0,0,0,0,0,0,0,0,0,0,0,0,0,0,0,0,1,NA,NA,0,0,0.25,0,0,0,0,0,0,0,0
"P00106",0,0,0,0,0.0263157894736842,0.0263157894736842,0,0,0,0,0,0,0,0,0,0,0,0,0,0,0,0,0,0,0,0,0,0,0.0512820512820513,0,0,0,0,0,0,0,0,0,0.0256410256410256,0,0,0.105263157894737,0,0,0,0,0,0,0,0
"P00107",0,0,0.024390243902439,0,0,0,0.024390243902439,0,0,0,0,0,0,0,0,0,0,0,0,0,0,0,0,0,0,0,0,0,0,0,0,0.024390243902439,0,0,0,0,0.024390243902439,0,0,0.0256410256410256,0.025,0,0,0,0,0,0,0,0,0
"P00108",0,0,0,0,0,0.1,0,0,0,0,0,0,0,0,0,0,0,0,0,0,0,0,0,0,0,0,0,0,0,0,0,0,0,0,0,0,0.3,0,0,NA,NA,1,0,0,0,0,0,0,0,0
"P00109",0,0,0,NA,NA,1,0,0.05,0,0,0,0,0,0,0,0,0,0,0,0,0,0,0,0,0,0,0,0,0,0,NA,NA,0.95,NA,NA,NA,0,0,0,0,0,0,0,0,0,0,0,0,0,0
"P00110",0,0,0,0,0,0,0,0,0,0,0,0,0,0,0,0,0,0,0,0,0,0,0,0,0,0,0,0,0,0,NA,NA,1,0,0,0,0.0344827586206897,0,0,0,0,0,0,0,0,0,0,0,0,0
"P00111",0,0,0,0,0,0,0,0.0434782608695652,0,0,0,0,0,0,0,0,0,0,0,0,0,0,0,0,0,0,0,NA,NA,1,0,0,0,0,0,0,0,0,0,0,0,0,1,NA,NA,0,0,0,0,0
"P00112",0,0,0,NA,NA,1,0,0,0,0,0,0,0,0,0,0,0,0,0,0,0,0,0,0,0,0,0,0,0,0,0,0,0,0,0,0,1,NA,NA,0,0,0,0.777777777777778,0,0,0,0,0.0555555555555556,0,0
"P00113",0,0,0,0,0,0,0.04,0.04,0,0,0,0,0,0,0,0,0,0,0,0,0,0,0,0,0,0,0,0,NA,NA,0,0,0,0,0,0,0,0,0,0,0,0,1,NA,NA,0,0,0,0.0416666666666667,0
"P00114",0,0,0,0,0,0,0,0,0,0,0,0,0,0,0,0,0,0,0,0,0,0,0,0,0,0,0,NA,NA,NA,0,0,0,0,0,0,0,0,0,NA,NA,1,1,NA,NA,0,0,0,0,0
"P00115",0,0,0,0,0,0,0,0,0,0,0,0,0,0,0,0,0,0,0,0,0,0,0,0,0,0,0,0,0,0,0,0.0526315789473684,0,0,0,0,0,0.0526315789473684,0,0,0.0526315789473684,0,0.473684210526316,0,0,0,0,0,0,0.0588235294117647
"P00116",0,0,0,0,0,0,0,0,0,0,0,0,0,0,0,0,0,0,0,0,0.0625,0,0,0,0,0,0,0,0,0,0,0,0,0,0,0,0,0,0,0,0,0.0625,0,0,0,0,0,0,0,0
"P00117",0,0,0,0,0,0.95,0,0,0,0,0,0,0,0,0,0,0,0,0,0,0.05,0,0,0,0,0,0,0,0,0,0,0,0,0,0,0.05,0,0,0,0,0.05,0,0,0,0,0,0.0526315789473684,0.0526315789473684,0,0
"P00118",0,0,0,0,0,0,0,0,0,0,0,0,0,0,0,0,0,0,0,0,0,0,0,0,0,0,0,0,0,0,0,0,0,0,0,0,1,NA,NA,NA,1,NA,0,0,0,0,0,0,0,0
"P00119",0,0,0,0,0,0,0,0,0,0.0357142857142857,0,0,0,0.0357142857142857,0,0,0,0,0,0,0,0,0,0.0714285714285714,0,0,0,0,0,0,0,0.0357142857142857,0,0,0,0,0,0,0,0,0,0,0,0,0,0,0,0,0,0
"P00120",0,0,0,0,0,0,0,0,0,0,0,0,0,0,0,0,0,0,0,0,0,0,0,0,0,0,0,0,0,0,0,0.0263157894736842,0,0,0,0,0,0,0,0,0.0344827586206897,0.243243243243243,0,0,0,0,0,0,0,0
"P00121",0,0,0,0,0,0.0526315789473684,0.0350877192982456,0,0,0,0,0,0,0,0,0,0,0,0,0,0.157894736842105,0,0,0,0,0,0,0,0,0.982142857142857,0,0.0175438596491228,0,0,0,0,0,0,0,0,0,0.0175438596491228,0,0.0178571428571429,0.0178571428571429,0,0,0,0,0
"P00122",0,0,0,NA,NA,1,0,0,0,0,0,0,0,0,0,0,0,0,0,0,0.1,0,0,0,0,0,0,0,0,0,0,0,0,0,NA,NA,0,0,0,0,0.9,0,0,0,0,0,0,0,0,0
"P00123",0,0,0,0,0,0.647058823529412,0,0,0,0,0,0,0,0,0,0,0,0,0,0,0,0,0,0,0,0,0,0,0.0588235294117647,0,0,0.0588235294117647,0,0,0,0,0,0,0,0,0,0,0,0,0,NA,NA,1,0,0
"P00124",0,0,0,0,0,0,0,0,0,0,0,0,0,0,0,0,0,0,0,0,0,0,0,0,0,0,0,0,0.0588235294117647,0,0,0,0,0,0.0588235294117647,0,0,0,0,0,0,0,0,0,0,0,0,0,0,0
"P00126",0,0,0.0487804878048781,NA,NA,1,0,0,0,0,0,0,0,0,0,0,0,0,0,0,0,0,0,0,0.024390243902439,0,0,0,0,0,0,0,0,0,0,0,1,NA,NA,0,0,0.170731707317073,0.025,0,0,0,0,0,0,0
"P00127",0,0,0,0,0,0.125,0,0,0,0,0,0,0,0,0,0,0,0,0,0,0,0,0,0,0,0,0,0,0,0,0,0,0,0.125,0,0,0,0,0,0,0,0.125,0,0,0,0,0,0,0,0
"P00128",0,0,0,0,0,0,0,0,0,0,0,0,0,0,0,0,0,0,0,0,0,0,0,0,0,0,0,0,0.0833333333333333,0,0,0,0,0,0,0,0,0,0,0,0.25,0,0.0833333333333333,0,0,NA,NA,1,0,0
"P00130",0,0,0,0,0,0.307692307692308,0,0.0384615384615385,0,0,0,0,0,0,0,0,0,0,0,0.0384615384615385,0,0,0,0.0384615384615385,0,0,0,0,0,0,0,0.0384615384615385,0,0,0,0,0,0,0,0,0,0,0.961538461538462,0,0,0,0,0,0,0
"P00131",0,0,0,0,0,0.733333333333333,0,0,0,0,0,0,0,0,0,0,0,0,0,0,0,0,0,0,0,0,0,0,0,0,0,0,0,0,0,0,0,0,0,0,0,0,0,0,0,0,0,0,0,0
"P00132",0,0,0,0,0,0.471698113207547,0,0,0,0,0,0,0,0,0,0,0,0,0,0.0566037735849057,0,0,0,0,0,0,0,0,NA,NA,0,0,0,NA,0.7,0,1,NA,NA,0,0,0.245283018867925,0,0,0,NA,0.962264150943396,NA,0,0
"P00133",0,0,0,0,0,0,0,0,0,0,0,0,0,0,0,0,0,0,0,0,0,0,0,0,0,0,0,0,0,0,NA,NA,1,NA,NA,0,0,0,0,0,0,0,0,0,0,0,0,0,0,0
"P00134",0,0,0,0,0,0.0526315789473684,0,0.0526315789473684,0,0,0,0,0,0,0,0,0,0,0,0,0.0526315789473684,0,0,0,0,0,0,0,0.0526315789473684,0,0,0,0,0,0,0,0,0,0,0,0,0,0,0,0,0,0,0,0,0
"P00135",0,0,0,NA,NA,1,0,0,0,0,0,0,0,0,0,0,0,0,0,0,0,0,0,0,0,0.0625,0,0,0,0,0,0,0,0,0,0,0,0,0,0,0,0,0,0,0,0,0,0,0,0
"P00138",0,0,0,0,0,0,0,0,0,0,0,0,0,0,0,0,0,0,0,0,0,0,0,0,0,0,0,0,0,0,0,0.0714285714285714,0,0,0,0,1,NA,NA,0,0,0,0.142857142857143,0,0,0,0,0,0,0
"P00139",0,0,0,0,0,0,0,0,0,0,0,0,0,0,0,0,0,0,0,0,0,0,0,0,0,0,0,NA,NA,1,0,0,0,0,0,0,0,0,0,0,0,0,0.222222222222222,0,0,0,0,0,0,0
"P00140",0,0,0,NA,NA,1,0,0,0,0,0,0,0,0,0,0,0,0,0,0,0.583333333333333,0,0,0,0,0,0,0,0.0909090909090909,0,0.25,0,0,0,0,0,1,NA,NA,0,0,0.0833333333333333,0.916666666666667,0,0,0,0,0,0,0
"P00141",0,0,0,0,0,0,0,0,0,0,0,0.0277777777777778,0,0,0,0,0,0,0,0,0,0,0,0,0,0,0,0,0,0,0,0.0277777777777778,0,0,0,0,0,0,0,0,0.583333333333333,0,0.657142857142857,0,0,0,0,0,0,0
"P00142",0,0,0.024390243902439,0,0,0.0731707317073171,0,0,0,0,0,0,0,0.024390243902439,0,0.024390243902439,0,0,0,0.024390243902439,0,0,0,0,0,0,0,0.0256410256410256,0,0,0,0,0,0.024390243902439,0,0,0.902439024390244,0,0,0,0,0,0.024390243902439,0,0,0,0,0,0,0
"P00143",0,0,0.0217391304347826,NA,NA,1,0,0,0,0,0,0.0217391304347826,0,0,0,0,0,0,0,0,0,0,0,0,0,0,0,0,0,0.0217391304347826,0,0,0,0,0,0,0,0,0,0,0,0.0217391304347826,0.869565217391304,0,0,0,0,0,0,0
"P00144",0,0,0,NA,NA,1,0,0,0,0,0,0,0,0,0,0,0,0,0,0.0909090909090909,0.473684210526316,0,0,0,0,0,0,0,0,0,0,0,0,0,0.0526315789473684,0.0526315789473684,0,0,0,0,0,0.15,0.9,0,0,0,0,0,0,0
"P00145",0,0,0,NA,NA,1,0,0,0,0,0,0,0,0,0,0,0,0,0,0.0185185185185185,0,0,0,0,0,0,0,0,0,0,0,0,0,0,0,0,0,0,0,NA,1,NA,0,0,0,0,0,0.240740740740741,0,0
"P00146",0,0,0,0,0,0.04,0,0,0,0,0,0,0,0,0,0,0,0,0,0,0,0,0,0.04,0,0,0,0,0,0,0,0,0,0,0,0,0,0,0,0,0.08,0,0.08,0,0,0.0416666666666667,0,0.0416666666666667,0,0
"P00147",0,0,0,NA,NA,1,0,0,0,0,0,0,0,0,0,0,0,0,0,0,0,0,0,0.0434782608695652,0,0,0,0,0,0,0,0,0,0,0,0,0,0,0,0,0,0.478260869565217,0.521739130434783,0,0,0.0434782608695652,0,0,0,0
"P00148",0,0,0,0,0,0,0,0.0476190476190476,0,0,0,0,0,0,0,0,0,0,0,0,0,0,0,0,0,0,0,0,0,0,0,0,0,0,0,0,0,0,0,0,0.0476190476190476,0,0,0,0,0,0,0,0,0
"P00149",0,0,0,0,0,0,0,0,0,0,0,0,0,0,0,0,0,0,0,0,0,0,0,0,0,0,0,0,0,0,0,0,0,0,0,0,0,0,0,0,0,0,0,0,0,NA,NA,1,0,0
"P00151",0,0,0,0,0,0.166666666666667,0,0,0,0,0,0,0,0,0,0,0,0,0,0,0,0,0,0,0,0,0,0,0,0,0,0,0,NA,NA,NA,0,0,0,0,0.277777777777778,0,0,0.111111111111111,0,0,0,0,0,0
"P00152",0,0,0,NA,NA,1,0,0,0,0,0,0,0,0,0,0,0,0,0,0.0416666666666667,0,0,0,0,0,0,0,0,0.0416666666666667,0,0,0,0,0,0,0,1,NA,NA,0,0,0.0416666666666667,1,NA,NA,0,0,0,0,0
"P00153",0,0,0,0,0,0,0,0,0,0,0,0,0,0,0,0,0,0,0,0,0,0,0,0,0,0,0,0,0,0,0,0,0,0,NA,NA,0,0,0,NA,1,NA,0.909090909090909,0,0,0,0,0,0,0
"P00154",0,0,0,0,0,0,0,0,0,0,0,0,0,0,0,0,0,0,0,0,0.0434782608695652,0,0,0,0,0,0,0.0434782608695652,0,0,0,0,0,0,0,0,0,0,0,0,0,0,0,0,0,0,0.863636363636364,0,0,0
"P00155",0,0,0,NA,NA,1,0,0,0,0,0,0,0,0,0,0,0,0,0,0,0,0,0,0,0,0,0,0,NA,NA,0,0,0,0,0,0,0,0,0,0,0,0.05,0,0,0,0,0,0.05,0,0
"P00156",0,0,0,NA,NA,1,0,0,0,0.0357142857142857,0,0,0,0,0,0.0357142857142857,0,0,0,0,0,0,0,0,0,0,0,0,0,0,NA,NA,0,0,NA,NA,0,0,0,0,0,0.0357142857142857,0.0357142857142857,0,0,0,0,0,0,0
"P00157",0,0,0,0,0,0.142857142857143,0,0,0,0,0,0,0,0,0,0,0,0,0,0,0.142857142857143,0,0,0,0,0,0,0,0,0,0,0,0,0,0,0,0,0,0,0,0,0,0,0,0,0,0,0,0,0
"P00158",0,0,0,0,0,0.727272727272727,0,0,0,0,0,0,0,0,0,0,0,0,0,0,0,0,0,0,0,0,0,0,0,0,0,0,0,0,0,0,0,0,0,NA,NA,1,0,0,0,0,0,0,0,0
"P00159",0,0,0,0,0,0,0,0,0,0,0,0,0,0,0,0,0,0,0,0,0,0,0,0,0,0,0.25,0,0,0.7,0,0,0,0,0,0,0,0,0,0,0.8,0,0,0,0,0,0.45,0,0,0
"P00160",0,0,0,0,0,0,0,0,0,0,0,0,0,0,0,0,0,0,0,0,0,0,0,0,0,0,0,0,0,0,0,0,0,0,0,0,0,0,0,0,0,0,0,0,0,0,0,0,0,0
"P00161",0,0,0,0,0,0.666666666666667,0,0,0,0,0,0,0,0,0,0,0,0,0,0,0,0,0,0,0,0,0,0,0,0,0,0,0,0,0,0,0,0,0,0,0,0,0,0,0,0,0,0,0,0
"P00162",0,0,0,0,0,0.027027027027027,0,0,0,0,0,0,0,0,0,0,0,0,0,0,0.0540540540540541,0,0,0,0,0,0,0,0,0.027027027027027,0,0,0,0,0.0277777777777778,0.0277777777777778,0,0,0,0,0,0,0,0,0,0,0,0,0,0
"P00163",0,0,0,0,0,0,0,0,0,0,0,0,0,0,0,0,0,0,0,0,0,0,0,0,0,0,0,0,0,0,0,0,0,0,0,0,0,0,0,0,0,0,0,0,0,0,0,0,0,0
"P00165",0,0,0,0,0,0.8,0,0,0,0,0,0,0,0,0,0,0,0,0,0,0,0,0,0,0,0,0,0,0,0,0,0,0,0,0,0,0,0,0,0,0,0,0,0,0,NA,NA,1,0,0
"P00166",0,0,0,NA,NA,1,0,0,0,0,0,0,0,0,0,0,0,0,0,0,0,0,0,0,0,0,0,0,0,0,0,0,0.714285714285714,0,0,0,0,0,0,NA,0,NA,1,NA,NA,0,0,0,NA,NA
"P00167",0,0,0,0,0,0.9375,0,0,0,0,0,0,0,0,0,0,0,0,0,0,0.1875,0,0,0.0625,0,0,0,NA,NA,1,0,0,0,0,0,0,0,0,0,0,0,0,0,0,0.0625,0,0,0,0,0
"P00168",0,0,0,NA,NA,1,0,0,0,0,0,0,0,0,0,0,0,0,0,0,0,0,0,0,0,0,0,0,0,0,0,0,0,0,0,0,0,0,0,0,0,0,0,0,0,0,0,0,0,0
"P00169",0,0,0,0,0,0.944444444444444,0,0,0,0,0,0,0,0,0,0,0,0,0,0,0.0555555555555556,0,0,0,0,0,0.0555555555555556,0,0,0.888888888888889,0,0,0,0,0,0.0555555555555556,0,0,0,0,0,0,0,0,0,0,0,0.0555555555555556,0,0
"P00170",0,0,0,NA,NA,1,0,0,0,0,0,0,0,0,0,0,0,0,0,0,0,0,0,0,0,0,0,0,0,0.0555555555555556,0,0,0,0,0,0,0,0,0,0,0,0,0,0,0,0,0,0,0,0
"P00171",0,0,0,0,0.0588235294117647,0.0588235294117647,0,0,0,0,0,0,0,0,0,0,0,0,0,0,0,0,0,0,0,0,0,0,0,0,0,0,0,0,0,0,0,0,0,0,0,0,0,0,0,0,0,0.166666666666667,0,0
"P00172",0,0,0,0,0,0,0,0,0,0,0,0,0,0,0,0,0,0,0,0,0,0,0,0,0,0,0,0,0.0909090909090909,0,0,0,0,0,0,0,0,0,0,0,0,0,0.0909090909090909,0,0,0,0,0,0,0
