"","V1","V2"
"1",1,6
"2",1,28
"3",1,105
"4",1,108
"5",1,174
"6",1,184
"7",1,188
"8",1,212
"9",1,225
"10",1,228
"11",1,229
"12",1,277
"13",1,360
"14",1,415
"15",1,416
"16",1,417
"17",1,418
"18",1,424
"19",1,432
"20",1,465
"21",1,496
"22",1,498
"23",1,540
"24",1,595
"25",1,649
"26",1,669
"27",1,762
"28",1,777
"29",1,843
"30",1,849
"31",1,884
"32",1,885
"33",1,899
"34",1,919
"35",1,920
"36",1,926
"37",1,929
"38",1,940
"39",1,941
"40",2,51
"41",2,54
"42",2,109
"43",2,188
"44",2,204
"45",2,229
"46",2,277
"47",2,400
"48",2,402
"49",2,432
"50",2,498
"51",2,507
"52",2,517
"53",2,545
"54",2,576
"55",2,601
"56",2,661
"57",2,700
"58",2,744
"59",2,781
"60",2,804
"61",2,819
"62",2,834
"63",2,847
"64",2,858
"65",2,929
"66",2,936
"67",2,954
"68",2,978
"69",3,6
"70",3,28
"71",3,30
"72",3,41
"73",3,78
"74",3,105
"75",3,110
"76",3,188
"77",3,198
"78",3,229
"79",3,277
"80",3,418
"81",3,438
"82",3,447
"83",3,531
"84",3,642
"85",3,720
"86",3,762
"87",3,777
"88",3,807
"89",3,912
"90",3,916
"91",3,940
"92",3,941
"93",4,6
"94",4,21
"95",4,183
"96",4,187
"97",4,188
"98",4,214
"99",4,417
"100",4,432
"101",4,517
"102",4,534
"103",4,549
"104",4,589
"105",4,606
"106",4,622
"107",4,654
"108",4,661
"109",4,662
"110",4,781
"111",4,828
"112",4,831
"113",4,895
"114",4,969
"115",5,30
"116",5,105
"117",5,170
"118",5,188
"119",5,204
"120",5,400
"121",5,402
"122",5,408
"123",5,545
"124",5,699
"125",5,829
"126",5,886
"127",5,906
"128",6,69
"129",6,105
"130",6,109
"131",6,184
"132",6,188
"133",6,214
"134",6,215
"135",6,277
"136",6,363
"137",6,373
"138",6,432
"139",6,543
"140",6,565
"141",6,810
"142",6,873
"143",6,900
"144",7,6
"145",7,30
"146",7,54
"147",7,75
"148",7,122
"149",7,198
"150",7,204
"151",7,277
"152",7,400
"153",7,402
"154",7,545
"155",7,555
"156",7,558
"157",7,576
"158",7,595
"159",7,624
"160",7,661
"161",7,700
"162",7,720
"163",7,723
"164",7,777
"165",7,781
"166",7,786
"167",7,819
"168",7,834
"169",7,895
"170",7,912
"171",7,918
"172",7,954
"173",8,48
"174",8,54
"175",8,67
"176",8,189
"177",8,190
"178",8,423
"179",8,459
"180",8,495
"181",8,545
"182",8,666
"183",8,672
"184",8,678
"185",8,701
"186",8,726
"187",8,780
"188",8,828
"189",8,874
"190",8,916
"191",8,917
"192",9,6
"193",9,55
"194",9,97
"195",9,122
"196",9,184
"197",9,205
"198",9,252
"199",9,277
"200",9,279
"201",9,475
"202",9,545
"203",9,588
"204",9,744
"205",9,829
"206",9,916
"207",9,917
"208",9,929
"209",9,936
"210",10,6
"211",10,43
"212",10,59
"213",10,105
"214",10,108
"215",10,226
"216",10,282
"217",10,400
"218",10,401
"219",10,432
"220",10,513
"221",10,588
"222",10,615
"223",10,655
"224",10,717
"225",10,804
"226",10,828
"227",10,847
"228",10,858
"229",10,881
"230",10,910
"231",10,954
"232",11,6
"233",11,36
"234",11,37
"235",11,47
"236",11,55
"237",11,109
"238",11,183
"239",11,187
"240",11,188
"241",11,189
"242",11,190
"243",11,204
"244",11,259
"245",11,265
"246",11,274
"247",11,375
"248",11,435
"249",11,545
"250",11,633
"251",11,798
"252",11,804
"253",11,847
"254",11,884
"255",11,895
"256",11,957
"257",11,972
"258",12,30
"259",12,37
"260",12,43
"261",12,55
"262",12,105
"263",12,184
"264",12,188
"265",12,201
"266",12,212
"267",12,273
"268",12,277
"269",12,282
"270",12,400
"271",12,432
"272",12,558
"273",12,588
"274",12,609
"275",12,701
"276",12,780
"277",12,840
"278",12,884
"279",12,910
"280",12,916
"281",12,917
"282",12,929
"283",12,966
"284",13,30
"285",13,37
"286",13,41
"287",13,42
"288",13,43
"289",13,108
"290",13,122
"291",13,134
"292",13,183
"293",13,188
"294",13,214
"295",13,243
"296",13,315
"297",13,399
"298",13,400
"299",13,401
"300",13,432
"301",13,543
"302",13,555
"303",13,588
"304",13,663
"305",13,721
"306",13,750
"307",13,780
"308",13,804
"309",13,807
"310",13,834
"311",13,837
"312",13,873
"313",13,896
"314",13,916
"315",13,921
"316",13,927
"317",13,936
"318",13,975
"319",13,978
"320",13,981
"321",14,6
"322",14,28
"323",14,105
"324",14,110
"325",14,188
"326",14,229
"327",14,418
"328",14,609
"329",14,735
"330",14,786
"331",14,795
"332",14,816
"333",14,922
"334",14,929
"335",14,940
"336",14,941
"337",14,966
"338",15,43
"339",15,109
"340",15,122
"341",15,188
"342",15,198
"343",15,201
"344",15,210
"345",15,277
"346",15,285
"347",15,289
"348",15,330
"349",15,432
"350",15,462
"351",15,477
"352",15,498
"353",15,534
"354",15,633
"355",15,642
"356",15,651
"357",15,660
"358",15,661
"359",15,662
"360",15,672
"361",15,829
"362",15,847
"363",15,870
"364",15,916
"365",16,6
"366",16,109
"367",16,110
"368",16,184
"369",16,188
"370",16,229
"371",16,277
"372",16,666
"373",16,678
"374",16,696
"375",16,846
"376",16,855
"377",16,876
"378",16,910
"379",17,54
"380",17,109
"381",17,129
"382",17,187
"383",17,188
"384",17,204
"385",17,229
"386",17,277
"387",17,400
"388",17,402
"389",17,432
"390",17,517
"391",17,545
"392",17,570
"393",17,571
"394",17,576
"395",17,595
"396",17,621
"397",17,744
"398",17,819
"399",17,834
"400",17,847
"401",17,858
"402",17,929
"403",17,936
"404",17,954
"405",17,978
"406",18,34
"407",18,54
"408",18,57
"409",18,188
"410",18,229
"411",18,273
"412",18,277
"413",18,285
"414",18,288
"415",18,400
"416",18,432
"417",18,435
"418",18,483
"419",18,567
"420",18,588
"421",18,594
"422",18,605
"423",18,649
"424",18,661
"425",18,666
"426",18,672
"427",18,681
"428",18,705
"429",18,744
"430",18,828
"431",18,855
"432",18,867
"433",18,884
"434",18,918
"435",18,937
"436",18,981
"437",19,6
"438",19,55
"439",19,56
"440",19,75
"441",19,277
"442",19,432
"443",19,585
"444",19,661
"445",19,672
"446",19,722
"447",19,855
"448",19,928
"449",19,939
"450",20,170
"451",20,188
"452",20,229
"453",20,277
"454",20,315
"455",20,324
"456",20,411
"457",20,432
"458",20,531
"459",20,558
"460",20,588
"461",20,678
"462",20,699
"463",20,726
"464",20,777
"465",20,781
"466",20,783
"467",20,867
"468",20,879
"469",20,916
"470",20,929
"471",20,975
"472",21,6
"473",21,54
"474",21,181
"475",21,187
"476",21,188
"477",21,231
"478",21,237
"479",21,309
"480",21,465
"481",21,468
"482",21,545
"483",21,600
"484",21,622
"485",21,654
"486",21,661
"487",21,726
"488",21,781
"489",21,870
"490",21,918
"491",21,929
"492",21,978
"493",22,30
"494",22,41
"495",22,43
"496",22,51
"497",22,114
"498",22,122
"499",22,229
"500",22,276
"501",22,285
"502",22,318
"503",22,564
"504",22,597
"505",22,642
"506",22,654
"507",22,661
"508",22,666
"509",22,672
"510",22,700
"511",22,925
"512",23,6
"513",23,28
"514",23,30
"515",23,43
"516",23,123
"517",23,129
"518",23,189
"519",23,198
"520",23,288
"521",23,381
"522",23,387
"523",23,588
"524",23,661
"525",23,804
"526",23,895
"527",23,896
"528",23,916
"529",23,921
"530",23,922
"531",23,930
"532",23,936
"533",23,966
"534",24,6
"535",24,97
"536",24,122
"537",24,188
"538",24,189
"539",24,190
"540",24,356
"541",24,360
"542",24,482
"543",24,516
"544",24,520
"545",24,545
"546",24,571
"547",24,588
"548",24,594
"549",24,642
"550",24,729
"551",24,735
"552",24,884
"553",24,895
"554",24,929
"555",24,957
"556",25,6
"557",25,105
"558",25,109
"559",25,111
"560",25,297
"561",25,356
"562",25,408
"563",25,506
"564",25,594
"565",25,624
"566",25,658
"567",25,661
"568",25,723
"569",25,744
"570",25,777
"571",25,781
"572",25,855
"573",25,915
"574",25,929
"575",25,939
"576",25,940
"577",25,941
"578",26,34
"579",26,55
"580",26,96
"581",26,120
"582",26,188
"583",26,282
"584",26,412
"585",26,418
"586",26,432
"587",26,475
"588",26,495
"589",26,496
"590",26,502
"591",26,503
"592",26,573
"593",26,582
"594",26,624
"595",26,645
"596",26,701
"597",26,847
"598",26,884
"599",26,916
"600",26,926
"601",26,929
"602",26,936
"603",26,940
"604",26,941
"605",26,972
"606",27,6
"607",27,27
"608",27,30
"609",27,54
"610",27,114
"611",27,122
"612",27,180
"613",27,183
"614",27,188
"615",27,229
"616",27,277
"617",27,381
"618",27,399
"619",27,423
"620",27,432
"621",27,459
"622",27,606
"623",27,661
"624",27,666
"625",27,720
"626",27,781
"627",27,828
"628",27,847
"629",27,916
"630",27,927
"631",27,929
"632",27,951
"633",27,969
"634",27,978
"635",28,54
"636",28,67
"637",28,188
"638",28,209
"639",28,264
"640",28,400
"641",28,402
"642",28,412
"643",28,444
"644",28,459
"645",28,498
"646",28,499
"647",28,555
"648",28,591
"649",28,600
"650",28,701
"651",28,705
"652",28,759
"653",28,804
"654",28,870
"655",28,873
"656",28,895
"657",28,896
"658",28,940
"659",28,941
"660",29,6
"661",29,37
"662",29,41
"663",29,105
"664",29,110
"665",29,122
"666",29,188
"667",29,198
"668",29,214
"669",29,240
"670",29,432
"671",29,495
"672",29,588
"673",29,701
"674",29,753
"675",29,834
"676",29,901
"677",29,906
"678",29,929
"679",30,45
"680",30,55
"681",30,97
"682",30,110
"683",30,188
"684",30,207
"685",30,288
"686",30,418
"687",30,483
"688",30,666
"689",30,721
"690",30,762
"691",30,828
"692",30,847
"693",30,929
"694",30,940
"695",30,941
"696",31,123
"697",31,174
"698",31,204
"699",31,282
"700",31,303
"701",31,342
"702",31,387
"703",31,396
"704",31,400
"705",31,402
"706",31,412
"707",31,443
"708",31,534
"709",31,537
"710",31,545
"711",31,645
"712",31,678
"713",31,750
"714",31,765
"715",31,847
"716",31,894
"717",31,901
"718",31,960
"719",32,30
"720",32,110
"721",32,122
"722",32,189
"723",32,190
"724",32,198
"725",32,288
"726",32,507
"727",32,545
"728",32,605
"729",32,804
"730",32,888
"731",32,929
"732",33,54
"733",33,69
"734",33,70
"735",33,105
"736",33,108
"737",33,129
"738",33,138
"739",33,144
"740",33,171
"741",33,184
"742",33,188
"743",33,207
"744",33,229
"745",33,268
"746",33,285
"747",33,423
"748",33,432
"749",33,459
"750",33,528
"751",33,589
"752",33,606
"753",33,609
"754",33,639
"755",33,654
"756",33,700
"757",33,726
"758",33,738
"759",33,750
"760",33,819
"761",33,873
"762",33,885
"763",33,895
"764",33,906
"765",33,972
"766",34,37
"767",34,122
"768",34,190
"769",34,265
"770",34,297
"771",34,329
"772",34,387
"773",34,408
"774",34,496
"775",34,506
"776",34,545
"777",34,594
"778",34,661
"779",34,723
"780",34,777
"781",34,814
"782",34,936
"783",34,939
"784",34,952
"785",35,60
"786",35,109
"787",35,184
"788",35,186
"789",35,188
"790",35,189
"791",35,229
"792",35,261
"793",35,277
"794",35,294
"795",35,376
"796",35,405
"797",35,418
"798",35,471
"799",35,609
"800",35,669
"801",35,720
"802",35,721
"803",35,819
"804",35,916
"805",35,918
"806",35,921
"807",35,926
"808",35,929
"809",35,940
"810",35,941
"811",35,972
"812",36,96
"813",36,188
"814",36,190
"815",36,450
"816",36,545
"817",36,678
"818",36,781
"819",36,782
"820",36,855
"821",37,28
"822",37,37
"823",37,128
"824",37,188
"825",37,189
"826",37,277
"827",37,282
"828",37,400
"829",37,545
"830",37,783
"831",37,819
"832",37,884
"833",37,928
"834",38,102
"835",38,105
"836",38,109
"837",38,114
"838",38,129
"839",38,174
"840",38,180
"841",38,188
"842",38,204
"843",38,211
"844",38,214
"845",38,215
"846",38,229
"847",38,277
"848",38,432
"849",38,435
"850",38,438
"851",38,545
"852",38,576
"853",38,678
"854",38,856
"855",38,885
"856",38,895
"857",38,899
"858",38,907
"859",38,929
"860",39,43
"861",39,105
"862",39,114
"863",39,123
"864",39,188
"865",39,208
"866",39,405
"867",39,429
"868",39,540
"869",39,726
"870",39,816
"871",39,828
"872",39,874
"873",39,929
"874",39,972
"875",40,187
"876",40,188
"877",40,192
"878",40,214
"879",40,237
"880",40,363
"881",40,376
"882",40,432
"883",40,465
"884",40,495
"885",40,528
"886",40,558
"887",40,589
"888",40,645
"889",40,696
"890",40,735
"891",40,822
"892",40,891
"893",40,916
"894",40,922
"895",40,927
"896",40,929
"897",40,966
"898",40,972
"899",41,102
"900",41,105
"901",41,109
"902",41,188
"903",41,215
"904",41,282
"905",41,360
"906",41,399
"907",41,400
"908",41,402
"909",41,418
"910",41,432
"911",41,459
"912",41,475
"913",41,495
"914",41,496
"915",41,506
"916",41,588
"917",41,622
"918",41,654
"919",41,655
"920",41,700
"921",41,762
"922",41,781
"923",41,816
"924",41,847
"925",41,888
"926",41,916
"927",41,940
"928",41,941
"929",41,951
"930",41,952
"931",41,963
"932",42,122
"933",42,183
"934",42,184
"935",42,187
"936",42,188
"937",42,195
"938",42,212
"939",42,229
"940",42,277
"941",42,285
"942",42,418
"943",42,432
"944",42,666
"945",42,672
"946",42,690
"947",42,735
"948",42,819
"949",42,858
"950",42,926
"951",42,929
"952",42,940
"953",42,941
"954",43,120
"955",43,129
"956",43,188
"957",43,210
"958",43,297
"959",43,378
"960",43,496
"961",43,506
"962",43,622
"963",43,654
"964",43,661
"965",43,684
"966",43,884
"967",43,895
"968",43,921
"969",43,929
"970",43,936
"971",43,940
"972",43,941
"973",44,54
"974",44,188
"975",44,215
"976",44,225
"977",44,285
"978",44,327
"979",44,418
"980",44,426
"981",44,501
"982",44,558
"983",44,649
"984",44,696
"985",44,769
"986",44,804
"987",44,856
"988",44,884
"989",44,888
"990",44,926
"991",44,929
"992",44,936
"993",44,940
"994",44,941
"995",44,957
"996",45,35
"997",45,114
"998",45,184
"999",45,187
"1000",45,188
"1001",45,429
"1002",45,483
"1003",45,495
"1004",45,543
"1005",45,558
"1006",45,666
"1007",45,701
"1008",45,777
"1009",45,781
"1010",45,792
"1011",45,828
"1012",45,831
"1013",45,867
"1014",45,888
"1015",45,924
"1016",45,929
"1017",45,951
"1018",46,28
"1019",46,30
"1020",46,37
"1021",46,60
"1022",46,108
"1023",46,156
"1024",46,180
"1025",46,181
"1026",46,186
"1027",46,188
"1028",46,192
"1029",46,210
"1030",46,212
"1031",46,215
"1032",46,234
"1033",46,237
"1034",46,277
"1035",46,306
"1036",46,360
"1037",46,375
"1038",46,400
"1039",46,545
"1040",46,591
"1041",46,723
"1042",46,783
"1043",46,865
"1044",46,867
"1045",46,888
"1046",46,918
"1047",46,927
"1048",46,929
"1049",46,930
"1050",46,940
"1051",46,941
"1052",46,978
"1053",47,37
"1054",47,42
"1055",47,60
"1056",47,109
"1057",47,110
"1058",47,189
"1059",47,190
"1060",47,229
"1061",47,264
"1062",47,282
"1063",47,400
"1064",47,411
"1065",47,415
"1066",47,416
"1067",47,417
"1068",47,418
"1069",47,424
"1070",47,432
"1071",47,447
"1072",47,489
"1073",47,492
"1074",47,496
"1075",47,502
"1076",47,503
"1077",47,588
"1078",47,649
"1079",47,834
"1080",47,840
"1081",47,867
"1082",47,892
"1083",47,919
"1084",47,926
"1085",47,929
"1086",47,940
"1087",47,941
"1088",48,6
"1089",48,34
"1090",48,42
"1091",48,55
"1092",48,114
"1093",48,129
"1094",48,198
"1095",48,205
"1096",48,432
"1097",48,597
"1098",48,720
"1099",48,753
"1100",48,769
"1101",48,807
"1102",48,820
"1103",48,888
"1104",48,895
"1105",48,896
"1106",48,897
"1107",48,966
"1108",48,972
"1109",49,57
"1110",49,109
"1111",49,170
"1112",49,188
"1113",49,204
"1114",49,212
"1115",49,277
"1116",49,432
"1117",49,545
"1118",49,700
"1119",49,814
"1120",49,828
"1121",49,885
"1122",49,910
"1123",49,912
"1124",49,916
"1125",49,918
"1126",49,929
"1127",50,66
"1128",50,105
"1129",50,110
"1130",50,188
"1131",50,375
"1132",50,376
"1133",50,443
"1134",50,462
"1135",50,483
"1136",50,545
"1137",50,564
"1138",50,585
"1139",50,624
"1140",50,732
"1141",50,747
"1142",50,759
"1143",50,813
"1144",50,834
"1145",50,895
"1146",50,918
"1147",50,930
"1148",50,939
"1149",50,942
"1150",50,957
"1151",50,978
"1152",51,37
"1153",51,54
"1154",51,67
"1155",51,110
"1156",51,183
"1157",51,188
"1158",51,210
"1159",51,229
"1160",51,246
"1161",51,282
"1162",51,285
"1163",51,477
"1164",51,570
"1165",51,606
"1166",51,615
"1167",51,814
"1168",51,828
"1169",51,888
"1170",51,929
"1171",51,940
"1172",51,941
"1173",52,105
"1174",52,120
"1175",52,188
"1176",52,229
"1177",52,249
"1178",52,265
"1179",52,277
"1180",52,282
"1181",52,321
"1182",52,649
"1183",52,662
"1184",52,666
"1185",52,678
"1186",52,741
"1187",52,828
"1188",52,829
"1189",52,861
"1190",52,876
"1191",52,925
"1192",52,928
"1193",52,937
"1194",52,957
"1195",53,59
"1196",53,69
"1197",53,109
"1198",53,156
"1199",53,187
"1200",53,188
"1201",53,210
"1202",53,212
"1203",53,277
"1204",53,432
"1205",53,504
"1206",53,588
"1207",53,642
"1208",53,690
"1209",53,711
"1210",53,828
"1211",53,906
"1212",53,918
"1213",53,929
"1214",53,957
"1215",54,53
"1216",54,72
"1217",54,110
"1218",54,184
"1219",54,188
"1220",54,208
"1221",54,397
"1222",54,528
"1223",54,534
"1224",54,558
"1225",54,609
"1226",54,666
"1227",54,777
"1228",54,828
"1229",54,831
"1230",54,975
"1231",54,978
"1232",55,6
"1233",55,60
"1234",55,105
"1235",55,109
"1236",55,123
"1237",55,188
"1238",55,225
"1239",55,274
"1240",55,315
"1241",55,418
"1242",55,429
"1243",55,590
"1244",55,633
"1245",55,660
"1246",55,750
"1247",55,847
"1248",55,874
"1249",55,895
"1250",55,900
"1251",55,906
"1252",55,940
"1253",55,941
"1254",56,120
"1255",56,184
"1256",56,188
"1257",56,229
"1258",56,277
"1259",56,282
"1260",56,303
"1261",56,387
"1262",56,418
"1263",56,432
"1264",56,435
"1265",56,543
"1266",56,588
"1267",56,649
"1268",56,661
"1269",56,664
"1270",56,711
"1271",56,738
"1272",56,750
"1273",56,781
"1274",56,876
"1275",56,916
"1276",56,926
"1277",56,929
"1278",56,940
"1279",56,941
"1280",57,30
"1281",57,42
"1282",57,51
"1283",57,110
"1284",57,112
"1285",57,114
"1286",57,123
"1287",57,188
"1288",57,204
"1289",57,207
"1290",57,229
"1291",57,237
"1292",57,384
"1293",57,496
"1294",57,501
"1295",57,506
"1296",57,595
"1297",57,624
"1298",57,651
"1299",57,726
"1300",57,798
"1301",57,799
"1302",57,884
"1303",57,891
"1304",57,906
"1305",57,912
"1306",57,952
"1307",57,981
"1308",58,55
"1309",58,60
"1310",58,105
"1311",58,188
"1312",58,192
"1313",58,204
"1314",58,264
"1315",58,356
"1316",58,443
"1317",58,445
"1318",58,528
"1319",58,546
"1320",58,567
"1321",58,576
"1322",58,607
"1323",58,664
"1324",58,744
"1325",58,828
"1326",59,6
"1327",59,43
"1328",59,51
"1329",59,56
"1330",59,66
"1331",59,105
"1332",59,110
"1333",59,114
"1334",59,168
"1335",59,171
"1336",59,188
"1337",59,204
"1338",59,432
"1339",59,459
"1340",59,585
"1341",59,588
"1342",59,666
"1343",59,669
"1344",59,687
"1345",59,701
"1346",59,792
"1347",59,828
"1348",59,910
"1349",59,945
"1350",59,975
"1351",60,48
"1352",60,96
"1353",60,105
"1354",60,183
"1355",60,190
"1356",60,342
"1357",60,387
"1358",60,492
"1359",60,624
"1360",60,696
"1361",60,700
"1362",60,744
"1363",60,781
"1364",60,828
"1365",60,870
"1366",60,972
"1367",60,978
"1368",61,6
"1369",61,30
"1370",61,110
"1371",61,122
"1372",61,174
"1373",61,181
"1374",61,188
"1375",61,189
"1376",61,198
"1377",61,237
"1378",61,240
"1379",61,277
"1380",61,372
"1381",61,426
"1382",61,432
"1383",61,545
"1384",61,546
"1385",61,700
"1386",61,705
"1387",61,738
"1388",61,750
"1389",61,768
"1390",61,798
"1391",61,829
"1392",61,837
"1393",61,885
"1394",61,891
"1395",61,916
"1396",61,918
"1397",61,929
"1398",61,930
"1399",61,972
"1400",62,6
"1401",62,28
"1402",62,30
"1403",62,48
"1404",62,60
"1405",62,114
"1406",62,122
"1407",62,184
"1408",62,187
"1409",62,188
"1410",62,222
"1411",62,399
"1412",62,432
"1413",62,483
"1414",62,564
"1415",62,588
"1416",62,594
"1417",62,660
"1418",62,669
"1419",62,678
"1420",62,711
"1421",62,807
"1422",62,916
"1423",62,917
"1424",62,927
"1425",62,936
"1426",62,942
"1427",63,66
"1428",63,204
"1429",63,426
"1430",63,488
"1431",63,534
"1432",63,661
"1433",63,672
"1434",63,687
"1435",63,696
"1436",63,699
"1437",63,786
"1438",63,804
"1439",63,807
"1440",63,847
"1441",63,864
"1442",63,895
"1443",63,909
"1444",63,918
"1445",63,929
"1446",63,951
"1447",64,54
"1448",64,184
"1449",64,188
"1450",64,229
"1451",64,277
"1452",64,285
"1453",64,400
"1454",64,432
"1455",64,435
"1456",64,545
"1457",64,571
"1458",64,606
"1459",64,654
"1460",64,666
"1461",64,701
"1462",64,829
"1463",64,837
"1464",64,846
"1465",64,894
"1466",64,906
"1467",64,912
"1468",65,48
"1469",65,105
"1470",65,170
"1471",65,188
"1472",65,209
"1473",65,225
"1474",65,423
"1475",65,545
"1476",65,588
"1477",65,654
"1478",65,744
"1479",65,780
"1480",65,831
"1481",65,834
"1482",65,884
"1483",65,929
"1484",65,954
"1485",66,6
"1486",66,55
"1487",66,122
"1488",66,188
"1489",66,265
"1490",66,277
"1491",66,358
"1492",66,375
"1493",66,645
"1494",66,662
"1495",66,663
"1496",66,780
"1497",66,781
"1498",66,804
"1499",66,819
"1500",66,828
"1501",66,874
"1502",66,884
"1503",67,43
"1504",67,105
"1505",67,110
"1506",67,122
"1507",67,198
"1508",67,393
"1509",67,513
"1510",67,540
"1511",67,642
"1512",67,669
"1513",67,672
"1514",67,701
"1515",67,708
"1516",67,750
"1517",67,759
"1518",67,855
"1519",67,894
"1520",67,929
"1521",67,954
"1522",68,6
"1523",68,28
"1524",68,43
"1525",68,110
"1526",68,156
"1527",68,170
"1528",68,188
"1529",68,207
"1530",68,214
"1531",68,240
"1532",68,276
"1533",68,288
"1534",68,414
"1535",68,418
"1536",68,432
"1537",68,483
"1538",68,496
"1539",68,506
"1540",68,594
"1541",68,621
"1542",68,651
"1543",68,781
"1544",68,819
"1545",68,829
"1546",68,855
"1547",68,867
"1548",68,936
"1549",68,940
"1550",68,941
"1551",69,54
"1552",69,128
"1553",69,173
"1554",69,184
"1555",69,188
"1556",69,229
"1557",69,277
"1558",69,381
"1559",69,423
"1560",69,426
"1561",69,443
"1562",69,570
"1563",69,585
"1564",69,624
"1565",69,645
"1566",69,687
"1567",69,720
"1568",69,816
"1569",69,822
"1570",69,885
"1571",69,886
"1572",69,928
"1573",69,936
"1574",70,54
"1575",70,102
"1576",70,109
"1577",70,207
"1578",70,225
"1579",70,229
"1580",70,277
"1581",70,344
"1582",70,418
"1583",70,528
"1584",70,591
"1585",70,690
"1586",70,804
"1587",70,831
"1588",70,910
"1589",70,940
"1590",70,941
"1591",70,957
"1592",71,6
"1593",71,97
"1594",71,109
"1595",71,111
"1596",71,115
"1597",71,187
"1598",71,188
"1599",71,190
"1600",71,432
"1601",71,507
"1602",71,588
"1603",71,642
"1604",71,663
"1605",71,721
"1606",71,791
"1607",71,895
"1608",71,918
"1609",71,929
"1610",71,981
"1611",72,6
"1612",72,34
"1613",72,48
"1614",72,97
"1615",72,184
"1616",72,188
"1617",72,189
"1618",72,192
"1619",72,229
"1620",72,277
"1621",72,456
"1622",72,517
"1623",72,588
"1624",72,597
"1625",72,750
"1626",72,794
"1627",72,856
"1628",72,873
"1629",72,916
"1630",72,929
"1631",72,972
"1632",73,6
"1633",73,105
"1634",73,258
"1635",73,408
"1636",73,443
"1637",73,450
"1638",73,545
"1639",73,666
"1640",73,781
"1641",73,846
"1642",73,855
"1643",73,867
"1644",73,906
"1645",73,929
"1646",73,951
"1647",73,954
"1648",74,105
"1649",74,110
"1650",74,122
"1651",74,188
"1652",74,198
"1653",74,285
"1654",74,423
"1655",74,558
"1656",74,642
"1657",74,672
"1658",74,700
"1659",74,781
"1660",74,813
"1661",74,895
"1662",74,900
"1663",74,922
"1664",74,940
"1665",74,941
"1666",75,30
"1667",75,60
"1668",75,105
"1669",75,138
"1670",75,188
"1671",75,204
"1672",75,214
"1673",75,263
"1674",75,276
"1675",75,300
"1676",75,399
"1677",75,400
"1678",75,432
"1679",75,450
"1680",75,495
"1681",75,555
"1682",75,588
"1683",75,606
"1684",75,654
"1685",75,658
"1686",75,661
"1687",75,701
"1688",75,804
"1689",75,828
"1690",75,837
"1691",75,840
"1692",75,888
"1693",75,930
"1694",75,937
"1695",76,21
"1696",76,33
"1697",76,41
"1698",76,54
"1699",76,75
"1700",76,110
"1701",76,188
"1702",76,210
"1703",76,214
"1704",76,229
"1705",76,282
"1706",76,285
"1707",76,357
"1708",76,375
"1709",76,384
"1710",76,417
"1711",76,423
"1712",76,432
"1713",76,462
"1714",76,475
"1715",76,504
"1716",76,516
"1717",76,525
"1718",76,555
"1719",76,588
"1720",76,666
"1721",76,700
"1722",76,750
"1723",76,781
"1724",76,798
"1725",76,885
"1726",76,895
"1727",76,916
"1728",76,922
"1729",76,929
"1730",76,939
"1731",77,54
"1732",77,67
"1733",77,96
"1734",77,188
"1735",77,211
"1736",77,282
"1737",77,342
"1738",77,356
"1739",77,384
"1740",77,570
"1741",77,615
"1742",77,744
"1743",77,781
"1744",77,804
"1745",77,810
"1746",77,856
"1747",77,895
"1748",77,910
"1749",77,939
"1750",78,6
"1751",78,30
"1752",78,70
"1753",78,180
"1754",78,188
"1755",78,204
"1756",78,215
"1757",78,225
"1758",78,229
"1759",78,384
"1760",78,483
"1761",78,495
"1762",78,602
"1763",78,654
"1764",78,661
"1765",78,662
"1766",78,672
"1767",78,714
"1768",78,744
"1769",78,747
"1770",78,777
"1771",78,798
"1772",78,814
"1773",78,815
"1774",78,817
"1775",78,843
"1776",78,929
"1777",79,6
"1778",79,34
"1779",79,55
"1780",79,105
"1781",79,109
"1782",79,168
"1783",79,393
"1784",79,588
"1785",79,594
"1786",79,624
"1787",79,645
"1788",79,672
"1789",79,678
"1790",79,681
"1791",79,701
"1792",79,885
"1793",79,929
"1794",79,966
"1795",80,122
"1796",80,180
"1797",80,189
"1798",80,190
"1799",80,465
"1800",80,555
"1801",80,666
"1802",80,791
"1803",80,819
"1804",80,834
"1805",80,884
"1806",80,929
"1807",81,37
"1808",81,41
"1809",81,54
"1810",81,81
"1811",81,183
"1812",81,184
"1813",81,188
"1814",81,282
"1815",81,438
"1816",81,615
"1817",81,642
"1818",81,672
"1819",81,701
"1820",81,781
"1821",81,930
"1822",82,41
"1823",82,110
"1824",82,122
"1825",82,144
"1826",82,183
"1827",82,188
"1828",82,189
"1829",82,190
"1830",82,363
"1831",82,372
"1832",82,399
"1833",82,408
"1834",82,432
"1835",82,456
"1836",82,525
"1837",82,661
"1838",82,666
"1839",82,744
"1840",82,750
"1841",82,781
"1842",82,895
"1843",82,916
"1844",82,917
"1845",82,922
"1846",82,927
"1847",82,929
"1848",82,948
"1849",82,954
"1850",82,978
"1851",83,27
"1852",83,187
"1853",83,188
"1854",83,189
"1855",83,190
"1856",83,282
"1857",83,336
"1858",83,418
"1859",83,483
"1860",83,558
"1861",83,600
"1862",83,661
"1863",83,687
"1864",83,705
"1865",83,769
"1866",83,786
"1867",83,795
"1868",83,896
"1869",83,918
"1870",83,929
"1871",83,940
"1872",83,941
"1873",84,70
"1874",84,188
"1875",84,204
"1876",84,567
"1877",84,594
"1878",84,624
"1879",84,661
"1880",84,662
"1881",84,672
"1882",84,687
"1883",84,781
"1884",84,782
"1885",84,791
"1886",84,867
"1887",84,900
"1888",84,936
"1889",84,978
"1890",85,51
"1891",85,108
"1892",85,170
"1893",85,183
"1894",85,184
"1895",85,188
"1896",85,204
"1897",85,277
"1898",85,300
"1899",85,423
"1900",85,432
"1901",85,495
"1902",85,543
"1903",85,582
"1904",85,672
"1905",85,678
"1906",85,687
"1907",85,700
"1908",85,777
"1909",85,781
"1910",85,843
"1911",85,874
"1912",85,884
"1913",85,928
"1914",86,42
"1915",86,43
"1916",86,105
"1917",86,109
"1918",86,122
"1919",86,201
"1920",86,277
"1921",86,282
"1922",86,300
"1923",86,432
"1924",86,439
"1925",86,459
"1926",86,588
"1927",86,661
"1928",86,669
"1929",86,729
"1930",86,744
"1931",86,781
"1932",86,922
"1933",86,942
"1934",86,948
"1935",87,6
"1936",87,42
"1937",87,110
"1938",87,122
"1939",87,162
"1940",87,187
"1941",87,188
"1942",87,400
"1943",87,402
"1944",87,412
"1945",87,417
"1946",87,418
"1947",87,432
"1948",87,516
"1949",87,543
"1950",87,588
"1951",87,636
"1952",87,661
"1953",87,690
"1954",87,713
"1955",87,714
"1956",87,726
"1957",87,759
"1958",87,817
"1959",87,819
"1960",87,873
"1961",87,900
"1962",87,926
"1963",87,940
"1964",87,941
"1965",87,969
"1966",88,47
"1967",88,48
"1968",88,105
"1969",88,111
"1970",88,115
"1971",88,122
"1972",88,183
"1973",88,188
"1974",88,240
"1975",88,336
"1976",88,399
"1977",88,400
"1978",88,401
"1979",88,432
"1980",88,450
"1981",88,475
"1982",88,483
"1983",88,495
"1984",88,496
"1985",88,502
"1986",88,503
"1987",88,506
"1988",88,543
"1989",88,546
"1990",88,558
"1991",88,591
"1992",88,666
"1993",88,701
"1994",88,732
"1995",88,750
"1996",88,807
"1997",88,828
"1998",88,829
"1999",88,874
"2000",88,884
"2001",88,907
"2002",88,912
"2003",88,916
"2004",88,927
"2005",88,929
"2006",88,936
"2007",88,940
"2008",88,941
"2009",88,952
"2010",88,978
"2011",89,54
"2012",89,105
"2013",89,108
"2014",89,174
"2015",89,184
"2016",89,188
"2017",89,214
"2018",89,219
"2019",89,277
"2020",89,318
"2021",89,418
"2022",89,432
"2023",89,475
"2024",89,545
"2025",89,585
"2026",89,687
"2027",89,744
"2028",89,810
"2029",89,922
"2030",89,929
"2031",89,940
"2032",89,941
"2033",89,945
"2034",90,21
"2035",90,35
"2036",90,43
"2037",90,55
"2038",90,123
"2039",90,195
"2040",90,207
"2041",90,400
"2042",90,432
"2043",90,443
"2044",90,498
"2045",90,545
"2046",90,565
"2047",90,576
"2048",90,633
"2049",90,654
"2050",90,723
"2051",90,804
"2052",90,837
"2053",90,885
"2054",90,895
"2055",90,951
"2056",90,981
"2057",91,37
"2058",91,75
"2059",91,90
"2060",91,110
"2061",91,120
"2062",91,170
"2063",91,188
"2064",91,282
"2065",91,288
"2066",91,375
"2067",91,483
"2068",91,549
"2069",91,589
"2070",91,624
"2071",91,660
"2072",91,666
"2073",91,798
"2074",91,828
"2075",91,978
"2076",92,105
"2077",92,108
"2078",92,122
"2079",92,188
"2080",92,408
"2081",92,477
"2082",92,501
"2083",92,506
"2084",92,654
"2085",92,666
"2086",92,710
"2087",92,831
"2088",92,832
"2089",92,906
"2090",93,30
"2091",93,41
"2092",93,54
"2093",93,70
"2094",93,184
"2095",93,188
"2096",93,201
"2097",93,208
"2098",93,234
"2099",93,282
"2100",93,402
"2101",93,540
"2102",93,564
"2103",93,601
"2104",93,678
"2105",93,699
"2106",93,721
"2107",93,750
"2108",93,781
"2109",93,782
"2110",93,846
"2111",93,847
"2112",93,885
"2113",93,975
"2114",93,981
"2115",94,6
"2116",94,162
"2117",94,187
"2118",94,188
"2119",94,204
"2120",94,210
"2121",94,282
"2122",94,351
"2123",94,357
"2124",94,358
"2125",94,375
"2126",94,423
"2127",94,432
"2128",94,496
"2129",94,506
"2130",94,528
"2131",94,545
"2132",94,588
"2133",94,624
"2134",94,633
"2135",94,690
"2136",94,777
"2137",94,798
"2138",94,816
"2139",94,847
"2140",94,888
"2141",94,894
"2142",94,929
"2143",94,936
"2144",94,951
"2145",94,972
"2146",95,28
"2147",95,54
"2148",95,108
"2149",95,187
"2150",95,188
"2151",95,210
"2152",95,277
"2153",95,282
"2154",95,333
"2155",95,336
"2156",95,417
"2157",95,516
"2158",95,545
"2159",95,588
"2160",95,705
"2161",95,720
"2162",95,847
"2163",95,885
"2164",95,930
"2165",95,936
"2166",96,28
"2167",96,109
"2168",96,122
"2169",96,147
"2170",96,187
"2171",96,188
"2172",96,189
"2173",96,190
"2174",96,198
"2175",96,273
"2176",96,277
"2177",96,285
"2178",96,408
"2179",96,418
"2180",96,424
"2181",96,426
"2182",96,428
"2183",96,507
"2184",96,540
"2185",96,621
"2186",96,622
"2187",96,649
"2188",96,654
"2189",96,666
"2190",96,672
"2191",96,721
"2192",96,774
"2193",96,819
"2194",96,828
"2195",96,846
"2196",96,847
"2197",96,870
"2198",96,884
"2199",96,888
"2200",96,912
"2201",96,926
"2202",96,928
"2203",96,929
"2204",96,940
"2205",96,941
"2206",97,43
"2207",97,110
"2208",97,129
"2209",97,183
"2210",97,204
"2211",97,288
"2212",97,342
"2213",97,400
"2214",97,483
"2215",97,492
"2216",97,496
"2217",97,506
"2218",97,543
"2219",97,609
"2220",97,699
"2221",97,700
"2222",97,794
"2223",97,822
"2224",97,847
"2225",97,864
"2226",97,867
"2227",97,940
"2228",97,941
"2229",97,952
"2230",97,963
"2231",98,21
"2232",98,51
"2233",98,60
"2234",98,156
"2235",98,183
"2236",98,188
"2237",98,198
"2238",98,207
"2239",98,277
"2240",98,400
"2241",98,408
"2242",98,432
"2243",98,506
"2244",98,545
"2245",98,602
"2246",98,828
"2247",98,831
"2248",98,847
"2249",99,37
"2250",99,105
"2251",99,188
"2252",99,356
"2253",99,418
"2254",99,475
"2255",99,497
"2256",99,503
"2257",99,506
"2258",99,516
"2259",99,609
"2260",99,701
"2261",99,847
"2262",99,901
"2263",99,906
"2264",99,921
"2265",99,928
"2266",99,952
"2267",100,51
"2268",100,108
"2269",100,184
"2270",100,188
"2271",100,212
"2272",100,277
"2273",100,285
"2274",100,381
"2275",100,400
"2276",100,418
"2277",100,432
"2278",100,465
"2279",100,531
"2280",100,545
"2281",100,753
"2282",100,769
"2283",100,794
"2284",100,816
"2285",100,847
"2286",100,888
"2287",100,912
"2288",100,916
"2289",100,929
"2290",100,940
"2291",100,941
"2292",100,966
"2293",101,120
"2294",101,183
"2295",101,189
"2296",101,190
"2297",101,237
"2298",101,264
"2299",101,405
"2300",101,408
"2301",101,418
"2302",101,465
"2303",101,545
"2304",101,588
"2305",101,666
"2306",101,700
"2307",101,723
"2308",101,744
"2309",101,783
"2310",101,794
"2311",101,828
"2312",101,847
"2313",101,912
"2314",101,940
"2315",101,941
"2316",101,981
"2317",102,42
"2318",102,54
"2319",102,110
"2320",102,122
"2321",102,170
"2322",102,188
"2323",102,316
"2324",102,375
"2325",102,408
"2326",102,418
"2327",102,475
"2328",102,483
"2329",102,499
"2330",102,570
"2331",102,645
"2332",102,726
"2333",102,847
"2334",102,888
"2335",102,916
"2336",102,926
"2337",102,929
"2338",102,936
"2339",102,940
"2340",102,941
"2341",102,942
"2342",103,6
"2343",103,33
"2344",103,35
"2345",103,36
"2346",103,162
"2347",103,170
"2348",103,188
"2349",103,210
"2350",103,492
"2351",103,506
"2352",103,642
"2353",103,661
"2354",103,690
"2355",103,701
"2356",103,729
"2357",103,804
"2358",103,816
"2359",103,847
"2360",103,895
"2361",103,910
"2362",103,916
"2363",103,937
"2364",103,954
"2365",103,981
"2366",104,33
"2367",104,105
"2368",104,110
"2369",104,190
"2370",104,282
"2371",104,378
"2372",104,400
"2373",104,401
"2374",104,411
"2375",104,412
"2376",104,432
"2377",104,475
"2378",104,495
"2379",104,496
"2380",104,503
"2381",104,506
"2382",104,543
"2383",104,666
"2384",104,681
"2385",104,701
"2386",104,735
"2387",104,744
"2388",104,816
"2389",104,826
"2390",104,847
"2391",104,867
"2392",104,896
"2393",104,906
"2394",104,912
"2395",104,916
"2396",104,917
"2397",104,927
"2398",104,929
"2399",104,936
"2400",104,945
"2401",104,952
"2402",105,30
"2403",105,43
"2404",105,55
"2405",105,105
"2406",105,109
"2407",105,201
"2408",105,204
"2409",105,213
"2410",105,459
"2411",105,495
"2412",105,525
"2413",105,543
"2414",105,624
"2415",105,651
"2416",105,654
"2417",105,658
"2418",105,661
"2419",105,684
"2420",105,720
"2421",105,721
"2422",105,780
"2423",105,781
"2424",105,822
"2425",105,847
"2426",105,884
"2427",105,885
"2428",105,906
"2429",105,929
"2430",105,957
"2431",105,960
"2432",105,972
"2433",106,6
"2434",106,37
"2435",106,54
"2436",106,59
"2437",106,188
"2438",106,265
"2439",106,294
"2440",106,399
"2441",106,531
"2442",106,588
"2443",106,613
"2444",106,666
"2445",106,669
"2446",106,690
"2447",106,828
"2448",106,847
"2449",106,896
"2450",106,929
"2451",107,28
"2452",107,43
"2453",107,67
"2454",107,187
"2455",107,198
"2456",107,264
"2457",107,277
"2458",107,285
"2459",107,432
"2460",107,474
"2461",107,666
"2462",107,690
"2463",107,781
"2464",107,828
"2465",107,846
"2466",107,847
"2467",107,879
"2468",107,916
"2469",107,927
"2470",107,951
"2471",107,957
"2472",108,28
"2473",108,30
"2474",108,42
"2475",108,43
"2476",108,105
"2477",108,110
"2478",108,122
"2479",108,210
"2480",108,237
"2481",108,252
"2482",108,273
"2483",108,277
"2484",108,285
"2485",108,351
"2486",108,450
"2487",108,495
"2488",108,537
"2489",108,555
"2490",108,588
"2491",108,633
"2492",108,700
"2493",108,744
"2494",108,781
"2495",108,837
"2496",108,847
"2497",108,951
"2498",109,43
"2499",109,55
"2500",109,109
"2501",109,188
"2502",109,208
"2503",109,307
"2504",109,326
"2505",109,506
"2506",109,570
"2507",109,588
"2508",109,595
"2509",109,663
"2510",109,700
"2511",109,834
"2512",109,847
"2513",109,873
"2514",109,876
"2515",109,884
"2516",109,906
"2517",109,912
"2518",109,928
"2519",110,165
"2520",110,190
"2521",110,201
"2522",110,277
"2523",110,285
"2524",110,329
"2525",110,375
"2526",110,488
"2527",110,522
"2528",110,558
"2529",110,678
"2530",110,700
"2531",110,702
"2532",110,790
"2533",110,791
"2534",110,798
"2535",110,847
"2536",110,864
"2537",110,918
"2538",110,924
"2539",110,939
"2540",110,957
"2541",110,978
"2542",111,6
"2543",111,110
"2544",111,111
"2545",111,114
"2546",111,187
"2547",111,188
"2548",111,219
"2549",111,229
"2550",111,432
"2551",111,488
"2552",111,506
"2553",111,528
"2554",111,565
"2555",111,654
"2556",111,657
"2557",111,666
"2558",111,699
"2559",111,700
"2560",111,741
"2561",111,781
"2562",111,782
"2563",111,846
"2564",111,847
"2565",111,855
"2566",111,876
"2567",111,924
"2568",111,929
"2569",112,37
"2570",112,41
"2571",112,54
"2572",112,102
"2573",112,109
"2574",112,170
"2575",112,180
"2576",112,188
"2577",112,198
"2578",112,366
"2579",112,412
"2580",112,439
"2581",112,440
"2582",112,445
"2583",112,483
"2584",112,555
"2585",112,588
"2586",112,741
"2587",112,894
"2588",112,936
"2589",112,966
"2590",113,97
"2591",113,336
"2592",113,468
"2593",113,503
"2594",113,506
"2595",113,582
"2596",113,618
"2597",113,645
"2598",113,661
"2599",113,717
"2600",113,721
"2601",113,741
"2602",113,744
"2603",113,759
"2604",113,819
"2605",113,847
"2606",113,909
"2607",113,937
"2608",114,105
"2609",114,109
"2610",114,122
"2611",114,153
"2612",114,188
"2613",114,201
"2614",114,204
"2615",114,277
"2616",114,285
"2617",114,418
"2618",114,423
"2619",114,432
"2620",114,462
"2621",114,516
"2622",114,534
"2623",114,642
"2624",114,672
"2625",114,721
"2626",114,781
"2627",114,782
"2628",114,783
"2629",114,822
"2630",114,847
"2631",114,888
"2632",114,921
"2633",114,940
"2634",114,941
"2635",115,30
"2636",115,188
"2637",115,198
"2638",115,229
"2639",115,277
"2640",115,417
"2641",115,418
"2642",115,432
"2643",115,545
"2644",115,588
"2645",115,601
"2646",115,622
"2647",115,661
"2648",115,669
"2649",115,700
"2650",115,781
"2651",115,804
"2652",115,847
"2653",115,894
"2654",115,906
"2655",115,936
"2656",115,940
"2657",115,941
"2658",116,6
"2659",116,34
"2660",116,41
"2661",116,115
"2662",116,184
"2663",116,187
"2664",116,188
"2665",116,195
"2666",116,204
"2667",116,206
"2668",116,229
"2669",116,333
"2670",116,378
"2671",116,506
"2672",116,525
"2673",116,571
"2674",116,723
"2675",116,807
"2676",116,828
"2677",116,847
"2678",116,936
"2679",116,937
"2680",117,48
"2681",117,105
"2682",117,188
"2683",117,229
"2684",117,277
"2685",117,384
"2686",117,426
"2687",117,555
"2688",117,588
"2689",117,720
"2690",117,777
"2691",117,847
"2692",117,885
"2693",117,927
"2694",117,929
"2695",117,945
"2696",118,105
"2697",118,110
"2698",118,190
"2699",118,282
"2700",118,303
"2701",118,408
"2702",118,412
"2703",118,418
"2704",118,432
"2705",118,483
"2706",118,513
"2707",118,531
"2708",118,537
"2709",118,543
"2710",118,549
"2711",118,588
"2712",118,721
"2713",118,741
"2714",118,819
"2715",118,847
"2716",118,855
"2717",118,894
"2718",118,912
"2719",118,918
"2720",118,929
"2721",118,936
"2722",118,940
"2723",118,941
"2724",119,6
"2725",119,37
"2726",119,54
"2727",119,168
"2728",119,174
"2729",119,188
"2730",119,204
"2731",119,400
"2732",119,402
"2733",119,462
"2734",119,495
"2735",119,496
"2736",119,506
"2737",119,567
"2738",119,570
"2739",119,654
"2740",119,666
"2741",119,732
"2742",119,744
"2743",119,819
"2744",119,847
"2745",119,873
"2746",119,876
"2747",119,936
"2748",119,939
"2749",119,952
"2750",120,54
"2751",120,170
"2752",120,188
"2753",120,189
"2754",120,229
"2755",120,277
"2756",120,351
"2757",120,363
"2758",120,567
"2759",120,585
"2760",120,661
"2761",120,664
"2762",120,696
"2763",120,705
"2764",120,721
"2765",120,726
"2766",120,781
"2767",120,783
"2768",120,816
"2769",120,855
"2770",120,873
"2771",120,885
"2772",120,896
"2773",120,921
"2774",120,922
"2775",121,48
"2776",121,55
"2777",121,66
"2778",121,105
"2779",121,188
"2780",121,195
"2781",121,201
"2782",121,225
"2783",121,229
"2784",121,246
"2785",121,273
"2786",121,277
"2787",121,279
"2788",121,282
"2789",121,315
"2790",121,351
"2791",121,432
"2792",121,443
"2793",121,462
"2794",121,528
"2795",121,585
"2796",121,588
"2797",121,591
"2798",121,615
"2799",121,657
"2800",121,726
"2801",121,813
"2802",121,837
"2803",121,840
"2804",121,847
"2805",121,874
"2806",121,888
"2807",121,909
"2808",121,948
"2809",122,43
"2810",122,122
"2811",122,188
"2812",122,190
"2813",122,282
"2814",122,315
"2815",122,360
"2816",122,363
"2817",122,432
"2818",122,495
"2819",122,507
"2820",122,513
"2821",122,516
"2822",122,543
"2823",122,582
"2824",122,594
"2825",122,666
"2826",122,681
"2827",122,819
"2828",122,828
"2829",122,834
"2830",122,847
"2831",122,884
"2832",122,885
"2833",122,909
"2834",122,912
"2835",122,918
"2836",122,966
"2837",123,6
"2838",123,54
"2839",123,70
"2840",123,105
"2841",123,123
"2842",123,190
"2843",123,249
"2844",123,264
"2845",123,267
"2846",123,285
"2847",123,376
"2848",123,383
"2849",123,393
"2850",123,598
"2851",123,655
"2852",123,678
"2853",123,705
"2854",123,744
"2855",123,769
"2856",123,847
"2857",123,885
"2858",123,951
"2859",123,966
"2860",124,28
"2861",124,35
"2862",124,37
"2863",124,39
"2864",124,47
"2865",124,57
"2866",124,108
"2867",124,171
"2868",124,174
"2869",124,184
"2870",124,187
"2871",124,188
"2872",124,384
"2873",124,396
"2874",124,418
"2875",124,432
"2876",124,465
"2877",124,483
"2878",124,495
"2879",124,496
"2880",124,501
"2881",124,502
"2882",124,503
"2883",124,506
"2884",124,588
"2885",124,661
"2886",124,666
"2887",124,675
"2888",124,699
"2889",124,701
"2890",124,771
"2891",124,819
"2892",124,847
"2893",124,884
"2894",124,940
"2895",124,941
"2896",124,952
"2897",124,980
"2898",125,33
"2899",125,36
"2900",125,60
"2901",125,97
"2902",125,110
"2903",125,120
"2904",125,188
"2905",125,204
"2906",125,205
"2907",125,418
"2908",125,498
"2909",125,499
"2910",125,501
"2911",125,597
"2912",125,615
"2913",125,624
"2914",125,645
"2915",125,661
"2916",125,669
"2917",125,713
"2918",125,714
"2919",125,741
"2920",125,744
"2921",125,786
"2922",125,816
"2923",125,847
"2924",125,884
"2925",125,926
"2926",125,936
"2927",125,940
"2928",125,941
"2929",125,942
"2930",125,951
"2931",126,69
"2932",126,97
"2933",126,116
"2934",126,188
"2935",126,205
"2936",126,265
"2937",126,330
"2938",126,443
"2939",126,462
"2940",126,624
"2941",126,645
"2942",126,669
"2943",126,714
"2944",126,744
"2945",126,790
"2946",126,791
"2947",126,847
"2948",126,916
"2949",126,937
"2950",127,6
"2951",127,122
"2952",127,189
"2953",127,190
"2954",127,198
"2955",127,209
"2956",127,303
"2957",127,506
"2958",127,660
"2959",127,762
"2960",127,804
"2961",127,814
"2962",127,847
"2963",127,895
"2964",127,936
"2965",127,939
"2966",127,957
"2967",127,969
"2968",128,37
"2969",128,188
"2970",128,204
"2971",128,213
"2972",128,220
"2973",128,300
"2974",128,303
"2975",128,432
"2976",128,483
"2977",128,506
"2978",128,513
"2979",128,585
"2980",128,588
"2981",128,594
"2982",128,624
"2983",128,645
"2984",128,661
"2985",128,687
"2986",128,701
"2987",128,717
"2988",128,720
"2989",128,744
"2990",128,774
"2991",128,777
"2992",128,822
"2993",128,847
"2994",128,858
"2995",128,867
"2996",129,30
"2997",129,43
"2998",129,54
"2999",129,105
"3000",129,114
"3001",129,144
"3002",129,188
"3003",129,265
"3004",129,282
"3005",129,318
"3006",129,356
"3007",129,432
"3008",129,489
"3009",129,495
"3010",129,496
"3011",129,503
"3012",129,506
"3013",129,519
"3014",129,565
"3015",129,624
"3016",129,661
"3017",129,687
"3018",129,744
"3019",129,837
"3020",129,847
"3021",129,918
"3022",129,929
"3023",129,940
"3024",129,941
"3025",129,951
"3026",129,952
"3027",129,957
"3028",129,972
"3029",130,6
"3030",130,21
"3031",130,37
"3032",130,43
"3033",130,122
"3034",130,190
"3035",130,198
"3036",130,207
"3037",130,209
"3038",130,330
"3039",130,400
"3040",130,432
"3041",130,444
"3042",130,475
"3043",130,495
"3044",130,496
"3045",130,506
"3046",130,528
"3047",130,567
"3048",130,588
"3049",130,609
"3050",130,621
"3051",130,654
"3052",130,701
"3053",130,794
"3054",130,804
"3055",130,847
"3056",130,901
"3057",130,939
"3058",130,945
"3059",130,951
"3060",130,952
"3061",131,34
"3062",131,41
"3063",131,188
"3064",131,288
"3065",131,418
"3066",131,483
"3067",131,567
"3068",131,588
"3069",131,661
"3070",131,701
"3071",131,726
"3072",131,735
"3073",131,847
"3074",131,874
"3075",131,884
"3076",131,926
"3077",131,940
"3078",131,941
"3079",132,37
"3080",132,105
"3081",132,114
"3082",132,122
"3083",132,129
"3084",132,184
"3085",132,188
"3086",132,213
"3087",132,270
"3088",132,384
"3089",132,396
"3090",132,412
"3091",132,418
"3092",132,483
"3093",132,555
"3094",132,666
"3095",132,672
"3096",132,701
"3097",132,744
"3098",132,798
"3099",132,846
"3100",132,847
"3101",132,912
"3102",132,928
"3103",132,936
"3104",132,940
"3105",132,941
"3106",133,6
"3107",133,43
"3108",133,51
"3109",133,69
"3110",133,105
"3111",133,109
"3112",133,188
"3113",133,277
"3114",133,360
"3115",133,441
"3116",133,443
"3117",133,475
"3118",133,537
"3119",133,588
"3120",133,669
"3121",133,744
"3122",133,786
"3123",133,794
"3124",133,828
"3125",133,831
"3126",133,847
"3127",133,867
"3128",133,873
"3129",133,895
"3130",133,916
"3131",134,6
"3132",134,43
"3133",134,55
"3134",134,282
"3135",134,412
"3136",134,418
"3137",134,432
"3138",134,443
"3139",134,447
"3140",134,475
"3141",134,495
"3142",134,496
"3143",134,502
"3144",134,503
"3145",134,517
"3146",134,588
"3147",134,615
"3148",134,642
"3149",134,666
"3150",134,769
"3151",134,794
"3152",134,813
"3153",134,832
"3154",134,847
"3155",134,926
"3156",134,929
"3157",134,940
"3158",134,941
"3159",135,6
"3160",135,41
"3161",135,66
"3162",135,97
"3163",135,122
"3164",135,129
"3165",135,183
"3166",135,188
"3167",135,189
"3168",135,190
"3169",135,209
"3170",135,282
"3171",135,356
"3172",135,375
"3173",135,384
"3174",135,390
"3175",135,400
"3176",135,418
"3177",135,432
"3178",135,465
"3179",135,495
"3180",135,496
"3181",135,502
"3182",135,503
"3183",135,506
"3184",135,558
"3185",135,588
"3186",135,621
"3187",135,654
"3188",135,663
"3189",135,666
"3190",135,696
"3191",135,747
"3192",135,783
"3193",135,804
"3194",135,807
"3195",135,822
"3196",135,831
"3197",135,837
"3198",135,847
"3199",135,858
"3200",135,888
"3201",135,901
"3202",135,916
"3203",135,917
"3204",135,929
"3205",135,939
"3206",135,940
"3207",135,941
"3208",135,945
"3209",135,952
"3210",135,978
"3211",135,980
"3212",136,122
"3213",136,183
"3214",136,188
"3215",136,189
"3216",136,190
"3217",136,209
"3218",136,282
"3219",136,390
"3220",136,400
"3221",136,401
"3222",136,418
"3223",136,432
"3224",136,465
"3225",136,588
"3226",136,606
"3227",136,666
"3228",136,696
"3229",136,783
"3230",136,794
"3231",136,804
"3232",136,807
"3233",136,822
"3234",136,831
"3235",136,837
"3236",136,847
"3237",136,858
"3238",136,867
"3239",136,916
"3240",136,917
"3241",136,926
"3242",136,929
"3243",136,940
"3244",136,941
"3245",136,954
"3246",136,972
"3247",136,978
"3248",136,980
"3249",137,6
"3250",137,42
"3251",137,97
"3252",137,109
"3253",137,110
"3254",137,123
"3255",137,129
"3256",137,187
"3257",137,188
"3258",137,189
"3259",137,204
"3260",137,356
"3261",137,366
"3262",137,373
"3263",137,382
"3264",137,432
"3265",137,456
"3266",137,475
"3267",137,503
"3268",137,506
"3269",137,516
"3270",137,828
"3271",137,831
"3272",137,856
"3273",137,870
"3274",137,891
"3275",137,939
"3276",137,951
"3277",138,54
"3278",138,108
"3279",138,198
"3280",138,282
"3281",138,285
"3282",138,366
"3283",138,517
"3284",138,545
"3285",138,588
"3286",138,598
"3287",138,654
"3288",138,660
"3289",138,672
"3290",138,696
"3291",138,744
"3292",138,747
"3293",138,781
"3294",138,782
"3295",138,847
"3296",138,874
"3297",138,900
"3298",138,937
"3299",138,981
"3300",139,48
"3301",139,97
"3302",139,114
"3303",139,183
"3304",139,195
"3305",139,265
"3306",139,413
"3307",139,418
"3308",139,475
"3309",139,477
"3310",139,565
"3311",139,666
"3312",139,678
"3313",139,713
"3314",139,714
"3315",139,717
"3316",139,721
"3317",139,726
"3318",139,769
"3319",139,822
"3320",139,847
"3321",139,885
"3322",139,897
"3323",139,940
"3324",139,941
"3325",139,963
"3326",140,34
"3327",140,35
"3328",140,55
"3329",140,60
"3330",140,174
"3331",140,175
"3332",140,188
"3333",140,211
"3334",140,219
"3335",140,277
"3336",140,360
"3337",140,432
"3338",140,450
"3339",140,483
"3340",140,506
"3341",140,528
"3342",140,545
"3343",140,588
"3344",140,616
"3345",140,681
"3346",140,690
"3347",140,701
"3348",140,726
"3349",140,828
"3350",140,847
"3351",140,884
"3352",140,895
"3353",141,6
"3354",141,37
"3355",141,43
"3356",141,110
"3357",141,122
"3358",141,144
"3359",141,213
"3360",141,300
"3361",141,387
"3362",141,465
"3363",141,507
"3364",141,588
"3365",141,687
"3366",141,701
"3367",141,847
"3368",141,909
"3369",141,912
"3370",141,924
"3371",141,929
"3372",142,34
"3373",142,41
"3374",142,43
"3375",142,54
"3376",142,75
"3377",142,122
"3378",142,180
"3379",142,181
"3380",142,184
"3381",142,188
"3382",142,199
"3383",142,201
"3384",142,214
"3385",142,216
"3386",142,234
"3387",142,258
"3388",142,282
"3389",142,315
"3390",142,342
"3391",142,475
"3392",142,498
"3393",142,499
"3394",142,503
"3395",142,534
"3396",142,558
"3397",142,588
"3398",142,666
"3399",142,675
"3400",142,701
"3401",142,828
"3402",142,847
"3403",142,879
"3404",142,912
"3405",142,916
"3406",142,917
"3407",143,47
"3408",143,115
"3409",143,181
"3410",143,188
"3411",143,204
"3412",143,229
"3413",143,277
"3414",143,318
"3415",143,545
"3416",143,654
"3417",143,666
"3418",143,884
"3419",143,895
"3420",143,916
"3421",143,929
"3422",143,972
"3423",144,6
"3424",144,28
"3425",144,105
"3426",144,109
"3427",144,168
"3428",144,198
"3429",144,211
"3430",144,277
"3431",144,397
"3432",144,432
"3433",144,540
"3434",144,555
"3435",144,564
"3436",144,624
"3437",144,666
"3438",144,672
"3439",144,819
"3440",144,828
"3441",144,885
"3442",144,906
"3443",144,937
"3444",145,6
"3445",145,33
"3446",145,34
"3447",145,55
"3448",145,189
"3449",145,190
"3450",145,225
"3451",145,303
"3452",145,351
"3453",145,366
"3454",145,432
"3455",145,537
"3456",145,540
"3457",145,661
"3458",145,663
"3459",145,678
"3460",145,794
"3461",145,801
"3462",145,855
"3463",145,912
"3464",146,264
"3465",146,465
"3466",146,501
"3467",146,545
"3468",146,595
"3469",146,687
"3470",146,826
"3471",146,831
"3472",146,924
"3473",146,929
"3474",146,978
"3475",147,6
"3476",147,42
"3477",147,53
"3478",147,188
"3479",147,201
"3480",147,216
"3481",147,225
"3482",147,336
"3483",147,400
"3484",147,401
"3485",147,405
"3486",147,412
"3487",147,438
"3488",147,439
"3489",147,440
"3490",147,504
"3491",147,531
"3492",147,582
"3493",147,633
"3494",147,654
"3495",147,669
"3496",147,672
"3497",147,699
"3498",147,729
"3499",147,781
"3500",147,782
"3501",147,840
"3502",147,847
"3503",147,858
"3504",147,865
"3505",147,867
"3506",147,888
"3507",147,895
"3508",147,972
"3509",148,41
"3510",148,125
"3511",148,126
"3512",148,184
"3513",148,188
"3514",148,201
"3515",148,212
"3516",148,219
"3517",148,229
"3518",148,246
"3519",148,277
"3520",148,321
"3521",148,327
"3522",148,400
"3523",148,453
"3524",148,594
"3525",148,624
"3526",148,658
"3527",148,661
"3528",148,672
"3529",148,701
"3530",148,794
"3531",148,799
"3532",148,810
"3533",148,929
"3534",148,930
"3535",148,972
"3536",149,54
"3537",149,96
"3538",149,105
"3539",149,122
"3540",149,170
"3541",149,184
"3542",149,187
"3543",149,188
"3544",149,212
"3545",149,277
"3546",149,288
"3547",149,315
"3548",149,438
"3549",149,465
"3550",149,498
"3551",149,594
"3552",149,600
"3553",149,606
"3554",149,642
"3555",149,672
"3556",149,798
"3557",149,804
"3558",149,828
"3559",149,847
"3560",149,884
"3561",149,885
"3562",149,906
"3563",149,912
"3564",149,921
"3565",149,928
"3566",149,929
"3567",149,936
"3568",149,939
"3569",150,6
"3570",150,120
"3571",150,129
"3572",150,187
"3573",150,188
"3574",150,204
"3575",150,282
"3576",150,360
"3577",150,432
"3578",150,477
"3579",150,483
"3580",150,492
"3581",150,588
"3582",150,601
"3583",150,666
"3584",150,672
"3585",150,780
"3586",150,781
"3587",150,828
"3588",150,829
"3589",150,840
"3590",150,858
"3591",150,921
"3592",150,929
"3593",151,81
"3594",151,105
"3595",151,110
"3596",151,189
"3597",151,190
"3598",151,237
"3599",151,264
"3600",151,507
"3601",151,531
"3602",151,678
"3603",151,720
"3604",151,744
"3605",151,781
"3606",151,782
"3607",151,819
"3608",151,834
"3609",151,837
"3610",151,843
"3611",151,906
"3612",151,912
"3613",151,929
"3614",151,936
"3615",151,969
"3616",152,60
"3617",152,81
"3618",152,171
"3619",152,184
"3620",152,186
"3621",152,188
"3622",152,229
"3623",152,277
"3624",152,285
"3625",152,348
"3626",152,432
"3627",152,443
"3628",152,543
"3629",152,588
"3630",152,651
"3631",152,701
"3632",152,781
"3633",152,828
"3634",152,916
"3635",152,917
"3636",153,6
"3637",153,48
"3638",153,97
"3639",153,109
"3640",153,111
"3641",153,184
"3642",153,188
"3643",153,211
"3644",153,240
"3645",153,297
"3646",153,417
"3647",153,543
"3648",153,624
"3649",153,649
"3650",153,672
"3651",153,762
"3652",153,791
"3653",153,813
"3654",153,843
"3655",153,916
"3656",153,939
"3657",154,6
"3658",154,33
"3659",154,41
"3660",154,43
"3661",154,51
"3662",154,54
"3663",154,188
"3664",154,209
"3665",154,234
"3666",154,265
"3667",154,426
"3668",154,534
"3669",154,543
"3670",154,555
"3671",154,571
"3672",154,597
"3673",154,649
"3674",154,661
"3675",154,675
"3676",154,693
"3677",154,701
"3678",154,791
"3679",154,895
"3680",154,896
"3681",154,906
"3682",154,936
"3683",154,937
"3684",155,6
"3685",155,30
"3686",155,105
"3687",155,108
"3688",155,170
"3689",155,188
"3690",155,195
"3691",155,198
"3692",155,229
"3693",155,277
"3694",155,354
"3695",155,358
"3696",155,399
"3697",155,459
"3698",155,528
"3699",155,588
"3700",155,654
"3701",155,726
"3702",155,781
"3703",155,916
"3704",155,928
"3705",155,929
"3706",155,966
"3707",156,6
"3708",156,55
"3709",156,56
"3710",156,59
"3711",156,66
"3712",156,69
"3713",156,105
"3714",156,108
"3715",156,110
"3716",156,122
"3717",156,156
"3718",156,183
"3719",156,186
"3720",156,188
"3721",156,189
"3722",156,198
"3723",156,324
"3724",156,327
"3725",156,356
"3726",156,399
"3727",156,432
"3728",156,517
"3729",156,649
"3730",156,655
"3731",156,661
"3732",156,664
"3733",156,678
"3734",156,750
"3735",156,781
"3736",156,782
"3737",156,804
"3738",156,855
"3739",156,888
"3740",156,895
"3741",156,916
"3742",156,927
"3743",156,929
"3744",156,939
"3745",156,978
"3746",157,6
"3747",157,30
"3748",157,54
"3749",157,67
"3750",157,115
"3751",157,122
"3752",157,187
"3753",157,205
"3754",157,212
"3755",157,229
"3756",157,277
"3757",157,315
"3758",157,399
"3759",157,435
"3760",157,488
"3761",157,498
"3762",157,666
"3763",157,781
"3764",157,782
"3765",157,828
"3766",157,870
"3767",157,879
"3768",157,885
"3769",157,895
"3770",157,916
"3771",157,929
"3772",157,936
"3773",157,948
"3774",157,981
"3775",158,6
"3776",158,54
"3777",158,105
"3778",158,110
"3779",158,114
"3780",158,168
"3781",158,201
"3782",158,240
"3783",158,249
"3784",158,267
"3785",158,329
"3786",158,331
"3787",158,336
"3788",158,381
"3789",158,418
"3790",158,432
"3791",158,459
"3792",158,477
"3793",158,513
"3794",158,567
"3795",158,606
"3796",158,630
"3797",158,672
"3798",158,681
"3799",158,700
"3800",158,723
"3801",158,735
"3802",158,741
"3803",158,759
"3804",158,831
"3805",158,847
"3806",158,879
"3807",158,895
"3808",158,896
"3809",158,929
"3810",159,105
"3811",159,110
"3812",159,188
"3813",159,229
"3814",159,277
"3815",159,282
"3816",159,432
"3817",159,495
"3818",159,555
"3819",159,588
"3820",159,666
"3821",159,735
"3822",159,747
"3823",159,759
"3824",159,801
"3825",159,840
"3826",159,884
"3827",159,906
"3828",159,907
"3829",159,916
"3830",159,929
"3831",160,123
"3832",160,190
"3833",160,289
"3834",160,475
"3835",160,498
"3836",160,555
"3837",160,669
"3838",160,672
"3839",160,700
"3840",160,729
"3841",160,750
"3842",160,831
"3843",160,846
"3844",160,916
"3845",160,921
"3846",160,927
"3847",160,929
"3848",160,942
