"","num","colMeansTsZanini","TypeOfSite","WTnt","TSmutrate","EstSelCoeff","WTAA","MUTAA"
"V1",1,0.000206705630732564,"overlap","c",2.41e-05,0.1165909216628,"P","S"
"V2",2,0.000345213002837189,"overlap","c",2.41e-05,0.0698119705860737,"P","L"
"V3",3,0.0010912102030702,"overlap","t",1.11e-05,0.010172192276767,"P","P"
"V4",4,0.00016667416750546,"overlap","c",2.41e-05,0.14459349256513,"Q","*"
"V5",5,0.00028716766673989,"overlap","a",1.11e-05,0.0386533767050249,"Q","R"
"V6",6,0.00167607077498011,"exclude","g",5.48e-05,0.0326955166917999,"Q","Q"
"V7",7,0.000338826514258718,"overlap","a",1.11e-05,0.0327601280681487,"I","V"
"V8",8,0.000948082891588438,"overlap","t",1.11e-05,0.0117078370451373,"I","T"
"V9",9,0.000153646442267706,"overlap","c",2.41e-05,0.156853615640571,"I","I"
"V10",10,0.000999997760451957,"overlap","a",1.11e-05,0.0111000248590389,"T","A"
"V11",11,7.72627142992171e-05,"overlap","c",2.41e-05,0.311922771787014,"T","I"
"V12",12,0.00102245770985095,"overlap","t",1.11e-05,0.0108561947286976,"T","T"
"V13",13,7.08029816183285e-05,"overlap","c",2.41e-05,0.340381145668607,"L","F"
"V14",14,0.000711978139114687,"overlap","t",1.11e-05,0.0155903663191153,"L","P"
"V15",15,0.000124659942908716,"overlap","t",1.11e-05,0.0890422355489777,"L","L"
"V16",16,0.000485429464627506,"overlap","t",1.11e-05,0.0228663499207193,"W","R"
"V17",17,0.000121337619671141,"overlap","g",5.48e-05,0.451632396848756,"W","*"
"V18",18,0.000546649053874216,"overlap","g",5.48e-05,0.100247132253538,"W","*"
"V19",19,0.00023745456482469,"overlap","c",2.41e-05,0.101493100449733,"Q","*"
"V20",20,0.00116623768297364,"overlap","a",1.11e-05,0.00951778540691425,"Q","R"
"V21",21,0.00412456394410499,"exclude","a",1.11e-05,0.00269119357838169,"Q","Q"
"V22",22,0.00020035705310402,"overlap","c",2.41e-05,0.120285258874755,"R","*"
"V23",23,0.000288456548613996,"overlap","g",5.48e-05,0.189976619575144,"R","Q"
"V24",24,0.000892658932339556,"overlap","a",1.11e-05,0.0124347604643446,"R","R"
"V25",25,0.00018859706779935,"overlap","c",2.41e-05,0.127785655849328,"P","S"
"V26",26,0.000231712400055259,"overlap","c",2.41e-05,0.104008244678544,"P","L"
"V27",27,0.000385697251938843,"overlap","c",2.41e-05,0.0624842408880356,"P","P"
"V28",28,0.000592932396284394,"overlap","c",2.41e-05,0.0406454431416169,"L","F"
"V29",29,0.000530662188197345,"overlap","t",1.11e-05,0.0209172619547411,"L","P"
"V30",30,0.014362668776683,"exclude","c",2.41e-05,0.00167796113485016,"L","L"
"V31",31,0.00083687032150702,"overlap","g",5.48e-05,0.0654820688363249,"V","I"
"V32",32,0.000709855833999033,"overlap","t",1.11e-05,0.0156369779163006,"V","A"
"V33",33,0.000962669616314738,"overlap","c",2.41e-05,0.0250345493319493,"V","V"
"V34",34,0.0107246350095805,"exclude","a",1.11e-05,0.00103500025782548,"T","A"
"V35",35,0.000179949662229286,"overlap","c",2.41e-05,0.133926341963858,"T","I"
"V36",36,0.000403837549589805,"overlap","a",1.11e-05,0.0274862999027078,"T","T"
"V37",37,0.00177211920406337,"exclude","a",1.11e-05,0.00626368698818246,"I","V"
"V38",38,0.000164502469975085,"overlap","t",1.11e-05,0.0674761904893049,"I","T"
"V39",39,0.000855539480003237,"overlap","a",1.11e-05,0.0129742697554507,"I","M"
"V40",40,0.00030631943151349,"nonsyn","a",1.11e-05,0.0362366825544046,"K","E"
"V41",41,0.00735206593360272,"nonsyn","a",1.11e-05,0.00150977971365399,"K","R"
"V42",42,0.00870296063105613,"exclude","g",5.48e-05,0.00629670778981219,"K","K"
"V43",43,0.00182672836897389,"exclude","a",1.11e-05,0.00607643708201405,"I","V"
"V44",44,0.000257514678915942,"nonsyn","t",1.11e-05,0.0431043389321634,"I","T"
"V45",45,0.000618925946902904,"nonsyn","a",1.11e-05,0.0179342941680572,"I","M"
"V46",46,0.000795207288606143,"nonsyn","g",5.48e-05,0.0689128492472128,"G","R"
"V47",47,0.00209525953348124,"nonsyn","g",5.48e-05,0.0261542778468835,"G","E"
"V48",48,0.00244878028402357,"exclude","g",5.48e-05,0.022378487918058,"G","G"
"V49",49,0.000434787184059618,"nonsyn","g",5.48e-05,0.126038673652547,"G","R"
"V50",50,0.000405535409716162,"nonsyn","g",5.48e-05,0.135130000209735,"G","E"
"V51",51,0.00531876644516726,"exclude","g",5.48e-05,0.0103031408814336,"G","G"
"V52",52,0.000133738184301676,"stop","c",2.41e-05,0.180202835307208,"Q","*"
"V53",53,0.000655375979209559,"nonsyn","a",1.11e-05,0.0169368428995332,"Q","R"
"V54",54,0.00222604698954275,"exclude","a",1.11e-05,0.00498641765072536,"Q","Q"
"V55",55,0.0218048307626924,"exclude","c",2.41e-05,0.00110525966756113,"L","L"
"V56",56,0.000349121623065599,"nonsyn","t",1.11e-05,0.0317940776699309,"L","P"
"V57",57,0.00063937586897078,"exclude","a",1.11e-05,0.017360680217519,"L","L"
"V58",58,0.000606567034204763,"nonsyn","a",1.11e-05,0.0182997086456448,"K","E"
"V59",59,0.0216673011913244,"nonsyn","a",1.11e-05,0.000512292689430304,"K","R"
"V60",60,0.0207827486119342,"exclude","g",5.48e-05,0.00263680233174412,"K","K"
"V61",61,0.000757381252554317,"nonsyn","g",5.48e-05,0.0723545767936339,"E","K"
"V62",62,0.000766024142826628,"nonsyn","a",1.11e-05,0.0144904049094863,"E","G"
"V63",63,0.00200450607127543,"exclude","a",1.11e-05,0.00553752376162038,"E","E"
"V64",64,0.000524014572361348,"nonsyn","g",5.48e-05,0.104577244394286,"A","T"
"V65",65,0.000161261557786013,"nonsyn","c",2.41e-05,0.149446652574073,"A","V"
"V66",66,0.00547682167585659,"syn","t",1.11e-05,0.00202672291649224,"A","A"
"V67",67,0.00061020809894907,"syn","c",2.41e-05,0.0394947232616319,"L","L"
"V68",68,0.000383812487075061,"nonsyn","t",1.11e-05,0.0289203722489342,"L","P"
"V69",69,0.00956740058256607,"exclude","a",1.11e-05,0.00116018974058917,"L","L"
"V70",70,0.00108914514036489,"syn","t",1.11e-05,0.010191479159776,"L","L"
"V71",71,0.000206778223603793,"nonsyn","t",1.11e-05,0.053680701026181,"L","S"
"V72",72,0.00485236855519275,"syn","a",1.11e-05,0.00228754264515241,"L","L"
"V73",73,0.00059141533833814,"nonsyn","g",5.48e-05,0.0926590780583852,"D","N"
"V74",74,0.00101857924078923,"nonsyn","a",1.11e-05,0.0108975321266113,"D","G"
"V75",75,0.00367346314966167,"exclude","t",1.11e-05,0.00302167179791155,"D","D"
"V76",76,0.00103278237510252,"nonsyn","a",1.11e-05,0.010747665982292,"T","A"
"V77",77,0.000152857897822168,"nonsyn","c",2.41e-05,0.157662772701725,"T","I"
"V78",78,0.0010983263603576,"syn","a",1.11e-05,0.0101062857094553,"T","T"
"V79",79,0.000646689392364113,"nonsyn","g",5.48e-05,0.0847392900626787,"G","R"
"V80",80,0.000173334043465346,"nonsyn","g",5.48e-05,0.316152550903573,"G","E"
"V81",81,0.00178570929813184,"syn","a",1.11e-05,0.00621601736162349,"G","G"
"V82",82,0.000191505439074299,"nonsyn","g",5.48e-05,0.28615375242026,"A","T"
"V83",83,0.000249110753182506,"nonsyn","c",2.41e-05,0.0967441175947296,"A","V"
"V84",84,0.00267407552370024,"syn","a",1.11e-05,0.00415096727883005,"A","A"
"V85",85,0.000118488960342878,"nonsyn","g",5.48e-05,0.462490343753733,"D","N"
"V86",86,0.000931730953361649,"nonsyn","a",1.11e-05,0.0119133103391614,"D","G"
"V87",87,0.0032060635878819,"syn","t",1.11e-05,0.00346218959659913,"D","D"
"V88",88,0.00096987459911062,"nonsyn","g",5.48e-05,0.0565021499173727,"D","N"
"V89",89,0.00107709859147082,"nonsyn","a",1.11e-05,0.0103054632954654,"D","G"
"V90",90,0.00105384887148432,"syn","t",1.11e-05,0.0105328195534963,"D","D"
"V91",91,0.000755234344252815,"nonsyn","a",1.11e-05,0.014697424825114,"T","A"
"V92",92,0.000167264573783872,"nonsyn","c",2.41e-05,0.14408311009802,"T","I"
"V93",93,0.000815857048981259,"syn","a",1.11e-05,0.0136053246262446,"T","T"
"V94",94,9.27911041178459e-05,"nonsyn","g",5.48e-05,0.590573854260892,"V","I"
"V95",95,0.000236817575521906,"nonsyn","t",1.11e-05,0.0468715211509849,"V","A"
"V96",96,0.00221602661513463,"syn","a",1.11e-05,0.00500896511088413,"V","V"
"V97",97,0.00116117545605944,"syn","t",1.11e-05,0.00955927886873263,"L","L"
"V98",98,6.42973132054182e-05,"nonsyn","t",1.11e-05,0.172635518447521,"L","S"
"V99",99,0.00115411645514534,"syn","a",1.11e-05,0.00961774693577365,"L","L"
"V100",100,0.00132417834973377,"nonsyn","g",5.48e-05,0.0413841534344807,"E","K"
"V101",101,0.0009347824201455,"nonsyn","a",1.11e-05,0.011874420999779,"E","G"
"V102",102,0.0123230299964645,"syn","a",1.11e-05,0.000900752493760433,"E","E"
"V103",103,0.00146556497716006,"nonsyn","g",5.48e-05,0.0373917232289422,"E","K"
"V104",104,0.000715090471790111,"nonsyn","a",1.11e-05,0.0155225113994499,"E","G"
"V105",105,0.00785462048458661,"exclude","a",1.11e-05,0.0014131809451242,"E","E"
"V106",106,0.0101696566599394,"nonsyn","a",1.11e-05,0.00109148227626262,"M","V"
"V107",107,0.00986778635966814,"nonsyn","t",1.11e-05,0.00112487234678775,"M","T"
"V108",108,0.0499353219549453,"exclude","g",5.48e-05,0.00109741957905957,"M","I"
"V109",109,0.0156673695073599,"nonsyn","a",1.11e-05,0.000708478854397711,"N","D"
"V110",110,0.0242148798168062,"nonsyn","a",1.11e-05,0.000458395832809218,"N","S"
"V111",111,0.00760541272598707,"syn","t",1.11e-05,0.00145948686809228,"N","N"
"V112",112,0.000532791937802075,"syn","t",1.11e-05,0.0208336485829549,"L","L"
"V113",113,0.00015796241428975,"nonsyn","t",1.11e-05,0.0702698806542633,"L","S"
"V114",114,0.00315860675484194,"syn","g",5.48e-05,0.0173494215182043,"L","L"
"V115",115,0.00155041321606656,"nonsyn","c",2.41e-05,0.0155442431412849,"P","S"
"V116",116,0.000496573169160927,"nonsyn","c",2.41e-05,0.048532626200329,"P","L"
"V117",117,0.000947254401024542,"syn","a",1.11e-05,0.0117180769896602,"P","P"
"V118",118,9.50230412266001e-05,"nonsyn","g",5.48e-05,0.576702232349302,"G","R"
"V119",119,0.000303772327397378,"nonsyn","g",5.48e-05,0.180398262308843,"G","E"
"V120",120,0.00368381090752775,"syn","a",1.11e-05,0.00301318397676643,"G","G"
"V121",121,0.000999033534609021,"nonsyn","a",1.11e-05,0.0111107381438843,"R","G"
"V122",122,0.018857528083577,"exclude","g",5.48e-05,0.00290600124030707,"R","K"
"V123",123,0.0015493684464367,"syn","a",1.11e-05,0.00716420940772883,"R","R"
"V124",124,0.000356594887941978,"nonsyn","t",1.11e-05,0.0311277597501793,"W","R"
"V125",125,0.000892366120289296,"stop","g",5.48e-05,0.0614097720140186,"W","*"
"V126",126,0.00286914651762764,"stop","g",5.48e-05,0.0190997565524508,"W","*"
"V127",127,0.00210459051150487,"nonsyn","a",1.11e-05,0.00527418513925686,"K","E"
"V128",128,0.00243992200964241,"nonsyn","a",1.11e-05,0.00454932573915622,"K","R"
"V129",129,0.00420429295349325,"syn","a",1.11e-05,0.00264015855288516,"K","K"
"V130",130,0.000132640240471823,"nonsyn","c",2.41e-05,0.181694483621805,"P","S"
"V131",131,0.000117395025477301,"nonsyn","c",2.41e-05,0.205289788915799,"P","L"
"V132",132,0.00161829928059663,"syn","a",1.11e-05,0.00685905266911303,"P","P"
"V133",133,0.000310714226383549,"nonsyn","a",1.11e-05,0.035724144752542,"K","E"
"V134",134,0.00210842297016205,"nonsyn","a",1.11e-05,0.00526459830740076,"K","R"
"V135",135,0.000777130699345144,"syn","a",1.11e-05,0.0142833116866359,"K","K"
"V136",136,0.000452298798640517,"res","a",1.11e-05,0.0245412988788904,"M","V"
"V137",137,0.000179283878084452,"res","t",1.11e-05,0.0619129846955414,"M","T"
"V138",138,0.00860602313191102,"res","g",5.48e-05,0.0063676333609658,"M","I"
"V139",139,0.000972990025762562,"nonsyn","a",1.11e-05,0.0114081333889323,"I","V"
"V140",140,0.00010442267835713,"nonsyn","t",1.11e-05,0.106298748266517,"I","T"
"V141",141,0.000595283966541178,"nonsyn","a",1.11e-05,0.0186465630251981,"I","M"
"V142",142,0.000260398464876497,"nonsyn","g",5.48e-05,0.210446709146272,"G","R"
"V143",143,0.000172286307747164,"nonsyn","g",5.48e-05,0.318075189587445,"G","E"
"V144",144,0.00516986014301057,"exclude","g",5.48e-05,0.0105998998975025,"G","G"
"V145",145,0.000238927042059498,"nonsyn","g",5.48e-05,0.229358717739257,"G","R"
"V146",146,0.00161403952849277,"nonsyn","g",5.48e-05,0.0339520804990281,"G","E"
"V147",147,0.00101156664878649,"syn","a",1.11e-05,0.0109730782576866,"G","G"
"V148",148,0.00105746174370834,"nonsyn","a",1.11e-05,0.0104968336358667,"I","V"
"V149",149,0.000140975184610171,"nonsyn","t",1.11e-05,0.0787372616726419,"I","T"
"V150",150,0.00155209038330965,"syn","t",1.11e-05,0.00715164536766898,"I","I"
"V151",151,0.000231079407074513,"nonsyn","g",5.48e-05,0.237147916786585,"G","R"
"V152",152,0.000383220781633326,"nonsyn","g",5.48e-05,0.142998507978708,"G","E"
"V153",153,0.0200673992209396,"syn","a",1.11e-05,0.000553135953383413,"G","G"
"V154",154,0.000198234528496285,"nonsyn","g",5.48e-05,0.276440236802777,"G","S"
"V155",155,0.000102055216206159,"nonsyn","g",5.48e-05,0.536964224242098,"G","D"
"V156",156,0.00589112266802127,"syn","t",1.11e-05,0.00188419094721182,"G","G"
"V157",157,0.000159177315530396,"nonsyn","t",1.11e-05,0.0697335544516103,"F","L"
"V158",158,7.65686980831629e-05,"nonsyn","t",1.11e-05,0.144967856028374,"F","S"
"V159",159,0.00306842216127024,"syn","t",1.11e-05,0.00361749440481323,"F","F"
"V160",160,0.000134910324728455,"nonsyn","a",1.11e-05,0.0822768755641343,"I","V"
"V161",161,0.000108723733885745,"nonsyn","t",1.11e-05,0.10209362393371,"I","T"
"V162",162,0.00336505384797482,"syn","c",2.41e-05,0.00716184676049212,"I","I"
"V163",163,0.000499538155130663,"nonsyn","a",1.11e-05,0.0222205248708111,"K","E"
"V164",164,0.000559393282703739,"nonsyn","a",1.11e-05,0.0198429268695361,"K","R"
"V165",165,0.00427370639332576,"exclude","a",1.11e-05,0.0025972771590802,"K","K"
"V166",166,0.000112060962122578,"nonsyn","g",5.48e-05,0.489019538669114,"V","I"
"V167",167,0.000200509463353047,"nonsyn","t",1.11e-05,0.055358983134156,"V","A"
"V168",168,0.00331873185404375,"syn","a",1.11e-05,0.00334465105593725,"V","V"
"V169",169,0.000769402102549148,"nonsyn","a",1.11e-05,0.0144267866739953,"R","G"
"V170",170,0.000919595800364747,"nonsyn","g",5.48e-05,0.0595913987191592,"R","K"
"V171",171,0.00402698629023376,"exclude","a",1.11e-05,0.00275640372228723,"R","R"
"V172",172,0.000147423929691575,"stop","c",2.41e-05,0.163474139174145,"Q","*"
"V173",173,0.000774650315329544,"nonsyn","a",1.11e-05,0.0143290459970677,"Q","R"
"V174",174,0.00981769274991681,"exclude","g",5.48e-05,0.00558175952292501,"Q","Q"
"V175",175,0.00033212434343367,"nonsyn","t",1.11e-05,0.0334212177440611,"Y","H"
"V176",176,0.000531538090346095,"nonsyn","a",1.11e-05,0.0208827931649688,"Y","C"
"V177",177,0.0034858818831043,"syn","t",1.11e-05,0.00318427312577644,"Y","Y"
"V178",178,0.000240856564231882,"nonsyn","g",5.48e-05,0.227521305781153,"D","N"
"V179",179,0.000970711417967396,"nonsyn","a",1.11e-05,0.0114349123689537,"D","G"
"V180",180,0.00350800954093338,"syn","t",1.11e-05,0.00316418751730265,"D","D"
"V181",181,0.00534810176927435,"stop","c",2.41e-05,0.00450627176514443,"Q","*"
"V182",182,0.000386164654476899,"nonsyn","a",1.11e-05,0.0287442153788935,"Q","R"
"V183",183,0.0178566251980556,"exclude","g",5.48e-05,0.00306888896374256,"Q","Q"
"V184",184,0.00411817586165452,"nonsyn","a",1.11e-05,0.00269536813698394,"I","V"
"V185",185,0.000133050597936969,"nonsyn","t",1.11e-05,0.0834269080493606,"I","T"
"V186",186,0.00480000267970727,"nonsyn","a",1.11e-05,0.00231249870899591,"I","M"
"V187",187,0.00782154183131049,"nonsyn","c",2.41e-05,0.00308123392034101,"L","F"
"V188",188,0.0277208798448343,"nonsyn","t",1.11e-05,0.000400420190922204,"L","P"
"V189",189,0.0303807019685362,"exclude","c",2.41e-05,0.000793266726521301,"L","L"
"V190",190,0.000772392798125083,"nonsyn","a",1.11e-05,0.0143709263304167,"I","V"
"V191",191,0.000333790910419375,"nonsyn","t",1.11e-05,0.0332543507133072,"I","T"
"V192",192,0.000796497280632807,"nonsyn","a",1.11e-05,0.0139360174477698,"I","M"
"V193",193,0.00236681808342563,"nonsyn","g",5.48e-05,0.0231534482450315,"E","K"
"V194",194,0.000366802249263783,"nonsyn","a",1.11e-05,0.0302615374422569,"E","G"
"V195",195,0.00901543235812392,"syn","a",1.11e-05,0.00123122214876335,"E","E"
"V196",196,0.000846348023770338,"nonsyn","a",1.11e-05,0.0131151721138916,"I","V"
"V197",197,0.000140131241706709,"nonsyn","t",1.11e-05,0.0792114582359301,"I","T"
"V198",198,0.0102497764699634,"exclude","c",2.41e-05,0.00235127078825808,"I","I"
"V199",199,0.000131427496260467,"nonsyn","t",1.11e-05,0.0844572126520745,"C","R"
"V200",200,0.00161538172368342,"nonsyn","g",5.48e-05,0.0339238702509547,"C","Y"
"V201",201,0.00819610460553546,"syn","t",1.11e-05,0.00135430189513483,"C","C"
"V202",202,0.000231006126828657,"nonsyn","g",5.48e-05,0.237223145343874,"G","R"
"V203",203,0.00162882123390052,"nonsyn","g",5.48e-05,0.0336439621853228,"G","E"
"V204",204,0.0105189731120243,"syn","a",1.11e-05,0.00105523608452916,"G","G"
"V205",205,0.0122546602942423,"exclude","c",2.41e-05,0.00196659878130796,"H","Y"
"V206",206,0.000358788936471925,"nonsyn","a",1.11e-05,0.0309374087984694,"H","R"
"V207",207,0.00115960714078023,"exclude","t",1.11e-05,0.00957220735337271,"H","H"
"V208",208,0.000416306394267459,"nonsyn","a",1.11e-05,0.0266630543101116,"K","E"
"V209",209,0.003365010589189,"nonsyn","a",1.11e-05,0.00329865232390702,"K","R"
"V210",210,0.00351025076021599,"exclude","a",1.11e-05,0.00316216725192505,"K","K"
"V211",211,0.000525650979957239,"nonsyn","g",5.48e-05,0.104251684272439,"A","T"
"V212",212,0.000584164241933255,"nonsyn","c",2.41e-05,0.0412555207423217,"A","V"
"V213",213,0.00337685828449776,"syn","t",1.11e-05,0.00328707901393349,"A","A"
"V214",214,0.0101008924421683,"nonsyn","a",1.11e-05,0.00109891280038393,"I","V"
"V215",215,0.00155699041092695,"nonsyn","t",1.11e-05,0.00712913831845092,"I","T"
"V216",216,0.00176419050561522,"nonsyn","a",1.11e-05,0.00629183751112478,"I","M"
"V217",217,0.000111961726205949,"nonsyn","g",5.48e-05,0.489452975199736,"G","S"
"V218",218,0.000220828473207886,"nonsyn","g",5.48e-05,0.248156404850981,"G","D"
"V219",219,0.000694019081926612,"syn","t",1.11e-05,0.0159937965526627,"G","G"
"V220",220,0.000479953374965546,"nonsyn","a",1.11e-05,0.0231272464763829,"T","A"
"V221",221,0.000174071312951634,"nonsyn","c",2.41e-05,0.138449004556519,"T","I"
"V222",222,0.00153042633684368,"syn","a",1.11e-05,0.00725288093440183,"T","T"
"V223",223,0.000552089529219426,"nonsyn","g",5.48e-05,0.0992592633978753,"V","I"
"V224",224,0.000232028572588799,"nonsyn","t",1.11e-05,0.0478389358524022,"V","A"
"V225",225,0.0307478659065929,"syn","a",1.11e-05,0.000361000663711752,"V","V"
"V226",226,0.00158097791835877,"syn","t",1.11e-05,0.0070209709263511,"L","L"
"V227",227,0.000195214297525867,"nonsyn","t",1.11e-05,0.056860589314823,"L","S"
"V228",228,0.00290165743607109,"syn","a",1.11e-05,0.00382539987732999,"L","L"
"V229",229,0.00476471841731647,"nonsyn","g",5.48e-05,0.0115012043105926,"V","I"
"V230",230,0.000307060431154335,"nonsyn","t",1.11e-05,0.0361492360258587,"V","A"
"V231",231,0.00109473291336995,"syn","a",1.11e-05,0.0101394594648941,"V","V"
"V232",232,0.000251159825938408,"nonsyn","g",5.48e-05,0.218187760702775,"G","R"
"V233",233,0.000262378822475439,"nonsyn","g",5.48e-05,0.208858319749223,"G","E"
"V234",234,0.00269947944554735,"syn","a",1.11e-05,0.00411190387773052,"G","G"
"V235",235,0.000718835909196273,"nonsyn","c",2.41e-05,0.0335264275082558,"P","S"
"V236",236,0.000283061090286791,"nonsyn","c",2.41e-05,0.0851406315703175,"P","L"
"V237",237,0.0139190612227712,"syn","t",1.11e-05,0.000797467575028748,"P","P"
"V238",238,0.000414746259286815,"nonsyn","a",1.11e-05,0.0267633516914347,"T","A"
"V239",239,0.000339822050306876,"nonsyn","c",2.41e-05,0.0709194708767029,"T","I"
"V240",240,0.0044778183128338,"syn","a",1.11e-05,0.00247888574848749,"T","T"
"V241",241,0.000127504675456321,"nonsyn","c",2.41e-05,0.189012676701851,"P","S"
"V242",242,0.000135539644662734,"nonsyn","c",2.41e-05,0.177807755509235,"P","L"
"V243",243,0.00183465651176465,"syn","t",1.11e-05,0.00605017883664967,"P","P"
"V244",244,0.00224037500376205,"res","g",5.48e-05,0.0244601907751959,"V","I"
"V245",245,0.000810211924272446,"res","t",1.11e-05,0.0137001192743091,"V","A"
"V246",246,0.000687143640254471,"res","c",2.41e-05,0.0350727251016615,"V","V"
"V247",247,0.000996478434634752,"nonsyn","a",1.11e-05,0.0111392275178224,"N","D"
"V248",248,0.000568220296084007,"nonsyn","a",1.11e-05,0.0195346770900259,"N","S"
"V249",249,0.00379311614952997,"syn","c",2.41e-05,0.00635361508847716,"N","N"
"V250",250,0.000352074300181636,"res","a",1.11e-05,0.0315274360959419,"I","V"
"V251",251,0.000108874026473031,"res","t",1.11e-05,0.10195269119352,"I","T"
"V252",252,0.00015987170240776,"res","a",1.11e-05,0.069430673676627,"I","M"
"V253",253,0.00052280404491577,"nonsyn","a",1.11e-05,0.0212316643452679,"I","V"
"V254",254,8.81775271868586e-05,"nonsyn","t",1.11e-05,0.125882414194694,"I","T"
"V255",255,0.00246530713924402,"syn","t",1.11e-05,0.00450248158669746,"I","I"
"V256",256,0.000314951211654153,"nonsyn","g",5.48e-05,0.173995202978218,"G","R"
"V257",257,0.000876185105622608,"nonsyn","g",5.48e-05,0.0625438616204959,"G","E"
"V258",258,0.00288196634498101,"syn","a",1.11e-05,0.0038515369963743,"G","G"
"V259",259,0.0120581125288035,"exclude","a",1.11e-05,0.000920542080983666,"R","G"
"V260",260,0.00551245326113428,"nonsyn","g",5.48e-05,0.00994112737179453,"R","K"
"V261",261,0.00804983711677669,"syn","a",1.11e-05,0.00137890988835867,"R","R"
"V262",262,0.000313131477774128,"nonsyn","a",1.11e-05,0.0354483684582065,"N","D"
"V263",263,0.000542910760867132,"nonsyn","a",1.11e-05,0.0204453490335524,"N","S"
"V264",264,0.0123105496514497,"syn","t",1.11e-05,0.000901665670037153,"N","N"
"V265",265,0.0108174577590898,"exclude","c",2.41e-05,0.00222788020408484,"L","L"
"V266",266,0.000108222466039446,"nonsyn","t",1.11e-05,0.102566504037657,"L","P"
"V267",267,0.00197982261302131,"syn","g",5.48e-05,0.0276792474434729,"L","L"
"V268",268,0.00135694118516592,"syn","t",1.11e-05,0.0081801629439398,"L","L"
"V269",269,0.00038415889758382,"nonsyn","t",1.11e-05,0.0288942936628927,"L","S"
"V270",270,0.000934629748204386,"syn","g",5.48e-05,0.05863284376009,"L","L"
"V271",271,0.000660960750156687,"nonsyn","a",1.11e-05,0.0167937354787991,"T","A"
"V272",272,0.000178671619465639,"nonsyn","c",2.41e-05,0.13488432058811,"T","I"
"V273",273,0.00773740033183129,"syn","t",1.11e-05,0.0014345903693693,"T","T"
"V274",274,0.000127224731991685,"stop","c",2.41e-05,0.189428577468531,"Q","*"
"V275",275,0.00448341813274764,"nonsyn","a",1.11e-05,0.00247578960323235,"Q","R"
"V276",276,0.00935906623893696,"syn","g",5.48e-05,0.00585528498259933,"Q","Q"
"V277",277,0.0332413822288056,"exclude","a",1.11e-05,0.00033392113250878,"I","V"
"V278",278,0.000415431670555341,"nonsyn","t",1.11e-05,0.0267191954459363,"I","T"
"V279",279,0.000468979397119644,"syn","t",1.11e-05,0.0236684171376684,"I","I"
"V280",280,0.000757642265738344,"nonsyn","g",5.48e-05,0.0723296501239881,"G","S"
"V281",281,0.000193428657536008,"nonsyn","g",5.48e-05,0.283308588799975,"G","D"
"V282",282,0.0126654839251422,"exclude","t",1.11e-05,0.000876397622515272,"G","G"
"V283",283,0.000491769144845628,"nonsyn","t",1.11e-05,0.0225715665904261,"C","R"
"V284",284,0.000297464674711646,"nonsyn","g",5.48e-05,0.184223555462918,"C","Y"
"V285",285,0.0106411732007583,"exclude","c",2.41e-05,0.00226478787116092,"C","C"
"V286",286,0.000541043281125691,"nonsyn","a",1.11e-05,0.0205159187577478,"T","A"
"V287",287,0.000248561696358542,"nonsyn","c",2.41e-05,0.0969578191373322,"T","I"
"V288",288,0.0162460802223185,"exclude","t",1.11e-05,0.000683241732658136,"T","T"
"V289",289,0.00334490553680896,"exclude","t",1.11e-05,0.00331847936446941,"L","L"
"V290",290,0.00011853638824128,"nonsyn","t",1.11e-05,0.0936421310341092,"L","S"
"V291",291,0.00165294266683711,"syn","a",1.11e-05,0.00671529643628823,"L","L"
"V292",292,8.2138496934615e-05,"nonsyn","a",1.11e-05,0.135137607994409,"N","D"
"V293",293,0.000419915458188502,"nonsyn","a",1.11e-05,0.0264338923074777,"N","S"
"V294",294,0.00358906980246013,"syn","t",1.11e-05,0.00309272335477886,"N","N"
"V295",295,0.000573391718552054,"nonsyn","t",1.11e-05,0.0193584937501889,"F","L"
"V296",296,0.000174645316183034,"nonsyn","t",1.11e-05,0.0635573872955564,"F","S"
"V297",297,0.00222110060331368,"exclude","t",1.11e-05,0.00499752239202485,"F","F"
"V298",298,0.000253532833006273,"nonsyn","c",2.41e-05,0.0950567219015919,"P","S"
"V299",299,0.00018328072895397,"nonsyn","c",2.41e-05,0.131492274924619,"P","L"
"V300",300,0.0232440321091176,"exclude","c",2.41e-05,0.00103682527570363,"P","P"
"V301",301,0.000347589142527351,"nonsyn","a",1.11e-05,0.0319342541003753,"I","V"
"V302",302,0.00105452101029118,"nonsyn","t",1.11e-05,0.0105261060630124,"I","T"
"V303",303,0.0240364135199543,"syn","t",1.11e-05,0.000461799344181907,"I","I"
"V304",304,0.000218370581601472,"nonsyn","a",1.11e-05,0.0508310227439774,"S","G"
"V305",305,9.61253852782837e-05,"nonsyn","g",5.48e-05,0.570088742337455,"S","N"
"V306",306,0.0118434794672974,"syn","t",1.11e-05,0.000937224574133783,"S","S"
"V307",307,0.000558310332939698,"nonsyn","c",2.41e-05,0.0431659573146446,"P","S"
"V308",308,0.000161397898603559,"nonsyn","c",2.41e-05,0.149320407567367,"P","L"
"V309",309,0.00181823097048908,"exclude","t",1.11e-05,0.00610483496330186,"P","P"
"V310",310,0.000216401950381802,"nonsyn","a",1.11e-05,0.0512934378845296,"I","V"
"V311",311,0.000792662743121475,"nonsyn","t",1.11e-05,0.0140034334858336,"I","T"
"V312",312,0.000590930238353933,"syn","t",1.11e-05,0.0187839431451665,"I","I"
"V313",313,0.00525223529240209,"nonsyn","g",5.48e-05,0.0104336529018938,"E","K"
"V314",314,0.00063321075259827,"nonsyn","a",1.11e-05,0.0175297086387954,"E","G"
"V315",315,0.0241224951354053,"exclude","a",1.11e-05,0.000460151403811797,"E","E"
"V316",316,0.00111295894313121,"nonsyn","a",1.11e-05,0.00997341372609051,"T","A"
"V317",317,0.000102990438101537,"nonsyn","c",2.41e-05,0.234002305886301,"T","I"
"V318",318,0.00122250100657797,"syn","t",1.11e-05,0.00907974712517509,"T","T"
"V319",319,0.00125580345459879,"nonsyn","g",5.48e-05,0.0436374018556175,"V","I"
"V320",320,0.00146989224262858,"nonsyn","t",1.11e-05,0.00755157397126615,"V","A"
"V321",321,0.00189856021118506,"syn","a",1.11e-05,0.0058465356719298,"V","V"
"V322",322,0.000349615883134224,"nonsyn","c",2.41e-05,0.0689327949976104,"P","S"
"V323",323,0.00258093315034177,"nonsyn","c",2.41e-05,0.00933770795140844,"P","L"
"V324",324,0.00620668195590896,"syn","a",1.11e-05,0.00178839516489683,"P","P"
"V325",325,0.000340833299660352,"nonsyn","g",5.48e-05,0.160782411972684,"V","I"
"V326",326,0.00022467379063086,"nonsyn","t",1.11e-05,0.0494049616060351,"V","A"
"V327",327,0.00153852052505664,"syn","a",1.11e-05,0.00721472337822165,"V","V"
"V328",328,0.000308270607853081,"nonsyn","a",1.11e-05,0.0360073251138174,"K","E"
"V329",329,0.00988886849876528,"exclude","a",1.11e-05,0.00112247422456734,"K","R"
"V330",330,0.00360182107569235,"syn","a",1.11e-05,0.0030817744043175,"K","K"
"V331",331,0.00322223961738984,"syn","t",1.11e-05,0.00344480898940455,"L","L"
"V332",332,9.93237580136636e-05,"nonsyn","t",1.11e-05,0.111755739230819,"L","S"
"V333",333,0.00402082921865044,"syn","a",1.11e-05,0.00276062458671787,"L","L"
"V334",334,0.00027975568768592,"nonsyn","a",1.11e-05,0.0396774774869346,"K","E"
"V335",335,0.00161011052126584,"nonsyn","a",1.11e-05,0.00689393669154672,"K","R"
"V336",336,0.0168938380102216,"syn","g",5.48e-05,0.00324378628271701,"K","K"
"V337",337,0.000571746120179943,"nonsyn","c",2.41e-05,0.0421515759344639,"P","S"
"V338",338,0.000228022267853694,"nonsyn","c",2.41e-05,0.105691431923935,"P","L"
"V339",339,0.0108499498195963,"syn","a",1.11e-05,0.00102304620616328,"P","P"
"V340",340,0.000308737124372596,"nonsyn","g",5.48e-05,0.177497280611661,"G","R"
"V341",341,0.000366292512920551,"nonsyn","g",5.48e-05,0.149607207537671,"G","E"
"V342",342,0.0159640970279514,"syn","a",1.11e-05,0.000695310231487886,"G","G"
"V343",343,0.000396173916537712,"nonsyn","a",1.11e-05,0.0280179979969565,"M","V"
"V344",344,0.00120875328766078,"nonsyn","t",1.11e-05,0.00918301535417629,"M","T"
"V345",345,0.00179927361559842,"nonsyn","g",5.48e-05,0.0304567351651928,"M","I"
"V346",346,0.00281630681965003,"nonsyn","g",5.48e-05,0.019458107198281,"D","N"
"V347",347,0.000944167347736835,"nonsyn","a",1.11e-05,0.0117563904604482,"D","G"
"V348",348,0.00135948967895157,"syn","t",1.11e-05,0.00816482844397925,"D","D"
"V349",349,0.000209062647675116,"nonsyn","g",5.48e-05,0.262122385846559,"G","S"
"V350",350,0.000592259933020581,"nonsyn","g",5.48e-05,0.0925269412038645,"G","D"
"V351",351,0.00598478687313073,"exclude","c",2.41e-05,0.00402687689818985,"G","G"
"V352",352,0.00023045006159567,"nonsyn","c",2.41e-05,0.104577971614015,"P","S"
"V353",353,0.000127435201677283,"nonsyn","c",2.41e-05,0.189115720639191,"P","L"
"V354",354,0.000324153957725501,"syn","a",1.11e-05,0.0342429877391769,"P","P"
"V355",355,0.000184925784387755,"nonsyn","a",1.11e-05,0.060024079588195,"K","E"
"V356",356,0.00193415028715114,"nonsyn","a",1.11e-05,0.00573895424452744,"K","R"
"V357",357,0.00214123459872121,"exclude","a",1.11e-05,0.00518392520213766,"K","K"
"V358",358,0.00679820169341544,"nonsyn","g",5.48e-05,0.00806095530426492,"V","I"
"V359",359,0.000233973167170463,"nonsyn","t",1.11e-05,0.0474413375441168,"V","A"
"V360",360,0.00444834002545009,"syn","t",1.11e-05,0.00249531284400339,"V","V"
"V361",361,0.000458296570128147,"nonsyn","a",1.11e-05,0.0242201245296168,"K","E"
"V362",362,0.000749694255472106,"nonsyn","a",1.11e-05,0.0148060358192421,"K","R"
"V363",363,0.00428578428483772,"syn","a",1.11e-05,0.00258995769788733,"K","K"
"V364",364,9.91110777524401e-05,"stop","c",2.41e-05,0.243161516820522,"Q","*"
"V365",365,0.000125623502549949,"nonsyn","a",1.11e-05,0.0883592621976652,"Q","R"
"V366",366,0.000435796153021971,"exclude","a",1.11e-05,0.0254706241049365,"Q","Q"
"V367",367,0.00054479989113553,"nonsyn","t",1.11e-05,0.0203744534105251,"W","R"
"V368",368,0.000234205796741026,"stop","g",5.48e-05,0.233982253054972,"W","*"
"V369",369,0.000466088213359445,"stop","g",5.48e-05,0.117574309817911,"W","*"
"V370",370,0.000275626227519216,"nonsyn","c",2.41e-05,0.0874372523141683,"P","S"
"V371",371,0.00040289304821834,"nonsyn","c",2.41e-05,0.0598173637062595,"P","L"
"V372",372,0.000375257919673093,"syn","a",1.11e-05,0.0295796555331059,"P","P"
"V373",373,0.00450849953099724,"syn","t",1.11e-05,0.00246201644775258,"L","L"
"V374",374,0.000280316957827485,"nonsyn","t",1.11e-05,0.0395980324773332,"L","S"
"V375",375,0.0038362703147425,"syn","g",5.48e-05,0.0142847076728164,"L","L"
"V376",376,0.00109854501641378,"nonsyn","a",1.11e-05,0.0101042741391119,"T","A"
"V377",377,0.000216753884413106,"nonsyn","c",2.41e-05,0.111186012030439,"T","I"
"V378",378,0.00127774004373662,"syn","a",1.11e-05,0.00868721306373022,"T","T"
"V379",379,0.00105847997416478,"nonsyn","g",5.48e-05,0.0517723540714515,"E","K"
"V380",380,0.000714833620594871,"nonsyn","a",1.11e-05,0.0155280888869816,"E","G"
"V381",381,0.00338418570733455,"syn","a",1.11e-05,0.00327996184604851,"E","E"
"V382",382,0.00154402955686189,"nonsyn","g",5.48e-05,0.0354915485629539,"E","K"
"V383",383,0.000984327714851003,"nonsyn","a",1.11e-05,0.0112767321619916,"E","G"
"V384",384,0.00513640335777436,"exclude","a",1.11e-05,0.00216104523473595,"E","E"
"V385",385,0.000393008904125371,"nonsyn","a",1.11e-05,0.0282436348985596,"K","E"
"V386",386,0.000594328814382048,"nonsyn","a",1.11e-05,0.0186765301149688,"K","R"
"V387",387,0.0016731937253421,"syn","a",1.11e-05,0.0066340196188164,"K","K"
"V388",388,0.000921708740367174,"nonsyn","a",1.11e-05,0.0120428498872412,"I","V"
"V389",389,0.000135840066988087,"nonsyn","t",1.11e-05,0.0817137406224442,"I","T"
"V390",390,0.000170417348361598,"nonsyn","a",1.11e-05,0.0651342137799704,"I","M"
"V391",391,0.000422226397890599,"nonsyn","a",1.11e-05,0.0262892136906988,"K","E"
"V392",392,0.00253781130673222,"nonsyn","a",1.11e-05,0.00437384764208209,"K","R"
"V393",393,0.0122890242168201,"syn","a",1.11e-05,0.000903245026143522,"K","K"
"V394",394,0.000200808755880684,"nonsyn","g",5.48e-05,0.272896466887932,"A","T"
"V395",395,0.000230835228147404,"nonsyn","c",2.41e-05,0.104403475125601,"A","V"
"V396",396,0.0138770428179979,"syn","a",1.11e-05,0.000799882233238035,"A","A"
"V397",397,0.00243716966333844,"syn","t",1.11e-05,0.0045544633871715,"L","L"
"V398",398,0.00011995170273406,"nonsyn","t",1.11e-05,0.09253724413241,"L","S"
"V399",399,0.00160224294186082,"syn","a",1.11e-05,0.00692778835843,"L","L"
"V400",400,0.0271941351348707,"exclude","g",5.48e-05,0.00201514038700685,"V","I"
"V401",401,0.00245738406667562,"exclude","t",1.11e-05,0.00451699844176829,"V","A"
"V402",402,0.000823139665094043,"syn","a",1.11e-05,0.0134849533690396,"V","V"
"V403",403,0.00291813757928242,"nonsyn","g",5.48e-05,0.0187791008858039,"E","K"
"V404",404,0.0143319321641254,"exclude","a",1.11e-05,0.000774494316110753,"E","G"
"V405",405,0.00112882789319443,"syn","a",1.11e-05,0.00983320846952892,"E","E"
"V406",406,0.0002040762299337,"nonsyn","a",1.11e-05,0.0543914399222593,"I","V"
"V407",407,0.0007724589326519,"nonsyn","t",1.11e-05,0.0143696959550885,"I","T"
"V408",408,0.00556845137784444,"syn","t",1.11e-05,0.00199337288714853,"I","I"
"V409",409,0.000128841344639824,"nonsyn","t",1.11e-05,0.0861524693880685,"C","R"
"V410",410,0.000218079108197847,"nonsyn","g",5.48e-05,0.251284960090189,"C","Y"
"V411",411,0.00474020350154968,"syn","t",1.11e-05,0.00234167161734114,"C","C"
"V412",412,0.000864452868178656,"exclude","a",1.11e-05,0.0128404918401011,"T","A"
"V413",413,0.014149901533708,"exclude","c",2.41e-05,0.00170319206409944,"T","I"
"V414",414,0.00197663033825652,"syn","a",1.11e-05,0.00561561754120941,"T","T"
"V415",415,0.000660117150916515,"nonsyn","g",5.48e-05,0.0830155676517645,"E","K"
"V416",416,0.000357838196061114,"nonsyn","a",1.11e-05,0.031019606409217,"E","G"
"V417",417,0.00462360257408716,"exclude","a",1.11e-05,0.00240072536991168,"E","E"
"V418",418,0.000760940334758911,"res","a",1.11e-05,0.0145872146513522,"M","V"
"V419",419,0.00037672283813841,"res","t",1.11e-05,0.0294646325528101,"M","T"
"V420",420,0.000926015237205864,"res","g",5.48e-05,0.0591782918878875,"M","I"
"V421",421,0.00313081815898869,"nonsyn","g",5.48e-05,0.0175034119572442,"E","K"
"V422",422,0.000712109656733835,"nonsyn","a",1.11e-05,0.0155874869762493,"E","G"
"V423",423,0.00944401519290513,"exclude","a",1.11e-05,0.0011753475373842,"E","E"
"V424",424,0.000526739104521309,"exclude","a",1.11e-05,0.0210730509748037,"K","E"
"V425",425,0.00251186136114054,"nonsyn","a",1.11e-05,0.00441903369816554,"K","R"
"V426",426,0.00822374468741103,"syn","g",5.48e-05,0.00666363099572975,"K","K"
"V427",427,0.00240772893921816,"nonsyn","g",5.48e-05,0.0227600371069157,"E","K"
"V428",428,0.000874336376736395,"nonsyn","a",1.11e-05,0.0126953427712028,"E","G"
"V429",429,0.00616471651424056,"syn","a",1.11e-05,0.00180056941375307,"E","E"
"V430",430,0.000436114316883829,"nonsyn","g",5.48e-05,0.125655127287641,"G","R"
"V431",431,0.000746684929664348,"nonsyn","g",5.48e-05,0.0733910620435769,"G","E"
"V432",432,0.0277125156749415,"exclude","g",5.48e-05,0.00197744588195405,"G","G"
"V433",433,0.000347087801066852,"nonsyn","a",1.11e-05,0.0319803806583857,"K","E"
"V434",434,0.000307189372859132,"nonsyn","a",1.11e-05,0.0361340625057695,"K","R"
"V435",435,0.00733365818407614,"syn","a",1.11e-05,0.00151356931580229,"K","K"
"V436",436,0.000504295159589383,"nonsyn","a",1.11e-05,0.0220109191788358,"I","V"
"V437",437,0.000131404040032645,"nonsyn","t",1.11e-05,0.0844722886544613,"I","T"
"V438",438,0.0015039595603092,"exclude","t",1.11e-05,0.00738051759697447,"I","I"
"V439",439,0.000199831017583775,"exclude","t",1.11e-05,0.0555469322741479,"S","P"
"V440",440,0.00014282636908323,"nonsyn","c",2.41e-05,0.168736348579694,"S","L"
"V441",441,0.00211821672018359,"syn","a",1.11e-05,0.00524025700214375,"S","S"
"V442",442,0.0033238407084588,"nonsyn","a",1.11e-05,0.00333951021532162,"K","E"
"V443",443,0.0021215978568423,"nonsyn","a",1.11e-05,0.00523190573755612,"K","R"
"V444",444,0.00225480617532488,"syn","a",1.11e-05,0.00492281781089262,"K","K"
"V445",445,0.000248842247307005,"nonsyn","a",1.11e-05,0.0446065735224838,"I","V"
"V446",446,0.000101066973701047,"nonsyn","t",1.11e-05,0.109828162390945,"I","T"
"V447",447,0.00160576950186589,"syn","t",1.11e-05,0.00691257368327266,"I","I"
"V448",448,0.000246259143317992,"nonsyn","g",5.48e-05,0.222529808484054,"G","R"
"V449",449,0.000157539388006275,"nonsyn","g",5.48e-05,0.347849516832052,"G","E"
"V450",450,0.00391443980727294,"syn","g",5.48e-05,0.0139994488861938,"G","G"
"V451",451,0.00033149865343696,"nonsyn","c",2.41e-05,0.0727001444806261,"P","S"
"V452",452,9.97589329948221e-05,"nonsyn","c",2.41e-05,0.241582375397408,"P","L"
"V453",453,0.00348579833044111,"syn","t",1.11e-05,0.0031843494510468,"P","P"
"V454",454,0.0015495043358579,"nonsyn","g",5.48e-05,0.0353661482138798,"E","K"
"V455",455,0.000214730258671885,"nonsyn","a",1.11e-05,0.0516927612747916,"E","G"
"V456",456,0.000831024706428697,"syn","a",1.11e-05,0.0133570036054667,"E","E"
"V457",457,0.000776739516368068,"nonsyn","a",1.11e-05,0.0142905050742135,"N","D"
"V458",458,0.000294462909330886,"nonsyn","a",1.11e-05,0.0376957492718616,"N","S"
"V459",459,0.00578564056350269,"syn","t",1.11e-05,0.00191854296480526,"N","N"
"V460",460,0.0007321688292518,"nonsyn","c",2.41e-05,0.0329159055086075,"P","S"
"V461",461,0.000149749372174011,"nonsyn","c",2.41e-05,0.160935566207219,"P","L"
"V462",462,0.000638270775513484,"syn","a",1.11e-05,0.0173907382663261,"P","P"
"V463",463,0.000256048059799104,"nonsyn","t",1.11e-05,0.043351236516727,"Y","H"
"V464",464,0.000341816440997911,"nonsyn","a",1.11e-05,0.0324735696375349,"Y","C"
"V465",465,0.0173677109876366,"exclude","c",2.41e-05,0.00138763248750258,"Y","Y"
"V466",466,0.000118973887781135,"nonsyn","a",1.11e-05,0.0932977832952692,"N","D"
"V467",467,0.000384338336908726,"nonsyn","a",1.11e-05,0.0288808035370046,"N","S"
"V468",468,0.0019606932693814,"exclude","t",1.11e-05,0.00566126286724188,"N","N"
"V469",469,0.000432123067331406,"nonsyn","a",1.11e-05,0.0256871267450463,"T","A"
"V470",470,9.27875436573512e-05,"nonsyn","c",2.41e-05,0.259733139277803,"T","I"
"V471",471,0.0240483356901819,"syn","t",1.11e-05,0.000461570403166475,"T","T"
"V472",472,0.000105683811957635,"nonsyn","c",2.41e-05,0.228038708611881,"P","S"
"V473",473,0.000120900557229104,"nonsyn","c",2.41e-05,0.199337377364862,"P","L"
"V474",474,0.000617440499804628,"syn","a",1.11e-05,0.0179774407469421,"P","P"
"V475",475,0.00577891121450413,"nonsyn","g",5.48e-05,0.00948275513602993,"V","I"
"V476",476,0.000217801222113602,"nonsyn","t",1.11e-05,0.0509639013605278,"V","A"
"V477",477,0.00411353035590723,"syn","a",1.11e-05,0.00269841207906971,"V","V"
"V478",478,0.000151187023856096,"nonsyn","t",1.11e-05,0.0734189993088644,"F","L"
"V479",479,0.000172632838308623,"nonsyn","t",1.11e-05,0.064298311426451,"F","S"
"V480",480,0.000866245426909602,"syn","t",1.11e-05,0.0128139204608561,"F","F"
"V481",481,0.000442584912391651,"res","g",5.48e-05,0.123818048165877,"A","T"
"V482",482,0.000342319882221966,"res","c",2.41e-05,0.0704019872978722,"A","V"
"V483",483,0.0118425320057174,"exclude","c",2.41e-05,0.00203503777641173,"A","A"
"V484",484,0.00035644602689853,"nonsyn","a",1.11e-05,0.0311407595045515,"I","V"
"V485",485,9.06015652883849e-05,"nonsyn","t",1.11e-05,0.122514439619985,"I","T"
"V486",486,0.000169154434012511,"nonsyn","a",1.11e-05,0.0656205086482037,"I","M"
"V487",487,0.000137318679322138,"nonsyn","a",1.11e-05,0.080833868012671,"K","E"
"V488",488,0.00347995553453164,"nonsyn","a",1.11e-05,0.0031896959285412,"K","R"
"V489",489,0.00725914320079168,"exclude","g",5.48e-05,0.00754910028418003,"K","K"
"V490",490,0.000282118814177149,"res","a",1.11e-05,0.0393451249693332,"K","E"
"V491",491,0.0016524517407661,"res","a",1.11e-05,0.00671729148038775,"K","R"
"V492",492,0.0018697179284377,"exclude","a",1.11e-05,0.00593672437493015,"K","K"
"V493",493,0.000559308697717081,"nonsyn","a",1.11e-05,0.0198459277413469,"K","E"
"V494",494,0.000823436389632137,"nonsyn","a",1.11e-05,0.0134800940786195,"K","R"
"V495",495,0.0362475274380287,"exclude","a",1.11e-05,0.000306227783922016,"K","K"
"V496",496,0.000373572750680762,"res","g",5.48e-05,0.14669164145441,"D","N"
"V497",497,0.00139993765627028,"res","a",1.11e-05,0.0079289245133763,"D","G"
"V498",498,0.00616388942693875,"res","c",2.41e-05,0.00390986896920523,"D","D"
"V499",499,0.0111383565985578,"nonsyn","a",1.11e-05,0.000996556350282162,"S","G"
"V500",500,0.000611941596962367,"nonsyn","g",5.48e-05,0.0895510294969702,"S","N"
"V501",501,0.00429507965546715,"exclude","t",1.11e-05,0.00258435253601664,"S","S"
"V502",502,0.000527953130272808,"nonsyn","a",1.11e-05,0.0210245935927386,"T","A"
"V503",503,0.000457190003858099,"nonsyn","c",2.41e-05,0.0527133134946671,"T","I"
"V504",504,0.00592898838531438,"exclude","t",1.11e-05,0.00187215748769112,"T","T"
"V505",505,0.000181664501159387,"res","a",1.11e-05,0.06110164577647,"K","E"
"V506",506,0.000448287930884622,"res","a",1.11e-05,0.0247608718309591,"K","R"
"V507",507,0.00283666631282255,"exclude","a",1.11e-05,0.00391304396637165,"K","K"
"V508",508,0.000146836088079771,"nonsyn","t",1.11e-05,0.075594495502834,"W","R"
"V509",509,0.000844683030554774,"stop","g",5.48e-05,0.0648764069097118,"W","*"
"V510",510,0.00233920919570809,"stop","g",5.48e-05,0.0234267204919275,"W","*"
"V511",511,0.00464648548161002,"nonsyn","a",1.11e-05,0.00238890233143563,"R","G"
"V512",512,0.00418388826000862,"nonsyn","g",5.48e-05,0.0130978641384383,"R","K"
"V513",513,0.00291672193221088,"exclude","a",1.11e-05,0.00380564217569625,"R","R"
"V514",514,0.000235547576955901,"nonsyn","a",1.11e-05,0.0471242376739802,"K","E"
"V515",515,0.000251863302396632,"nonsyn","a",1.11e-05,0.0440715256822918,"K","R"
"V516",516,0.00502800952804089,"syn","a",1.11e-05,0.00220763304804734,"K","K"
"V517",517,0.00238650083760044,"syn","t",1.11e-05,0.00465116115825911,"L","L"
"V518",518,0.000100943159326321,"nonsyn","t",1.11e-05,0.109962874889984,"L","S"
"V519",519,0.00345718926634569,"syn","a",1.11e-05,0.00321070070072643,"L","L"
"V520",520,0.00026323971216433,"res","g",5.48e-05,0.2081752770106,"V","I"
"V521",521,0.000462078805684031,"res","t",1.11e-05,0.0240218764926218,"V","A"
"V522",522,0.00131935455915373,"res","a",1.11e-05,0.0084132047166456,"V","V"
"V523",523,0.000968590011336126,"nonsyn","g",5.48e-05,0.056577085617893,"D","N"
"V524",524,0.000165294697193944,"nonsyn","a",1.11e-05,0.0671527894629078,"D","G"
"V525",525,0.00542177694159385,"syn","t",1.11e-05,0.00204729927467966,"D","D"
"V526",526,0.000143692375736134,"res","t",1.11e-05,0.0772483574242187,"F","L"
"V527",527,0.000171337390873841,"res","t",1.11e-05,0.0647844579830981,"F","S"
"V528",528,0.0183976568620937,"res","c",2.41e-05,0.00130994942348639,"F","F"
"V529",529,0.000632225057890047,"nonsyn","a",1.11e-05,0.0175570390029217,"R","G"
"V530",530,0.000968228383417018,"nonsyn","g",5.48e-05,0.0565982168448759,"R","K"
"V531",531,0.0214967680412546,"exclude","a",1.11e-05,0.000516356690396337,"R","R"
"V532",532,0.000585939864375676,"nonsyn","g",5.48e-05,0.0935249559413232,"E","K"
"V533",533,0.000320950796248454,"nonsyn","a",1.11e-05,0.0345847404952605,"E","G"
"V534",534,0.00479472410706878,"exclude","a",1.11e-05,0.00231504456818182,"E","E"
"V535",535,9.93503334761377e-05,"nonsyn","c",2.41e-05,0.242575934642317,"L","F"
"V536",536,0.000614730961464894,"nonsyn","t",1.11e-05,0.0180566795815016,"L","P"
"V537",537,0.00205197681082237,"exclude","t",1.11e-05,0.00540941785572687,"L","L"
"V538",538,0.00022897209579659,"nonsyn","a",1.11e-05,0.0484775228238326,"N","D"
"V539",539,0.000551071388792147,"nonsyn","a",1.11e-05,0.0201425808447963,"N","S"
"V540",540,0.0151455172932609,"syn","t",1.11e-05,0.00073289012089003,"N","N"
"V541",541,0.000265201170650518,"nonsyn","a",1.11e-05,0.0418550188627469,"K","E"
"V542",542,0.000600580369097613,"nonsyn","a",1.11e-05,0.0184821225786617,"K","R"
"V543",543,0.00645399178847715,"exclude","g",5.48e-05,0.00849086918546116,"K","K"
"V544",544,0.000775003413996424,"nonsyn","a",1.11e-05,0.0143225175522275,"R","G"
"V545",545,0.00644448950633007,"nonsyn","g",5.48e-05,0.00850338881709296,"R","K"
"V546",546,0.00562788952161079,"syn","a",1.11e-05,0.00197232016680082,"R","R"
"V547",547,0.000441480492900078,"nonsyn","a",1.11e-05,0.0251426737500547,"T","A"
"V548",548,9.0541444884352e-05,"nonsyn","c",2.41e-05,0.266176445834091,"T","I"
"V549",549,0.0132410570398306,"syn","t",1.11e-05,0.000838301652701135,"T","T"
"V550",550,8.53033425355031e-05,"stop","c",2.41e-05,0.282521168381762,"Q","*"
"V551",551,0.000463028607566508,"nonsyn","a",1.11e-05,0.0239726008687393,"Q","R"
"V552",552,0.015107308425049,"exclude","a",1.11e-05,0.000734743720568742,"Q","Q"
"V553",553,0.00112053451782937,"nonsyn","g",5.48e-05,0.0489052315016188,"D","N"
"V554",554,0.000934166708814119,"nonsyn","a",1.11e-05,0.0118822474567638,"D","G"
"V555",555,0.0393890702983985,"syn","c",2.41e-05,0.00061184485486523,"D","D"
"V556",556,0.000732450217099165,"nonsyn","t",1.11e-05,0.0151546135708185,"F","L"
"V557",557,0.000136622100240786,"nonsyn","t",1.11e-05,0.0812460061764319,"F","S"
"V558",558,0.0034377442305862,"exclude","c",2.41e-05,0.00701041100893375,"F","F"
"V559",559,0.00017419840765945,"nonsyn","t",1.11e-05,0.0637204446879905,"W","R"
"V560",560,0.000241495644028175,"stop","g",5.48e-05,0.226919206847501,"W","*"
"V561",561,0.000213785750341937,"stop","g",5.48e-05,0.256331396794926,"W","*"
"V562",562,0.000305082719913203,"nonsyn","g",5.48e-05,0.179623414972801,"E","K"
"V563",563,0.000325620053940388,"nonsyn","a",1.11e-05,0.034088809536381,"E","G"
"V564",564,0.00922325651979298,"syn","a",1.11e-05,0.00120347948429923,"E","E"
"V565",565,0.000505770682001629,"nonsyn","g",5.48e-05,0.108349498992556,"V","I"
"V566",566,0.000365305969548488,"nonsyn","t",1.11e-05,0.0303854875783152,"V","A"
"V567",567,0.00606283633394279,"syn","t",1.11e-05,0.00183082626490454,"V","V"
"V568",568,0.000144501673654826,"stop","c",2.41e-05,0.16678007520915,"Q","*"
"V569",569,0.000162268478414742,"nonsyn","a",1.11e-05,0.0684051524266438,"Q","R"
"V570",570,0.00247117773824312,"syn","a",1.11e-05,0.00449178536542318,"Q","Q"
"V571",571,0.0120304008992424,"syn","t",1.11e-05,0.000922662519143401,"L","L"
"V572",572,0.000134911772674801,"nonsyn","t",1.11e-05,0.0822759925240629,"L","S"
"V573",573,0.00061364786761852,"syn","a",1.11e-05,0.0180885497786826,"L","L"
"V574",574,0.000174338353394449,"nonsyn","g",5.48e-05,0.314331292759272,"G","R"
"V575",575,0.00205422345866027,"nonsyn","g",5.48e-05,0.026676747249172,"G","E"
"V576",576,0.00656668222008145,"syn","a",1.11e-05,0.00169035132628396,"G","G"
"V577",577,0.00032229978783419,"nonsyn","a",1.11e-05,0.0344399854389929,"I","V"
"V578",578,0.000216804602564941,"nonsyn","t",1.11e-05,0.0511981750787563,"I","T"
"V579",579,0.000371985920949922,"nonsyn","a",1.11e-05,0.0298398390230858,"I","M"
"V580",580,0.000228164061664407,"nonsyn","c",2.41e-05,0.105625749402407,"P","S"
"V581",581,0.00016685168070624,"nonsyn","c",2.41e-05,0.144439659810383,"P","L"
"V582",582,0.00240501652150222,"exclude","a",1.11e-05,0.00461535290953708,"P","P"
"V583",583,0.000107068815063189,"nonsyn","c",2.41e-05,0.225088883124156,"H","Y"
"V584",584,0.000293814825892492,"nonsyn","a",1.11e-05,0.0377788968486619,"H","R"
"V585",585,0.00580859265953168,"exclude","t",1.11e-05,0.00191096202653931,"H","H"
"V586",586,9.69178509339813e-05,"nonsyn","c",2.41e-05,0.248664201359732,"P","S"
"V587",587,0.000168774534952587,"nonsyn","c",2.41e-05,0.142794053657267,"P","L"
"V588",588,0.0119378241751339,"exclude","c",2.41e-05,0.00201879334512226,"P","P"
"V589",589,0.000413959862580969,"nonsyn","g",5.48e-05,0.132379984035967,"A","T"
"V590",590,9.60958584068794e-05,"nonsyn","c",2.41e-05,0.250791245320461,"A","V"
"V591",591,0.0064601988626763,"syn","a",1.11e-05,0.00171821336091217,"A","A"
"V592",592,0.000113479794182834,"nonsyn","g",5.48e-05,0.482905352398758,"G","R"
"V593",593,0.000139970262697747,"nonsyn","g",5.48e-05,0.391511732162248,"G","E"
"V594",594,0.0187119395358687,"exclude","g",5.48e-05,0.00292861142988167,"G","G"
"V595",595,0.0118095765130031,"res","t",1.11e-05,0.000939915160190393,"L","L"
"V596",596,0.000162053901013456,"res","t",1.11e-05,0.0684957284618426,"L","S"
"V597",597,0.00385595986956481,"res","a",1.11e-05,0.00287866066439451,"L","L"
"V598",598,0.0017292500789186,"res","a",1.11e-05,0.00641896746764439,"K","E"
"V599",599,0.000345661729820247,"res","a",1.11e-05,0.0321123197693082,"K","R"
"V600",600,0.00996423152803814,"res","a",1.11e-05,0.00111398455252329,"K","K"
"V601",601,0.000348082040079501,"nonsyn","a",1.11e-05,0.0318890339687299,"K","E"
"V602",602,0.00740918659093394,"nonsyn","a",1.11e-05,0.00149814016204994,"K","R"
"V603",603,0.00230089669595184,"syn","g",5.48e-05,0.0238168015523748,"K","K"
"V604",604,0.000545019797403113,"res","a",1.11e-05,0.0203662326632699,"K","E"
"V605",605,0.00431834669360446,"res","a",1.11e-05,0.00257042817253169,"K","R"
"V606",606,0.00239058387064931,"res","a",1.11e-05,0.00464321713882606,"K","K"
"V607",607,0.000154460193072116,"nonsyn","a",1.11e-05,0.0718631757427465,"K","E"
"V608",608,0.00165009008101523,"nonsyn","a",1.11e-05,0.00672690547486392,"K","R"
"V609",609,0.00455370859661066,"syn","a",1.11e-05,0.00243757363136099,"K","K"
"V610",610,0.000106771568339272,"nonsyn","t",1.11e-05,0.103960259951687,"S","P"
"V611",611,0.000105046330281087,"nonsyn","c",2.41e-05,0.229422578927911,"S","L"
"V612",612,0.00366792242260945,"syn","a",1.11e-05,0.00302623630521149,"S","S"
"V613",613,0.000631239598148963,"res","g",5.48e-05,0.0868133117134835,"V","I"
"V614",614,0.000191060312746635,"res","t",1.11e-05,0.0580968378017871,"V","A"
"V615",615,0.0133718640412354,"exclude","a",1.11e-05,0.000830101171068629,"V","V"
"V616",616,0.000607237908559299,"nonsyn","a",1.11e-05,0.018279491190422,"T","A"
"V617",617,0.000142780767901403,"nonsyn","c",2.41e-05,0.16879023942946,"T","I"
"V618",618,0.000678451794270301,"syn","a",1.11e-05,0.0163607791942513,"T","T"
"V619",619,0.000915478554231645,"res","g",5.48e-05,0.059859403310647,"V","I"
"V620",620,0.000265156666037354,"res","t",1.11e-05,0.0418620439225024,"V","A"
"V621",621,0.00723939639928945,"res","a",1.11e-05,0.0015332770009789,"V","V"
"V622",622,0.00537677636583877,"syn","c",2.41e-05,0.00448223960980018,"L","L"
"V623",623,0.000381030828032683,"nonsyn","t",1.11e-05,0.0291315011368263,"L","P"
"V624",624,0.0239814931331524,"exclude","g",5.48e-05,0.00228509541485737,"L","L"
"V625",625,0.00111480163497292,"nonsyn","g",5.48e-05,0.0491567273323306,"D","N"
"V626",626,0.000401481761268499,"nonsyn","a",1.11e-05,0.0276475822087884,"D","G"
"V627",627,0.00329831675232737,"syn","t",1.11e-05,0.00336535294621645,"D","D"
"V628",628,0.000425970831721242,"nonsyn","g",5.48e-05,0.128647306151379,"V","M"
"V629",629,0.000694941770508532,"nonsyn","t",1.11e-05,0.0159725612577259,"V","A"
"V630",630,0.0034810846248295,"syn","g",5.48e-05,0.0157422199992291,"V","V"
"V631",631,0.000254998329672002,"nonsyn","g",5.48e-05,0.21490336846711,"G","S"
"V632",632,0.000145021322429665,"nonsyn","g",5.48e-05,0.37787546742706,"G","D"
"V633",633,0.0485437689523465,"exclude","t",1.11e-05,0.000228659624902558,"G","G"
"V634",634,0.000455643275261777,"nonsyn","g",5.48e-05,0.12026952437412,"D","N"
"V635",635,0.000917896588652079,"nonsyn","a",1.11e-05,0.0120928655114627,"D","G"
"V636",636,0.0140707481505825,"syn","t",1.11e-05,0.000788870632976293,"D","D"
"V637",637,0.000828933418107463,"nonsyn","g",5.48e-05,0.0661090490537996,"A","T"
"V638",638,0.000214213930194175,"nonsyn","c",2.41e-05,0.112504354773541,"A","V"
"V639",639,0.00432577713688566,"syn","a",1.11e-05,0.00256601291484735,"A","A"
"V640",640,0.000452811541725101,"nonsyn","t",1.11e-05,0.0245135094342157,"Y","H"
"V641",641,7.10641910524227e-05,"nonsyn","a",1.11e-05,0.156196810737095,"Y","C"
"V642",642,0.00951636714264782,"syn","t",1.11e-05,0.00116641149228628,"Y","Y"
"V643",643,0.000126732218164812,"res","t",1.11e-05,0.0875862520260217,"F","L"
"V644",644,0.000244441023600214,"res","t",1.11e-05,0.0454097263892749,"F","S"
"V645",645,0.0284383056692228,"res","t",1.11e-05,0.000390318612125085,"F","F"
"V646",646,0.000474146522964239,"nonsyn","t",1.11e-05,0.0234104848657452,"S","P"
"V647",647,0.000119585395826332,"nonsyn","c",2.41e-05,0.201529625197705,"S","L"
"V648",648,0.000527775860291597,"syn","a",1.11e-05,0.0210316553581424,"S","S"
"V649",649,0.00363796970359288,"nonsyn","g",5.48e-05,0.0150633469943082,"V","I"
"V650",650,0.000419964226943213,"nonsyn","t",1.11e-05,0.0264308226459987,"V","A"
"V651",651,0.00539914040824973,"syn","t",1.11e-05,0.00205588281850191,"V","V"
"V652",652,0.000117605672592,"nonsyn","c",2.41e-05,0.204922088100361,"P","S"
"V653",653,0.000117589912586041,"nonsyn","c",2.41e-05,0.204949552814456,"P","L"
"V654",654,0.00153432373606217,"exclude","c",2.41e-05,0.0157072457614796,"P","P"
"V655",655,0.00282728334903296,"syn","t",1.11e-05,0.00392603026640277,"L","L"
"V656",656,0.000179382027443598,"nonsyn","t",1.11e-05,0.0618791088393184,"L","S"
"V657",657,0.0011083042533278,"syn","a",1.11e-05,0.0100153003714198,"L","L"
"V658",658,0.000787935506624114,"nonsyn","g",5.48e-05,0.0695488393901538,"D","N"
"V659",659,0.00128017191645778,"nonsyn","a",1.11e-05,0.00867071043919911,"D","G"
"V660",660,0.00385701546420733,"syn","t",1.11e-05,0.00287787282758048,"D","D"
"V661",661,0.0205040331578282,"exclude","a",1.11e-05,0.000541356908397416,"K","E"
"V662",662,0.000494328211408254,"nonsyn","a",1.11e-05,0.0224547168133052,"K","R"
"V663",663,0.0150653208134719,"syn","a",1.11e-05,0.000736791478749926,"K","K"
"V664",664,0.00156461202822199,"exclude","g",5.48e-05,0.0350246572386857,"D","N"
"V665",665,0.000840109540698653,"exclude","a",1.11e-05,0.0132125627222005,"D","G"
"V666",666,0.0197686157767129,"syn","c",2.41e-05,0.00121910407244545,"D","D"
"V667",667,0.000233132648779087,"nonsyn","t",1.11e-05,0.0476123788672697,"F","L"
"V668",668,0.000100439688049704,"nonsyn","t",1.11e-05,0.110514082784756,"F","S"
"V669",669,0.0210033800855938,"exclude","c",2.41e-05,0.00114743436064989,"F","F"
"V670",670,0.000753774383709061,"nonsyn","a",1.11e-05,0.0147258917786258,"R","G"
"V671",671,0.000141737522749266,"nonsyn","g",5.48e-05,0.386630152249389,"R","K"
"V672",672,0.00601025835661124,"exclude","g",5.48e-05,0.00911774448759268,"R","R"
"V673",673,0.000386060740435647,"nonsyn","a",1.11e-05,0.0287519523157788,"K","E"
"V674",674,0.000586723074382382,"nonsyn","a",1.11e-05,0.0189186355278161,"K","R"
"V675",675,0.00765341477253719,"exclude","g",5.48e-05,0.00716020255385077,"K","K"
"V676",676,0.000219811475126339,"nonsyn","t",1.11e-05,0.0504978186130645,"Y","H"
"V677",677,0.000187711486368169,"nonsyn","a",1.11e-05,0.059133301934592,"Y","C"
"V678",678,0.00159672654480641,"syn","t",1.11e-05,0.00695172259527119,"Y","Y"
"V679",679,0.000400029353532573,"nonsyn","a",1.11e-05,0.0277479637481057,"T","A"
"V680",680,0.000189872464823646,"nonsyn","c",2.41e-05,0.126927303663457,"T","I"
"V681",681,0.00095206297067094,"syn","t",1.11e-05,0.0116588926803629,"T","T"
"V682",682,0.000232309086065836,"nonsyn","g",5.48e-05,0.235892624468721,"A","T"
"V683",683,0.000110342102743471,"nonsyn","c",2.41e-05,0.218411643432507,"A","V"
"V684",684,0.00117814379461817,"syn","a",1.11e-05,0.00942160036041902,"A","A"
"V685",685,0.000338245289244894,"nonsyn","t",1.11e-05,0.0328164215524772,"F","L"
"V686",686,0.000152562211092786,"nonsyn","t",1.11e-05,0.0727572045560427,"F","S"
"V687",687,0.0144950173068829,"exclude","t",1.11e-05,0.000765780389563883,"F","F"
"V688",688,0.00034824663143245,"nonsyn","a",1.11e-05,0.0318739622960375,"T","A"
"V689",689,0.000294925056032824,"nonsyn","c",2.41e-05,0.0817156749046028,"T","I"
"V690",690,0.00176913285027854,"syn","c",2.41e-05,0.0136224930740535,"T","T"
"V691",691,0.000333050549781023,"nonsyn","a",1.11e-05,0.0333282740631959,"I","V"
"V692",692,0.000324232888083527,"nonsyn","t",1.11e-05,0.0342346517208966,"I","T"
"V693",693,0.00140435242931595,"nonsyn","a",1.11e-05,0.00790399885974973,"I","M"
"V694",694,0.000194149446168883,"nonsyn","c",2.41e-05,0.124131180776258,"P","S"
"V695",695,7.27677605060386e-05,"nonsyn","c",2.41e-05,0.331190623875254,"P","L"
"V696",696,0.00565886392052363,"syn","t",1.11e-05,0.00196152446072124,"P","P"
"V697",697,0.000188771062536775,"nonsyn","a",1.11e-05,0.0588013853968618,"S","G"
"V698",698,0.00301085787690339,"nonsyn","g",5.48e-05,0.0182007926778532,"S","N"
"V699",699,0.016452846267003,"syn","t",1.11e-05,0.000674655304004244,"S","S"
"V700",700,0.000650933507544952,"nonsyn","a",1.11e-05,0.0170524329618006,"I","V"
"V701",701,0.013565806355827,"nonsyn","t",1.11e-05,0.000818233705306589,"I","T"
"V702",702,0.000271737167420845,"nonsyn","a",1.11e-05,0.0408482950836431,"I","M"
"V703",703,0.000366618003942178,"nonsyn","a",1.11e-05,0.0302767454970669,"N","D"
"V704",704,0.000271366585453338,"nonsyn","a",1.11e-05,0.0409040780811559,"N","S"
"V705",705,0.00744914432750392,"syn","c",2.41e-05,0.00323527091709277,"N","N"
"V706",706,0.000142929983474351,"nonsyn","a",1.11e-05,0.0776604021786085,"N","D"
"V707",707,0.000225560003827667,"nonsyn","a",1.11e-05,0.049210852153029,"N","S"
"V708",708,0.0026800708106027,"syn","t",1.11e-05,0.00414168161381668,"N","N"
"V709",709,0.000234537196802022,"nonsyn","g",5.48e-05,0.233651637127128,"E","K"
"V710",710,0.000909008045121317,"nonsyn","a",1.11e-05,0.0122111130474303,"E","G"
"V711",711,0.0011539080185679,"exclude","g",5.48e-05,0.0474907870629164,"E","E"
"V712",712,0.00161942405466159,"nonsyn","a",1.11e-05,0.00685428870100338,"T","A"
"V713",713,0.000260560173897446,"nonsyn","c",2.41e-05,0.0924930300725297,"T","I"
"V714",714,0.00413482371326602,"syn","a",1.11e-05,0.00268451589952606,"T","T"
"V715",715,0.000112720283698829,"nonsyn","c",2.41e-05,0.213803578284024,"P","S"
"V716",716,0.000170639134397033,"nonsyn","c",2.41e-05,0.141233721591236,"P","L"
"V717",717,0.000978881396626896,"syn","a",1.11e-05,0.0113394738507129,"P","P"
"V718",718,8.9909026286404e-05,"nonsyn","g",5.48e-05,0.609504988135845,"G","R"
"V719",719,0.000138368041865748,"nonsyn","g",5.48e-05,0.396045208568968,"G","E"
"V720",720,0.0119753123475975,"exclude","g",5.48e-05,0.00457608105821089,"G","G"
"V721",721,0.0082092253158783,"nonsyn","a",1.11e-05,0.00135213733000242,"I","V"
"V722",722,0.00270149276725255,"nonsyn","t",1.11e-05,0.00410883942927925,"I","T"
"V723",723,0.014018989955142,"exclude","t",1.11e-05,0.000791783148109656,"I","I"
"V724",724,0.000645880028103743,"nonsyn","a",1.11e-05,0.0171858542097807,"R","G"
"V725",725,0.000637491267342352,"nonsyn","g",5.48e-05,0.0859619618453075,"R","K"
"V726",726,0.0028401343794786,"syn","a",1.11e-05,0.00390826577791639,"R","R"
"V727",727,0.000220461281560649,"nonsyn","t",1.11e-05,0.0503489770240965,"Y","H"
"V728",728,0.000119482228440441,"nonsyn","a",1.11e-05,0.0929008451288892,"Y","C"
"V729",729,0.00769085433292932,"syn","t",1.11e-05,0.00144327268720642,"Y","Y"
"V730",730,0.0001203058123304,"stop","c",2.41e-05,0.200322823421144,"Q","*"
"V731",731,0.00026810856290289,"nonsyn","a",1.11e-05,0.0414011394482035,"Q","R"
"V732",732,0.0135806489871322,"exclude","g",5.48e-05,0.00403515325754487,"Q","Q"
"V733",733,0.000333959017509218,"nonsyn","t",1.11e-05,0.0332376112577754,"Y","H"
"V734",734,0.000143864428579703,"nonsyn","a",1.11e-05,0.0771559732282983,"Y","C"
"V735",735,0.0174187253096375,"exclude","c",2.41e-05,0.00138356852017557,"Y","Y"
"V736",736,0.00013525650572799,"nonsyn","a",1.11e-05,0.0820662927838964,"N","D"
"V737",737,0.000219512737580614,"nonsyn","a",1.11e-05,0.0505665417065998,"N","S"
"V738",738,0.0304485638303492,"syn","t",1.11e-05,0.000364549213613032,"N","N"
"V739",739,0.000139234376716006,"nonsyn","g",5.48e-05,0.39358096249301,"V","M"
"V740",740,0.00059782115970207,"nonsyn","t",1.11e-05,0.0185674257591213,"V","A"
"V741",741,0.0157610920402136,"syn","g",5.48e-05,0.00347691643828871,"V","V"
"V742",742,0.0027510270218083,"nonsyn","c",2.41e-05,0.0087603646961485,"L","F"
"V743",743,0.00134030936067277,"nonsyn","t",1.11e-05,0.00828167013205693,"L","P"
"V744",744,0.0501414409035803,"exclude","t",1.11e-05,0.000221373773867903,"L","L"
"V745",745,0.000166726316918334,"nonsyn","c",2.41e-05,0.144548265957345,"P","S"
"V746",746,0.000335044467581944,"nonsyn","c",2.41e-05,0.0719307504879355,"P","L"
"V747",747,0.00471066315981427,"syn","a",1.11e-05,0.00235635612724168,"P","P"
"V748",748,0.000113107161134568,"res","c",2.41e-05,0.213072273746905,"Q","*"
"V749",749,0.000679792159254067,"res","a",1.11e-05,0.0163285201938486,"Q","R"
"V750",750,0.0336312002184276,"res","g",5.48e-05,0.00162943931956295,"Q","Q"
"V751",751,0.000115195418477507,"nonsyn","g",5.48e-05,0.475713363641282,"G","R"
"V752",752,0.000831387472629682,"nonsyn","g",5.48e-05,0.0659139111474309,"G","E"
"V753",753,0.00378850748236833,"syn","a",1.11e-05,0.00292991370656103,"G","G"
"V754",754,0.000371245495438773,"nonsyn","t",1.11e-05,0.0298993526827335,"W","R"
"V755",755,0.000676550502916555,"stop","g",5.48e-05,0.0809991268408811,"W","*"
"V756",756,0.00090252308613398,"stop","g",5.48e-05,0.0607186684107324,"W","*"
"V757",757,0.000368740528486491,"nonsyn","a",1.11e-05,0.0301024681110058,"K","E"
"V758",758,0.000456933270891847,"nonsyn","a",1.11e-05,0.0242923873289745,"K","R"
"V759",759,0.00305047413299391,"syn","a",1.11e-05,0.00363877860164178,"K","K"
"V760",760,0.000145687255238758,"nonsyn","g",5.48e-05,0.376148208092682,"G","R"
"V761",761,0.000155605939581803,"nonsyn","g",5.48e-05,0.352171646836086,"G","E"
"V762",762,0.00161580839966019,"syn","a",1.11e-05,0.00686962637546281,"G","G"
"V763",763,0.000501977772940479,"nonsyn","t",1.11e-05,0.0221125328617213,"S","P"
"V764",764,0.000131255454126438,"nonsyn","c",2.41e-05,0.183611417600861,"S","L"
"V765",765,0.00169967119408492,"syn","a",1.11e-05,0.00653067489678562,"S","S"
"V766",766,0.000102706504562349,"nonsyn","c",2.41e-05,0.234649208467315,"P","S"
"V767",767,0.000118797061467182,"nonsyn","c",2.41e-05,0.202866970801779,"P","L"
"V768",768,0.000891406150444893,"exclude","a",1.11e-05,0.0124522362723884,"P","P"
"V769",769,0.000194591153041599,"nonsyn","g",5.48e-05,0.281616091705284,"A","T"
"V770",770,8.45388187483802e-05,"nonsyn","c",2.41e-05,0.285076138474691,"A","V"
"V771",771,0.00199915179412943,"syn","a",1.11e-05,0.00555235476995569,"A","A"
"V772",772,0.000297691661969961,"nonsyn","a",1.11e-05,0.0372869025841914,"I","V"
"V773",773,8.49978145409838e-05,"nonsyn","t",1.11e-05,0.130591592971462,"I","T"
"V774",774,8.9751456794655e-05,"nonsyn","a",1.11e-05,0.123674872769988,"I","M"
"V775",775,0.000412125988448384,"nonsyn","t",1.11e-05,0.0269335113803195,"F","L"
"V776",776,0.000464215191597585,"nonsyn","t",1.11e-05,0.023911324318792,"F","S"
"V777",777,0.017787552328598,"syn","c",2.41e-05,0.00135488006189885,"F","F"
"V778",778,0.000442741259505211,"stop","c",2.41e-05,0.0544335985919477,"Q","*"
"V779",779,0.00021290650478819,"nonsyn","a",1.11e-05,0.0521355606821071,"Q","R"
"V780",780,0.00143309227149268,"exclude","a",1.11e-05,0.00774548870355604,"Q","Q"
"V781",781,0.00586758849295067,"nonsyn","a",1.11e-05,0.00189174820513326,"S","G"
"V782",782,0.011243739027052,"nonsyn","g",5.48e-05,0.00487382354465479,"S","N"
"V783",783,0.0163452362427129,"syn","t",1.11e-05,0.000679096945138902,"S","S"
"V784",784,0.000267966647856597,"nonsyn","a",1.11e-05,0.0414230654776865,"S","G"
"V785",785,0.000189915440076932,"nonsyn","g",5.48e-05,0.288549472216695,"S","N"
"V786",786,0.0108976979266358,"syn","c",2.41e-05,0.00221147623674681,"S","S"
"V787",787,0.000599425135471359,"nonsyn","a",1.11e-05,0.0185177419883661,"M","V"
"V788",788,0.00045754876806467,"nonsyn","t",1.11e-05,0.0242597090730908,"M","T"
"V789",789,0.00022654351696551,"nonsyn","g",5.48e-05,0.241896129865164,"M","I"
"V790",790,0.00152009672484219,"nonsyn","a",1.11e-05,0.00730216690727517,"T","A"
"V791",791,0.0120749672815924,"nonsyn","c",2.41e-05,0.00199586462124324,"T","I"
"V792",792,0.00423294815917041,"syn","a",1.11e-05,0.00262228583545313,"T","T"
"V793",793,0.000151885059112163,"nonsyn","a",1.11e-05,0.0730815793527326,"K","E"
"V794",794,0.00473322520263945,"nonsyn","a",1.11e-05,0.00234512399575033,"K","R"
"V795",795,0.0173555927622059,"syn","a",1.11e-05,0.000639563289602629,"K","K"
"V796",796,0.00102816752618705,"nonsyn","a",1.11e-05,0.0107959060340724,"I","V"
"V797",797,0.000207690173185096,"nonsyn","t",1.11e-05,0.0534449937123773,"I","T"
"V798",798,0.00339488658093869,"syn","c",2.41e-05,0.00709891167949898,"I","I"
"V799",799,0.00504203866105874,"syn","t",1.11e-05,0.0022014904577644,"L","L"
"V800",800,0.000146649207159004,"nonsyn","t",1.11e-05,0.0756908285768287,"L","S"
"V801",801,0.00717842169781939,"syn","a",1.11e-05,0.00154630090948431,"L","L"
"V802",802,0.000590868319052555,"nonsyn","g",5.48e-05,0.0927448607971919,"E","K"
"V803",803,0.000703384042014835,"nonsyn","a",1.11e-05,0.0157808527589056,"E","G"
"V804",804,0.00791174876752529,"syn","g",5.48e-05,0.00692640800538726,"E","E"
"V805",805,0.000222858462806901,"nonsyn","c",2.41e-05,0.108140385141586,"P","S"
"V806",806,0.000107669708801543,"nonsyn","c",2.41e-05,0.223832684867952,"P","L"
"V807",807,0.00194676075844579,"exclude","t",1.11e-05,0.0057017792000604,"P","P"
"V808",808,0.000252197944166393,"nonsyn","t",1.11e-05,0.0440130471193553,"F","L"
"V809",809,0.0089646800910951,"nonsyn","t",1.11e-05,0.00123819253863013,"F","S"
"V810",810,0.00107729138129584,"syn","t",1.11e-05,0.0103036190511876,"F","F"
"V811",811,0.0126399005668016,"nonsyn","a",1.11e-05,0.000878171465142211,"R","G"
"V812",812,0.000783229702312309,"nonsyn","g",5.48e-05,0.069966703047925,"R","K"
"V813",813,0.00256632889765013,"exclude","a",1.11e-05,0.0043252445195796,"R","R"
"V814",814,0.00713122872759008,"exclude","a",1.11e-05,0.00155653400332752,"K","E"
"V815",815,0.018599569154972,"exclude","a",1.11e-05,0.000596788017373658,"K","R"
"V816",816,0.00176867645314251,"syn","a",1.11e-05,0.0062758793335423,"K","K"
"V817",817,0.0169587570165152,"exclude","c",2.41e-05,0.00142109471681977,"Q","*"
"V818",818,0.00183669329524326,"nonsyn","a",1.11e-05,0.00604346954864334,"Q","R"
"V819",819,0.00364844466394163,"syn","a",1.11e-05,0.00304239231300496,"Q","Q"
"V820",820,0.000112741406666023,"nonsyn","a",1.11e-05,0.0984553974289311,"N","D"
"V821",821,0.000231180710474155,"nonsyn","a",1.11e-05,0.0480143865689908,"N","S"
"V822",822,0.00967661256646189,"syn","t",1.11e-05,0.00114709563122031,"N","N"
"V823",823,0.00439913508967403,"nonsyn","c",2.41e-05,0.00547834960935145,"P","S"
"V824",824,0.00524958577794459,"nonsyn","c",2.41e-05,0.00459083840505146,"P","L"
"V825",825,0.012183148434274,"syn","a",1.11e-05,0.000911094538483428,"P","P"
"V826",826,0.00681194448639629,"nonsyn","g",5.48e-05,0.00804469268788635,"D","N"
"V827",827,0.00324269698890148,"nonsyn","a",1.11e-05,0.00342307654338073,"D","G"
"V828",828,0.00372829823917964,"exclude","c",2.41e-05,0.00646407515008855,"D","D"
"V829",829,0.0019132645252563,"nonsyn","a",1.11e-05,0.00580160236782368,"I","V"
"V830",830,0.000570379437040276,"nonsyn","t",1.11e-05,0.0194607296111487,"I","T"
"V831",831,0.00868816594844851,"exclude","a",1.11e-05,0.00127759990610932,"I","M"
"V832",832,0.00181318280641026,"nonsyn","g",5.48e-05,0.0302230970899691,"V","I"
"V833",833,0.00184112634340173,"nonsyn","t",1.11e-05,0.00602891813469533,"V","A"
"V834",834,0.00799442571073043,"exclude","t",1.11e-05,0.00138846746491135,"V","V"
"V835",835,0.00050949927530213,"nonsyn","a",1.11e-05,0.021786095757286,"I","V"
"V836",836,0.000992698264072474,"nonsyn","t",1.11e-05,0.0111816454221075,"I","T"
"V837",837,0.00581786283231021,"syn","c",2.41e-05,0.00414241461076698,"I","I"
"V838",838,0.000376164728139673,"res","t",1.11e-05,0.0295083487888276,"Y","H"
"V839",839,0.000399954895293247,"res","a",1.11e-05,0.027753129491918,"Y","C"
"V840",840,0.0048991864624386,"res","t",1.11e-05,0.00226568228931521,"Y","Y"
"V841",841,0.000128765091875686,"stop","c",2.41e-05,0.18716252711773,"Q","*"
"V842",842,0.000161159386605916,"nonsyn","a",1.11e-05,0.0688759136763339,"Q","R"
"V843",843,0.0049734869736329,"syn","a",1.11e-05,0.00223183453758842,"Q","Q"
"V844",844,0.000163123582418678,"nonsyn","t",1.11e-05,0.0680465683466317,"Y","H"
"V845",845,0.000150073702787889,"nonsyn","a",1.11e-05,0.0739636578147771,"Y","C"
"V846",846,0.00469932658545181,"exclude","c",2.41e-05,0.00512839436922917,"Y","Y"
"V847",847,0.000366187398335499,"res","a",1.11e-05,0.0303123484053655,"M","V"
"V848",848,0.000356874072909565,"res","t",1.11e-05,0.0311034082961046,"M","T"
"V849",849,0.000304208456379738,"res","g",5.48e-05,0.180139634026459,"M","I"
"V850",850,0.000516588405122467,"nonsyn","g",5.48e-05,0.106080584574887,"D","N"
"V851",851,0.000305718567544035,"nonsyn","a",1.11e-05,0.036307902687007,"D","G"
"V852",852,0.00377372689443266,"syn","t",1.11e-05,0.00294138932427138,"D","D"
"V853",853,0.00283244063261066,"nonsyn","g",5.48e-05,0.0193472722319658,"D","N"
"V854",854,0.000443875630975627,"nonsyn","a",1.11e-05,0.0250070047224771,"D","G"
"V855",855,0.011812031089258,"exclude","t",1.11e-05,0.000939719842940003,"D","D"
"V856",856,0.00238556006532227,"syn","t",1.11e-05,0.00465299539565375,"L","L"
"V857",857,0.00014701297127666,"nonsyn","t",1.11e-05,0.0755035416508329,"L","S"
"V858",858,0.00504440874095341,"syn","g",5.48e-05,0.0108635130129528,"L","L"
"V859",859,0.000742581144999283,"res","t",1.11e-05,0.0149478613546143,"Y","H"
"V860",860,0.000304230915220331,"res","a",1.11e-05,0.0364854439331424,"Y","C"
"V861",861,0.00833078602866303,"res","t",1.11e-05,0.00133240728567619,"Y","Y"
"V862",862,0.00727473164442186,"nonsyn","g",5.48e-05,0.00753292391782172,"V","I"
"V863",863,0.00075780404337286,"nonsyn","t",1.11e-05,0.0146475861366426,"V","A"
"V864",864,0.0242838583603935,"syn","a",1.11e-05,0.000457093754841854,"V","V"
"V865",865,0.000227078359050971,"res","g",5.48e-05,0.241326387195265,"G","R"
"V866",866,0.000447668580134269,"res","g",5.48e-05,0.122411986080336,"G","E"
"V867",867,0.00229882808287456,"res","a",1.11e-05,0.00482854724226269,"G","G"
"V868",868,0.000578591539482793,"nonsyn","t",1.11e-05,0.0191845183390037,"S","P"
"V869",869,0.000113963857292919,"nonsyn","c",2.41e-05,0.211470553669101,"S","F"
"V870",870,0.000836507913012818,"syn","t",1.11e-05,0.013269450088071,"S","S"
"V871",871,0.00274745495539164,"nonsyn","g",5.48e-05,0.0199457319190838,"D","N"
"V872",872,0.000987984451738198,"nonsyn","a",1.11e-05,0.0112349946200786,"D","G"
"V873",873,0.000844521543663018,"exclude","c",2.41e-05,0.0285368682194523,"D","D"
"V874",874,0.00163211822715083,"syn","t",1.11e-05,0.0068009779042644,"L","L"
"V875",875,0.000191686584826114,"nonsyn","t",1.11e-05,0.0579070257319739,"L","S"
"V876",876,0.0142307335957784,"syn","a",1.11e-05,0.000780001953187629,"L","L"
"V877",877,0.00243396843172368,"nonsyn","g",5.48e-05,0.0225146716308033,"E","K"
"V878",878,0.000334896289124447,"nonsyn","a",1.11e-05,0.0331445894160841,"E","G"
"V879",879,0.00867701742863402,"syn","a",1.11e-05,0.00127924140884749,"E","E"
"V880",880,0.000700114454491616,"nonsyn","a",1.11e-05,0.0158545505363979,"I","V"
"V881",881,0.000511992636227214,"nonsyn","t",1.11e-05,0.021679999309744,"I","T"
"V882",882,0.000673559538119693,"nonsyn","a",1.11e-05,0.0164796122269855,"I","M"
"V883",883,0.000438423104012006,"nonsyn","g",5.48e-05,0.124993412752489,"G","R"
"V884",884,0.000317666904276639,"nonsyn","g",5.48e-05,0.172507740851334,"G","E"
"V885",885,0.0133932778695614,"syn","g",5.48e-05,0.00409160479859399,"G","G"
"V886",886,0.000186524672372626,"stop","c",2.41e-05,0.129205427321994,"Q","*"
"V887",887,0.00106153937053677,"nonsyn","a",1.11e-05,0.0104565127851897,"Q","R"
"V888",888,0.00735157748175729,"exclude","g",5.48e-05,0.00745418247117499,"Q","Q"
"V889",889,0.00012190740634652,"nonsyn","c",2.41e-05,0.197691024050632,"H","Y"
"V890",890,0.000311605078434535,"nonsyn","a",1.11e-05,0.0356220125030215,"H","R"
"V891",891,0.010688017175955,"exclude","t",1.11e-05,0.00103854623521488,"H","H"
"V892",892,0.000389953453802435,"nonsyn","a",1.11e-05,0.028464935729544,"R","G"
"V893",893,0.001103991804446,"nonsyn","g",5.48e-05,0.0496380496479317,"R","K"
"V894",894,0.0019588480181321,"syn","a",1.11e-05,0.0056665958243073,"R","R"
"V895",895,0.0155803179977064,"exclude","a",1.11e-05,0.000712437320062018,"T","A"
"V896",896,0.0396183640314773,"nonsyn","c",2.41e-05,0.000608303764911954,"T","I"
"V897",897,0.0125438204299301,"syn","a",1.11e-05,0.00088489787158583,"T","T"
"V898",898,0.000101028219740035,"nonsyn","a",1.11e-05,0.109870291969536,"K","E"
"V899",899,0.00289710310041156,"nonsyn","a",1.11e-05,0.0038314135242281,"K","R"
"V900",900,0.000812236421958698,"syn","a",1.11e-05,0.0136659717539291,"K","K"
"V901",901,0.0154927126723906,"nonsyn","a",1.11e-05,0.000716465878811606,"I","V"
"V902",902,8.66722986045042e-05,"nonsyn","t",1.11e-05,0.128068600680023,"I","T"
"V903",903,0.00450272490181942,"nonsyn","a",1.11e-05,0.00246517392068852,"I","M"
"V904",904,0.00300470562747211,"nonsyn","g",5.48e-05,0.0182380594954002,"E","K"
"V905",905,0.000788815159638595,"nonsyn","a",1.11e-05,0.0140717376743692,"E","G"
"V906",906,0.0137225666015344,"syn","g",5.48e-05,0.00399342204641749,"E","E"
"V907",907,0.00105888997695258,"nonsyn","g",5.48e-05,0.0517523077871706,"E","K"
"V908",908,0.000307240138079436,"nonsyn","a",1.11e-05,0.036128092082585,"E","G"
"V909",909,0.00303740574434292,"exclude","a",1.11e-05,0.00365443438719816,"E","E"
"V910",910,0.0119309667614728,"exclude","c",2.41e-05,0.00201995366191305,"L","L"
"V911",911,0.00127798704041611,"nonsyn","t",1.11e-05,0.00868553408521724,"L","P"
"V912",912,0.0418454020415104,"exclude","g",5.48e-05,0.00130958235138089,"L","L"
"V913",913,0.000843546288018092,"nonsyn","a",1.11e-05,0.0131587325528744,"R","G"
"V914",914,0.000350806536231544,"nonsyn","g",5.48e-05,0.156211456572834,"R","K"
"V915",915,0.00521168636329091,"syn","a",1.11e-05,0.00212982885504855,"R","R"
"V916",916,0.0218869892788137,"exclude","c",2.41e-05,0.00110111078746351,"Q","*"
"V917",917,0.0201648593686939,"exclude","a",1.11e-05,0.000550462554538459,"Q","R"
"V918",918,0.0226722650199565,"exclude","a",1.11e-05,0.000489584961636149,"Q","Q"
"V919",919,0.000324874210286853,"nonsyn","c",2.41e-05,0.0741825581621899,"H","Y"
"V920",920,0.000451614772246266,"nonsyn","a",1.11e-05,0.0245784697094611,"H","R"
"V921",921,0.000979069131241299,"syn","t",1.11e-05,0.0113372995285093,"H","H"
"V922",922,0.00630312786306765,"syn","c",2.41e-05,0.00382349851114568,"L","L"
"V923",923,0.000360433718262168,"nonsyn","t",1.11e-05,0.030796230867408,"L","P"
"V924",924,0.00237075281432841,"exclude","g",5.48e-05,0.0231150205406479,"L","L"
"V925",925,0.0162247676288882,"res","t",1.11e-05,0.000684139227993408,"L","L"
"V926",926,0.000483248890820248,"res","t",1.11e-05,0.0229695302169433,"L","S"
"V927",927,0.0405660181926314,"exclude","g",5.48e-05,0.00135088437173639,"L","L"
"V928",928,0.00111858477693373,"nonsyn","a",1.11e-05,0.00992325322934164,"R","G"
"V929",929,0.0468101147570451,"exclude","g",5.48e-05,0.00117068715350142,"R","K"
"V930",930,0.0132438298135456,"exclude","g",5.48e-05,0.00413777591312381,"R","R"
"V931",931,0.000496743030398484,"nonsyn","t",1.11e-05,0.0223455576036883,"W","R"
"V932",932,0.000324587075276041,"stop","g",5.48e-05,0.168829889339851,"W","*"
"V933",933,0.000406149493124435,"stop","g",5.48e-05,0.134925688515412,"W","*"
"V934",934,0.00136327799109053,"nonsyn","g",5.48e-05,0.040197230761544,"G","R"
"V935",935,0.000307741235534044,"nonsyn","g",5.48e-05,0.178071683844714,"G","E"
"V936",936,0.0598614386123754,"syn","a",1.11e-05,0.00018542821985747,"G","G"
"V937",937,0.00348332697115874,"nonsyn","t",1.11e-05,0.00318660869103182,"F","L"
"V938",938,0.000195587593774011,"nonsyn","t",1.11e-05,0.0567520658433242,"F","S"
"V939",939,0.0065024282409647,"syn","t",1.11e-05,0.00170705459386249,"F","F"
"V940",940,0.00184839697893976,"res","a",1.11e-05,0.00600520349604064,"T","A"
"V941",941,0.0043899665179192,"res","c",2.41e-05,0.00548979130060043,"T","I"
"V942",942,0.00121033860527151,"exclude","c",2.41e-05,0.0199117832770391,"T","T"
"V943",943,0.000504018465322971,"nonsyn","a",1.11e-05,0.022023002655046,"T","A"
"V944",944,9.72471152730271e-05,"nonsyn","c",2.41e-05,0.247822261178008,"T","I"
"V945",945,0.0104527519736716,"syn","a",1.11e-05,0.00106192130340016,"T","T"
"V946",946,0.000117638627381368,"nonsyn","c",2.41e-05,0.204864682090102,"P","S"
"V947",947,0.000103343568420355,"nonsyn","c",2.41e-05,0.233202707903138,"P","L"
"V948",948,0.00180007209798133,"syn","a",1.11e-05,0.00616641967421636,"P","P"
"V949",949,0.000161472713296108,"nonsyn","g",5.48e-05,0.339376225749721,"D","N"
"V950",950,0.000973082305840364,"nonsyn","a",1.11e-05,0.0114070515241914,"D","G"
"V951",951,0.0271763906239017,"syn","c",2.41e-05,0.000886799146123695,"D","D"
"V952",952,0.000177328276078947,"res","a",1.11e-05,0.0625957700905986,"K","E"
"V953",953,0.000247558935427231,"res","a",1.11e-05,0.0448378079379115,"K","R"
"V954",954,0.0155364225776002,"exclude","a",1.11e-05,0.000714450185978048,"K","K"
"V955",955,0.000330172327787833,"nonsyn","a",1.11e-05,0.0336188077128402,"K","E"
"V956",956,0.000478507917582562,"nonsyn","a",1.11e-05,0.0231971083280661,"K","R"
"V957",957,0.0187461536104171,"exclude","a",1.11e-05,0.000592121468258525,"K","K"
"V958",958,0.000216371465465188,"nonsyn","c",2.41e-05,0.11138252425377,"H","Y"
"V959",959,0.000229642318996341,"nonsyn","a",1.11e-05,0.0483360386208992,"H","R"
"V960",960,0.0140882685984586,"syn","t",1.11e-05,0.00078788957794391,"H","H"
"V961",961,0.000295507202840439,"stop","c",2.41e-05,0.0815546956837223,"Q","*"
"V962",962,0.000336911050246918,"nonsyn","a",1.11e-05,0.0329463815207751,"Q","R"
"V963",963,0.0110445555457815,"syn","g",5.48e-05,0.00496172071142609,"Q","Q"
"V964",964,0.000200365498049325,"nonsyn","a",1.11e-05,0.0553987593076901,"K","E"
"V965",965,0.000245007646610337,"nonsyn","a",1.11e-05,0.0453047084593795,"K","R"
"V966",966,0.00601731957487014,"exclude","a",1.11e-05,0.00184467516838501,"K","K"
"V967",967,0.0033739772030762,"nonsyn","g",5.48e-05,0.0162419591780397,"E","K"
"V968",968,0.000813009051485205,"nonsyn","a",1.11e-05,0.0136529845267067,"E","G"
"V969",969,0.00953473901113,"syn","a",1.11e-05,0.00116416400984262,"E","E"
"V970",970,0.000459792214790977,"res","c",2.41e-05,0.0524149805601992,"P","S"
"V971",971,0.000122473290134037,"res","c",2.41e-05,0.196777599210607,"P","L"
"V972",972,0.020112921687574,"exclude","t",1.11e-05,0.000551884016276846,"P","P"
"V973",973,8.48937932691746e-05,"nonsyn","c",2.41e-05,0.283884122406754,"P","S"
"V974",974,0.000139782582459824,"nonsyn","c",2.41e-05,0.172410607787467,"P","L"
"V975",975,0.00207130889558777,"syn","a",1.11e-05,0.00535893029940866,"P","P"
"V976",976,0.000914470623842317,"nonsyn","t",1.11e-05,0.0121381701178779,"F","L"
"V977",977,0.000428393627963101,"nonsyn","t",1.11e-05,0.0259107495430723,"F","S"
"V978",978,0.033970838023728,"exclude","c",2.41e-05,0.000709432012927281,"F","F"
"V979",979,0.000142487159268829,"nonsyn","c",2.41e-05,0.169138048113731,"L","F"
"V980",980,0.000802229008617893,"nonsyn","t",1.11e-05,0.0138364480475762,"L","P"
"V981",981,0.0079672942151016,"syn","t",1.11e-05,0.0013931956948396,"L","L"
"V982",982,0.000165686672688058,"nonsyn","t",1.11e-05,0.0669939218400395,"W","R"
"V983",983,0.000217290982725615,"stop","g",5.48e-05,0.252196383451396,"W","*"
"V984",984,0.000276976091366418,"stop","g",5.48e-05,0.197851012084303,"W","*"
