"","num","MeanFreq","TypeOfSite","lowerConf","upperConf","TSmutrate","EstSelCoeff","WTnt","WTAA","MUTAA","bigAAChange","makesCpG","ProRT","AAnum"
"V1",1,0,"overlap",0,0,0,1,"c","P","S",1,0,"Pro",1
"V2",2,0.000105932203389831,"overlap",0,0.000317796610169492,0,0,"c","P","L",1,0,"Pro",1
"V3",3,0.00174884372929932,"overlap",0.000437856772184743,0.00305832195089313,0,0,"t","P","P",0,0,"Pro",1
"V4",4,0,"overlap",0,0,0,1,"c","Q","*",1,0,"Pro",2
"V5",5,0.000846106345903331,"overlap",0,0.00177336841933217,0,0,"a","Q","R",1,1,"Pro",2
"V6",6,0.346381583078703,"overlap",0.27322658154675,0.392658183526229,0,0,"g","Q","Q",0,0,"Pro",2
"V7",7,0.00309183819874905,"overlap",0.000804795917851528,0.00593378986882158,0,0,"a","I","V",0,0,"Pro",3
"V8",8,0.00357049592522276,"overlap",0.00188788377192982,0.00513644924392922,0,0,"t","I","T",1,0,"Pro",3
"V9",9,0.000546218487394959,"overlap",0.000178571428571429,0.00109768907563025,0,0,"c","I","I",0,0,"Pro",3
"V10",10,0.00293720346208021,"overlap",0.000854075929152148,0.00442583694738923,0,0,"a","T","A",1,1,"Pro",4
"V11",11,0.000183823529411765,"overlap",0,0.000551470588235295,0,0,"c","T","I",1,0,"Pro",4
"V12",12,0.00297930639848024,"overlap",0.000964510706358533,0.00479409468316393,0,0,"t","T","T",0,0,"Pro",4
"V13",13,0.00102163461538462,"overlap",0,0.00234375,0,0,"c","L","F",0,0,"Pro",5
"V14",14,0.00288605668503024,"overlap",0.000800532961418607,0.00525879608133521,0,0,"t","L","P",1,0,"Pro",5
"V15",15,0.00135488671274962,"overlap",0,0.00334221390168971,0,0,"t","L","L",0,0,"Pro",5
"V16",16,0.00152391157596148,"overlap",0.000152439024390244,0.00268982177829658,0,0,"t","W","R",1,1,"Pro",6
"V17",17,0,"overlap",0,0,0,1,"g","W","*",1,0,"Pro",6
"V18",18,0,"overlap",0,0,0,1,"g","W","*",1,0,"Pro",6
"V19",19,0,"overlap",0,0,0,1,"c","Q","*",1,0,"Pro",7
"V20",20,0.00240531817306939,"overlap",0.000458804211339709,0.00351775381256191,0,0,"a","Q","R",1,1,"Pro",7
"V21",21,0.0499681854549843,"overlap",0.0210070791879212,0.0773625486634426,0,0,"a","Q","Q",0,0,"Pro",7
"V22",22,0,"overlap",0,0,0,1,"c","R","*",1,0,"Pro",8
"V23",23,0.000753735269360269,"overlap",0,0.00125373526936027,0,0,"g","R","Q",1,0,"Pro",8
"V24",24,0.00626335599855221,"overlap",0.00298814141453132,0.0094803018878016,0,0,"a","R","R",0,0,"Pro",8
"V25",25,0.00104529616724739,"overlap",0,0.00298344947735192,0,0,"c","P","S",1,0,"Pro",9
"V26",26,0.000574448529411765,"overlap",0,0.00153952205882353,0,0,"c","P","L",1,0,"Pro",9
"V27",27,0.00780012838468721,"overlap",0.000816993464052288,0.0179732142857143,0,0,"c","P","P",0,0,"Pro",9
"V28",28,0.00271915147235551,"overlap",0.000439084362742228,0.00671993960643753,0,0,"c","L","F",0,0,"Pro",10
"V29",29,0.00594802639618196,"overlap",0.0021776914019982,0.0100873547389178,0,0,"t","L","P",1,0,"Pro",10
"V30",30,0.0953334299465193,"overlap",0.0419894260414574,0.129188644429834,0,0,"c","L","L",0,0,"Pro",10
"V31",31,0.00207261960417641,"overlap",0,0.00691132928159576,0,0,"g","V","I",0,0,"Pro",11
"V32",32,0.00499312152969667,"overlap",0.00241425182779931,0.00680959547247977,0,0,"t","V","A",0,0,"Pro",11
"V33",33,0.0385486694677871,"overlap",0.0110250350140056,0.0621660539215686,0,0,"c","V","V",0,0,"Pro",11
"V34",34,0.0176444268061509,"overlap",0.00620683432785959,0.026668053596674,0,0,"a","T","A",1,1,"Pro",12
"V35",35,0.00784829204892337,"overlap",0.00106776945012239,0.0166776957750937,0,0,"c","T","I",1,0,"Pro",12
"V36",36,0.0021971864550568,"overlap",0.000888755980861244,0.00358622858622859,0,0,"a","T","T",0,1,"Pro",12
"V37",37,0.132045331768757,"overlap",0.0829868009306118,0.177264616570247,0,0,"a","I","V",0,0,"Pro",13
"V38",38,0.000584795321637426,"overlap",0,0.00132797270955166,0,0,"t","I","T",1,0,"Pro",13
"V39",39,0.00117933213171308,"overlap",0.00025025025025025,0.00238941917774035,0,0,"a","I","M",0,0,"Pro",13
"V40",40,0.00197327664940797,"nonsyn",0.000268456375838926,0.00422916058749149,0,0,"a","K","E",1,0,"Pro",14
"V41",41,0.0957638883343724,"nonsyn",0.0536582144377435,0.129006879624782,0,0,"a","K","R",0,0,"Pro",14
"V42",42,0.0832402490669878,"syn",0.0415431931107971,0.130651388712736,0,0,"g","K","K",0,0,"Pro",14
"V43",43,0.171222971531291,"nonsyn",0.125065308836218,0.218971483125334,0,0,"a","I","V",0,0,"Pro",15
"V44",44,0.00121933306500488,"nonsyn",0,0.00271802665419687,0,0,"t","I","T",1,0,"Pro",15
"V45",45,0.000842417712426586,"nonsyn",0,0.00190594806763285,0,0,"a","I","M",0,0,"Pro",15
"V46",46,0.000673452956061652,"nonsyn",0,0.00148237348769736,0,0,"g","G","R",1,0,"Pro",16
"V47",47,0.0288470511544019,"nonsyn",0.00395978517889154,0.054552967396862,0,0,"g","G","E",1,0,"Pro",16
"V48",48,0.0678073387209732,"syn",0.0308503677985851,0.0985810132412196,0,0,"g","G","G",0,0,"Pro",16
"V49",49,0.000270562770562771,"nonsyn",0,0.000801282051282052,0,0,"g","G","R",1,0,"Pro",17
"V50",50,0.00231226397192784,"nonsyn",0.000550324079735844,0.00504897323167678,0,0,"g","G","E",1,0,"Pro",17
"V51",51,0.0774984085176319,"syn",0.0473555080261184,0.104372578878927,0,0,"g","G","G",0,0,"Pro",17
"V52",52,0,"stop",0,0,0,1,"c","Q","*",1,0,"Pro",18
"V53",53,0.0023755610505545,"nonsyn",0.00054006684600962,0.00435491836844632,0,0,"a","Q","R",1,1,"Pro",18
"V54",54,0.203272207578188,"syn",0.13997071455069,0.253584007221672,0,0,"a","Q","Q",0,0,"Pro",18
"V55",55,0.0439633346877599,"syn",0.0157125097903538,0.0725716556478028,0,0,"c","L","L",0,0,"Pro",19
"V56",56,0.01132050179102,"nonsyn",0.00131337010769635,0.0301561182293761,0,0,"t","L","P",1,0,"Pro",19
"V57",57,0.0280658810549531,"syn",0.00554121274945074,0.0548032583639458,0,0,"a","L","L",0,0,"Pro",19
"V58",58,0.00326331999844536,"nonsyn",0.00112386160003579,0.0074577497918565,0,0,"a","K","E",1,0,"Pro",20
"V59",59,0.0298186730839276,"nonsyn",0.0104007453820527,0.048058904606046,0,0,"a","K","R",0,0,"Pro",20
"V60",60,0.08558785137835,"syn",0.045672784225664,0.124133380786149,0,0,"g","K","K",0,0,"Pro",20
"V61",61,0.00145328599275968,"nonsyn",0,0.00333646616541354,0,0,"g","E","K",1,0,"Pro",21
"V62",62,0.00244733027576748,"nonsyn",0.000586649292312907,0.00439821646083071,0,0,"a","E","G",1,0,"Pro",21
"V63",63,0.00838122322531635,"syn",0.00562331271742926,0.0123742229547126,0,0,"a","E","E",0,0,"Pro",21
"V64",64,0.000404398102607821,"nonsyn",0,0.00122481573807288,0,0,"g","A","T",1,0,"Pro",22
"V65",65,0.000309638607510948,"nonsyn",0,0.000813740275803704,0,0,"c","A","V",0,0,"Pro",22
"V66",66,0.0446405480106823,"syn",0.0231463111260749,0.0746035954711347,0,0,"t","A","A",0,0,"Pro",22
"V67",67,0.0381632689448155,"syn",0.00682355546977499,0.0677704015784236,0,0,"c","L","L",0,0,"Pro",23
"V68",68,0.00105932240396881,"nonsyn",0.000135135135135135,0.00180908484963255,0,0,"t","L","P",1,0,"Pro",23
"V69",69,0.0322156331600654,"syn",0.00491861288039632,0.0567025404495205,0,0,"a","L","L",0,0,"Pro",23
"V70",70,0.0324111323009305,"syn",0.00801423119228401,0.0576273590561084,0,0,"t","L","L",0,0,"Pro",24
"V71",71,0.00114675114675115,"nonsyn",0,0.00274446632062526,0,0,"t","L","S",1,0,"Pro",24
"V72",72,0.012369586158254,"syn",0.00313189685604861,0.0255265870502726,0,0,"a","L","L",0,0,"Pro",24
"V73",73,0.000655516258964535,"nonsyn",0,0.0017695292481148,0,0,"g","D","N",1,0,"Pro",25
"V74",74,0.00273363959648285,"nonsyn",0.000736197733606537,0.00524449882568056,0,0,"a","D","G",1,0,"Pro",25
"V75",75,0.0428655764214312,"syn",0.00926426037778743,0.0694921212670792,0,0,"t","D","D",0,0,"Pro",25
"V76",76,0.0033769826919839,"nonsyn",0.000843659594985535,0.00555412294699301,0,0,"a","T","A",1,0,"Pro",26
"V77",77,0.00041025641025641,"nonsyn",0,0.00107051282051282,0,0,"c","T","I",1,0,"Pro",26
"V78",78,0.00807312104057573,"syn",0.00150778944736745,0.0166441271464449,0,0,"a","T","T",0,1,"Pro",26
"V79",79,0,"nonsyn",0,0,0,1,"g","G","R",1,0,"Pro",27
"V80",80,0.000916803677749932,"nonsyn",0.000210172341319882,0.00224408191932575,0,0,"g","G","E",1,0,"Pro",27
"V81",81,0.0283122280030485,"syn",0.00558151019910889,0.0501102823616576,0,0,"a","G","G",0,0,"Pro",27
"V82",82,0.000486894319131161,"nonsyn",0,0.000933322890559733,0,0,"g","A","T",1,0,"Pro",28
"V83",83,0.00156309591914569,"nonsyn",0.000493659420289855,0.00305539664378337,0,0,"c","A","V",0,0,"Pro",28
"V84",84,0.00311834497740928,"syn",0.00124214840960087,0.00490385232856308,0,0,"a","A","A",0,1,"Pro",28
"V85",85,0.000240384615384616,"nonsyn",0,0.000721153846153847,0,0,"g","D","N",1,0,"Pro",29
"V86",86,0.00414376997860657,"nonsyn",0.00133406432748538,0.00745909956860721,0,0,"a","D","G",1,0,"Pro",29
"V87",87,0.00367482410266199,"syn",0.00164746669256577,0.0060859276285596,0,0,"t","D","D",0,1,"Pro",29
"V88",88,0.000568181818181818,"nonsyn",0,0.00227272727272727,0,0,"g","D","N",1,0,"Pro",30
"V89",89,0.00401785714285714,"nonsyn",0.00142361111111111,0.00648809523809524,0,0,"a","D","G",1,0,"Pro",30
"V90",90,0.0112557945285882,"syn",0.00173433606478819,0.0237385458385129,0,0,"t","D","D",0,0,"Pro",30
"V91",91,0.00141538815965334,"nonsyn",0,0.00281073699686264,0,0,"a","T","A",1,0,"Pro",31
"V92",92,0.000367647058823529,"nonsyn",0,0.00110294117647059,0,0,"c","T","I",1,0,"Pro",31
"V93",93,0.00739725239632701,"syn",0.00336436011759434,0.0115416654911779,0,0,"a","T","T",0,1,"Pro",31
"V94",94,0.00433010098844792,"nonsyn",0.00121843629012917,0.00736917847250298,0,0,"g","V","I",0,0,"Pro",32
"V95",95,0.000759411917512113,"nonsyn",0,0.00161474829659605,0,0,"t","V","A",0,0,"Pro",32
"V96",96,0.0341358711297736,"syn",0.014008547008547,0.0531940467504492,0,0,"a","V","V",0,0,"Pro",32
"V97",97,0.0360025355684108,"syn",0.0160196920668292,0.0600779874314163,0,0,"t","L","L",0,0,"Pro",33
"V98",98,0.00121513720197931,"nonsyn",0.000424611001534079,0.00215295234903078,0,0,"t","L","S",1,0,"Pro",33
"V99",99,0.00330399160429073,"syn",0.000526315789473684,0.00668521425610601,0,0,"a","L","L",0,0,"Pro",33
"V100",100,0.00258035714285714,"nonsyn",0,0.00514732142857143,0,0,"g","E","K",1,0,"Pro",34
"V101",101,0.00249417541541064,"nonsyn",0.00119196893892016,0.0043944852753189,0,0,"a","E","G",1,0,"Pro",34
"V102",102,0.0196739686643054,"syn",0.00666609158172072,0.0355503131430417,0,0,"a","E","E",0,0,"Pro",34
"V103",103,0.0011760752688172,"nonsyn",0,0.0040374677002584,0,0,"g","E","K",1,0,"Pro",35
"V104",104,0.00407980734478495,"nonsyn",0.000820660964777037,0.00767898097492576,0,0,"a","E","G",1,0,"Pro",35
"V105",105,0.0220552175987913,"syn",0.00545624620174772,0.0384134626281857,0,0,"a","E","E",0,0,"Pro",35
"V106",106,0.00334377263012236,"nonsyn",0.00124826888249707,0.00564801729191995,0,0,"a","M","V",0,0,"Pro",36
"V107",107,0.00139331537937251,"nonsyn",0.000421664167916042,0.00250349373317285,0,0,"t","M","T",1,1,"Pro",36
"V108",108,0.111533906326184,"nonsyn",0.0689445773543881,0.153383361304557,0,0,"g","M","I",0,0,"Pro",36
"V109",109,0.144414860946401,"nonsyn",0.0768916920105659,0.191308590647518,0,0,"a","N","D",1,0,"Pro",37
"V110",110,0.182938924803773,"nonsyn",0.11809127687758,0.225796222178285,0,0,"a","N","S",0,0,"Pro",37
"V111",111,0.00484139594158848,"syn",0.00163631120355461,0.00813929893726296,0,0,"t","N","N",0,0,"Pro",37
"V112",112,0.00243098166007281,"syn",0.000813162576914523,0.00418203617114927,0,0,"t","L","L",0,0,"Pro",38
"V113",113,0.00274175088283127,"nonsyn",0.000857237631894864,0.00487906987026236,0,0,"t","L","S",1,1,"Pro",38
"V114",114,0.107233964367871,"syn",0.0553947554577079,0.151332159273752,0,0,"g","L","L",0,0,"Pro",38
"V115",115,0.0353704040323535,"nonsyn",0.00910459693030531,0.0679909735814495,0,0,"c","P","S",1,0,"Pro",39
"V116",116,0.00271290398678934,"nonsyn",0,0.00554376032083039,0,0,"c","P","L",1,0,"Pro",39
"V117",117,0.00431472453760599,"syn",0.00124130962614426,0.00737889604797408,0,0,"a","P","P",0,1,"Pro",39
"V118",118,0.00010795638562021,"nonsyn",0,0.000426393774650891,0,0,"g","G","R",1,0,"Pro",40
"V119",119,0.00077875874054218,"nonsyn",0,0.00161771174429402,0,0,"g","G","E",1,0,"Pro",40
"V120",120,0.0545645866161436,"syn",0.0284141752783583,0.081175642109535,0,0,"a","G","G",0,0,"Pro",40
"V121",121,0.00421097195839438,"nonsyn",0.00127343404582826,0.00817188704884483,0,0,"a","R","G",1,0,"Pro",41
"V122",122,0.237728590005066,"nonsyn",0.168673757581047,0.307947321967319,0,0,"g","R","K",0,0,"Pro",41
"V123",123,0.0753096396916761,"syn",0.037770480615417,0.116506857881742,0,0,"a","R","R",0,0,"Pro",41
"V124",124,0.00064930104652051,"nonsyn",0,0.00162712038128427,0,0,"t","W","R",1,1,"Pro",42
"V125",125,0,"stop",0,0,0,1,"g","W","*",1,0,"Pro",42
"V126",126,0,"stop",0,0,0,1,"g","W","*",1,0,"Pro",42
"V127",127,0.00414758662052872,"nonsyn",0.00175611410192262,0.00693934792865615,0,0,"a","K","E",1,0,"Pro",43
"V128",128,0.0148146061166244,"nonsyn",0.00524896165362697,0.0260546648594402,0,0,"a","K","R",0,0,"Pro",43
"V129",129,0.0805803939961721,"syn",0.0464421268249961,0.109648520305963,0,0,"a","K","K",0,0,"Pro",43
"V130",130,0.000135869565217391,"nonsyn",0,0.000407608695652174,0,0,"c","P","S",1,0,"Pro",44
"V131",131,0.0003125,"nonsyn",0,0.0009375,0,0,"c","P","L",1,0,"Pro",44
"V132",132,0.00352467472090914,"syn",0.00137061403508772,0.00512262377642219,0,0,"a","P","P",0,1,"Pro",44
"V133",133,0.000743787533422945,"nonsyn",0.000137589433131535,0.00136976272202245,0,0,"a","K","E",1,0,"Pro",45
"V134",134,0.0127870463068904,"nonsyn",0.00406240862573099,0.0278252328057462,0,0,"a","K","R",0,0,"Pro",45
"V135",135,0.00361648464054808,"syn",0.00103454562027163,0.00716677300762617,0,0,"a","K","K",0,0,"Pro",45
"V136",136,0.00196032669241587,"res",0.000321357943309163,0.00479409198159197,0,0,"a","M","V",0,0,"Pro",46
"V137",137,0.00264371309116621,"res",0.000473836960599141,0.00480057126509776,0,0,"t","M","T",1,1,"Pro",46
"V138",138,0.0354861037552152,"res",0.0163207846901666,0.0557304095636151,0,0,"g","M","I",0,0,"Pro",46
"V139",139,0.00483082163997366,"nonsyn",0.00246603041432963,0.00718119795218849,0,0,"a","I","V",0,0,"Pro",47
"V140",140,0.00168674345512463,"nonsyn",0.000520086083213774,0.00323203828534475,0,0,"t","I","T",1,0,"Pro",47
"V141",141,0.00151353276353277,"nonsyn",0,0.00408653846153847,0,0,"a","I","M",0,0,"Pro",47
"V142",142,0.00182548603305441,"nonsyn",0,0.00411098622039049,0,0,"g","G","R",1,0,"Pro",48
"V143",143,0.000895418599317931,"nonsyn",0.000178571428571429,0.00176831094456497,0,0,"g","G","E",1,0,"Pro",48
"V144",144,0.0327559747610427,"syn",0.0111759517026631,0.0581878487779543,0,0,"g","G","G",0,0,"Pro",48
"V145",145,0.000770833333333333,"nonsyn",0,0.0020625,0,0,"g","G","R",1,0,"Pro",49
"V146",146,0.00261228534396638,"nonsyn",0.000107758620689655,0.00479962745587746,0,0,"g","G","E",1,0,"Pro",49
"V147",147,0.0119350961323576,"syn",0.00421683062237122,0.0238178023406239,0,0,"a","G","G",0,0,"Pro",49
"V148",148,0.00348495703261941,"nonsyn",0.00132867680565049,0.00625580381497935,0,0,"a","I","V",0,0,"Pro",50
"V149",149,0.00175418729756028,"nonsyn",0.000370065789473684,0.00276985951408205,0,0,"t","I","T",1,0,"Pro",50
"V150",150,0.00305740595942692,"syn",0.000974512743628186,0.0044905243456703,0,0,"t","I","I",0,1,"Pro",50
"V151",151,0.00127210259103641,"nonsyn",0.000122549019607843,0.00243303571428571,0,0,"g","G","R",1,0,"Pro",51
"V152",152,0.000226449275362319,"nonsyn",0,0.000498188405797101,0,0,"g","G","E",1,0,"Pro",51
"V153",153,0.00698838598924608,"syn",0.00305530160261637,0.0108931490709233,0,0,"a","G","G",0,0,"Pro",51
"V154",154,0.00293261939758755,"nonsyn",0.000253164556962025,0.00529199703250336,0,0,"g","G","S",1,0,"Pro",52
"V155",155,0.000254777070063694,"nonsyn",0,0.000769230769230769,0,0,"g","G","D",1,0,"Pro",52
"V156",156,0.0328141107122976,"syn",0.0107131544138123,0.0535645171446047,0,0,"t","G","G",0,0,"Pro",52
"V157",157,0.00474382748025284,"nonsyn",0.00118443929295856,0.00986010742606483,0,0,"t","F","L",0,0,"Pro",53
"V158",158,0.00224805964052288,"nonsyn",0.000347222222222223,0.00490890522875817,0,0,"t","F","S",1,0,"Pro",53
"V159",159,0.00578546643413137,"syn",0.000473796967699406,0.0123112174674675,0,0,"t","F","F",0,0,"Pro",53
"V160",160,0.0202292491755015,"nonsyn",0.00535876877516454,0.0336838082252808,0,0,"a","I","V",0,0,"Pro",54
"V161",161,0.0019474940319403,"nonsyn",0.000517922986277416,0.0032342209684515,0,0,"t","I","T",1,0,"Pro",54
"V162",162,0.0192348218251985,"syn",0.00345824706694272,0.0390452920860998,0,0,"c","I","I",0,0,"Pro",54
"V163",163,0.00101493664987058,"nonsyn",0,0.00225253860889318,0,0,"a","K","E",1,1,"Pro",55
"V164",164,0.00935017338742504,"nonsyn",0.00254649416233614,0.0202671947123192,0,0,"a","K","R",0,0,"Pro",55
"V165",165,0.018565872648335,"syn",0.0053972418384458,0.0337160022711644,0,0,"a","K","K",0,0,"Pro",55
"V166",166,0.00045755548900203,"nonsyn",0,0.00137266646700609,0,0,"g","V","I",0,0,"Pro",56
"V167",167,0.00293080293757235,"nonsyn",0.000784479157565665,0.0050844478149212,0,0,"t","V","A",0,0,"Pro",56
"V168",168,0.0285193530428162,"syn",0.00563323661365576,0.0508144049843094,0,0,"a","V","V",0,0,"Pro",56
"V169",169,0.00206612147964776,"nonsyn",0.000359603300779772,0.00397238968050989,0,0,"a","R","G",1,0,"Pro",57
"V170",170,0.0935151969717943,"nonsyn",0.0558744338328782,0.132473581140463,0,0,"g","R","K",0,0,"Pro",57
"V171",171,0.0368225556876546,"syn",0.0132557220669109,0.0615397446205009,0,0,"a","R","R",0,0,"Pro",57
"V172",172,0,"stop",0,0,0,1,"c","Q","*",1,0,"Pro",58
"V173",173,0.00386482630601537,"nonsyn",0.00117735536943928,0.00699923882716131,0,0,"a","Q","R",1,1,"Pro",58
"V174",174,0.084099035780686,"syn",0.047474647591009,0.121781175897022,0,0,"g","Q","Q",0,0,"Pro",58
"V175",175,0.00218351345326581,"nonsyn",0.000383297258297259,0.00379970187045659,0,0,"t","Y","H",1,0,"Pro",59
"V176",176,0.00271096907633067,"nonsyn",0.000957086171025471,0.00482475906363443,0,0,"a","Y","C",1,0,"Pro",59
"V177",177,0.00366381296699273,"syn",0.000992324691445876,0.00561377176276347,0,0,"t","Y","Y",0,1,"Pro",59
"V178",178,0.000510647825225831,"nonsyn",0,0.0012107434102319,0,0,"g","D","N",1,0,"Pro",60
"V179",179,0.00405228010540396,"nonsyn",0.00188398999374609,0.00606897087402147,0,0,"a","D","G",1,0,"Pro",60
"V180",180,0.00779369212171154,"syn",0.00119791666666667,0.0147288583772128,0,0,"t","D","D",0,0,"Pro",60
"V181",181,0,"stop",0,0,0,1,"c","Q","*",1,0,"Pro",61
"V182",182,0.00376351383360099,"nonsyn",0.00160875263961607,0.00646713476199003,0,0,"a","Q","R",1,1,"Pro",61
"V183",183,0.108209752209493,"syn",0.0658174945331957,0.15165809950246,0,0,"g","Q","Q",0,0,"Pro",61
"V184",184,0.181856800109825,"nonsyn",0.122757803299768,0.227893363740861,0,0,"a","I","V",0,0,"Pro",62
"V185",185,0.000828620714771965,"nonsyn",0.000198412698412699,0.00148242880522692,0,0,"t","I","T",1,0,"Pro",62
"V186",186,0.0152666761057694,"nonsyn",0.000602860119647778,0.0357709076496235,0,0,"a","I","M",0,0,"Pro",62
"V187",187,0.000980392156862745,"nonsyn",0,0.00416666666666667,0,0,"c","L","F",0,0,"Pro",63
"V188",188,0.709466536887738,"nonsyn",0.63249957318811,0.773228023022679,0,0,"t","L","P",1,0,"Pro",63
"V189",189,0.226187840899252,"syn",0.108045440398382,0.330028331486212,0,0,"c","L","L",0,0,"Pro",63
"V190",190,0.169720755738935,"nonsyn",0.109963739653649,0.207887066142308,0,0,"a","I","V",0,1,"Pro",64
"V191",191,0.000900664245739766,"nonsyn",0,0.00177263886668896,0,0,"t","I","T",1,0,"Pro",64
"V192",192,0.0230133280972733,"nonsyn",0.00144755576649265,0.0436106663402464,0,0,"a","I","M",0,0,"Pro",64
"V193",193,0.00169110302716801,"nonsyn",0.000377073906485672,0.0034617887559064,0,0,"g","E","K",1,0,"Pro",65
"V194",194,0.00300384467867721,"nonsyn",0.00114170799713771,0.00589940291901529,0,0,"a","E","G",1,0,"Pro",65
"V195",195,0.0390126939672635,"syn",0.0144563707101061,0.062395956811875,0,0,"a","E","E",0,0,"Pro",65
"V196",196,0.00571888285687973,"nonsyn",0.00133343714315374,0.0100585557423717,0,0,"a","I","V",0,0,"Pro",66
"V197",197,0.00141365395438327,"nonsyn",0.000242954324586978,0.00221858597483847,0,0,"t","I","T",1,0,"Pro",66
"V198",198,0.141705340795759,"syn",0.101338854178633,0.17516074499238,0,0,"c","I","I",0,0,"Pro",66
"V199",199,0.00410788254281808,"nonsyn",0.00150111992771839,0.00672714813411164,0,0,"t","C","R",1,1,"Pro",67
"V200",200,0.00112749615975422,"nonsyn",0,0.00250227479526842,0,0,"g","C","Y",1,0,"Pro",67
"V201",201,0.0782581318061608,"syn",0.0463833305836395,0.104567580450835,0,0,"t","C","C",0,1,"Pro",67
"V202",202,0.00059365921434887,"nonsyn",0,0.00164333383511466,0,0,"g","G","R",1,0,"Pro",68
"V203",203,0.00461797615780969,"nonsyn",0.000478927203065134,0.0106589581698858,0,0,"g","G","E",1,0,"Pro",68
"V204",204,0.127027197061262,"syn",0.0770229842500461,0.175267799902165,0,0,"a","G","G",0,0,"Pro",68
"V205",205,0.0445592420105568,"nonsyn",0.0131558053200549,0.0713195649892396,0,0,"c","H","Y",1,0,"Pro",69
"V206",206,0.00925654569279543,"nonsyn",0.000765580831875084,0.0229085192853309,0,0,"a","H","R",0,1,"Pro",69
"V207",207,0.0232618998551438,"syn",0.00675345823805406,0.0428645016359448,0,0,"t","H","H",0,0,"Pro",69
"V208",208,0.0103975083627788,"nonsyn",0.000364431486880467,0.0261510228901533,0,0,"a","K","E",1,0,"Pro",70
"V209",209,0.0438358295815731,"nonsyn",0.0145452989267334,0.0788422667422291,0,0,"a","K","R",0,0,"Pro",70
"V210",210,0.0681047048918659,"syn",0.0287965546985308,0.108157322987731,0,0,"a","K","K",0,0,"Pro",70
"V211",211,0.0505684708348698,"nonsyn",0.020456423399973,0.0838308119775828,0,0,"g","A","T",1,0,"Pro",71
"V212",212,0.0847919955283032,"nonsyn",0.0405503291463336,0.125193457601264,0,0,"c","A","V",0,0,"Pro",71
"V213",213,0.0162280338527478,"syn",0.0018523622687485,0.0349288616492763,0,0,"t","A","A",0,0,"Pro",71
"V214",214,0.0620504961735102,"nonsyn",0.0246609849059092,0.100569899223054,0,0,"a","I","V",0,0,"Pro",72
"V215",215,0.0260250907040405,"nonsyn",0.00589015942634364,0.0441789230013366,0,0,"t","I","T",1,0,"Pro",72
"V216",216,0.00548270561564655,"nonsyn",0.00174281764328119,0.0108102862824217,0,0,"a","I","M",0,0,"Pro",72
"V217",217,0.00897607006413901,"nonsyn",0.000314465408805031,0.0200055161544523,0,0,"g","G","S",1,0,"Pro",73
"V218",218,0,"nonsyn",0,0,0,1,"g","G","D",1,0,"Pro",73
"V219",219,0.0228284382393729,"syn",0.00483133668128342,0.0399144647880242,0,0,"t","G","G",0,0,"Pro",73
"V220",220,0.0048962461657943,"nonsyn",0.00110926250473664,0.0102578769667633,0,0,"a","T","A",1,0,"Pro",74
"V221",221,0.000441997518610422,"nonsyn",0,0.00108560794044665,0,0,"c","T","I",1,0,"Pro",74
"V222",222,0.0109759451089856,"syn",0.00438492350632696,0.0206453035148336,0,0,"a","T","T",0,1,"Pro",74
"V223",223,0.00186859553948162,"nonsyn",0,0.00440024110910187,0,0,"g","V","I",0,0,"Pro",75
"V224",224,0.00133614627285513,"nonsyn",0,0.00333333333333333,0,0,"t","V","A",0,0,"Pro",75
"V225",225,0.0630304646110132,"syn",0.035567596833581,0.098658302711208,0,0,"a","V","V",0,0,"Pro",75
"V226",226,0.0105514963551005,"syn",0.00138514525306978,0.0262183042903152,0,0,"t","L","L",0,0,"Pro",76
"V227",227,0.00101186376115112,"nonsyn",0.000103103412722961,0.00190364543295922,0,0,"t","L","S",1,0,"Pro",76
"V228",228,0.0117651002739164,"syn",0.0022394007287726,0.0301014601475836,0,0,"a","L","L",0,0,"Pro",76
"V229",229,0.263739766523243,"nonsyn",0.181510665860378,0.324626853185597,0,0,"g","V","I",0,0,"Pro",77
"V230",230,0.00163112607557052,"nonsyn",0.000213675213675214,0.00295319608296707,0,0,"t","V","A",0,0,"Pro",77
"V231",231,0.0159788390916052,"syn",0.00333335870039471,0.0304029006967981,0,0,"a","V","V",0,0,"Pro",77
"V232",232,0,"nonsyn",0,0,0,1,"g","G","R",1,0,"Pro",78
"V233",233,0.000537802899360974,"nonsyn",0,0.00124736250976928,0,0,"g","G","E",1,0,"Pro",78
"V234",234,0.0385079682281734,"syn",0.01297494617908,0.0672362562575958,0,0,"a","G","G",0,0,"Pro",78
"V235",235,0,"nonsyn",0,0,0,1,"c","P","S",1,0,"Pro",79
"V236",236,0.000535714285714286,"nonsyn",0,0.00151666666666667,0,0,"c","P","L",1,0,"Pro",79
"V237",237,0.0522464122811832,"syn",0.0167436879182041,0.0856650580194841,0,0,"t","P","P",0,0,"Pro",79
"V238",238,0.00172025193000317,"nonsyn",0.000519750519750519,0.00361069516532903,0,0,"a","T","A",1,0,"Pro",80
"V239",239,0.000247594793435201,"nonsyn",0,0.000629598189020939,0,0,"c","T","I",1,0,"Pro",80
"V240",240,0.0307473601315211,"syn",0.00949501214008577,0.0528864195579035,0,0,"a","T","T",0,1,"Pro",80
"V241",241,0.000257672324940577,"nonsyn",0,0.000752508361204012,0,0,"c","P","S",1,0,"Pro",81
"V242",242,0.000310721772985924,"nonsyn",0,0.000747767857142857,0,0,"c","P","L",1,0,"Pro",81
"V243",243,0.0114623637575024,"syn",0.00354189562638545,0.0275420919289037,0,0,"t","P","P",0,1,"Pro",81
"V244",244,0.000532449266626482,"res",0,0.001416515973478,0,0,"g","V","I",0,0,"Pro",82
"V245",245,0.0484138781340402,"res",0.0336606628464502,0.07242447853469,0,0,"t","V","A",0,0,"Pro",82
"V246",246,0.0301816562920288,"res",0.0111838969871574,0.050858312850246,0,0,"c","V","V",0,0,"Pro",82
"V247",247,0.00219677088965375,"nonsyn",0.000497287522603978,0.00348887491154965,0,0,"a","N","D",1,1,"Pro",83
"V248",248,0.00368618716516488,"nonsyn",0.000851429728352525,0.00791174280034409,0,0,"a","N","S",0,0,"Pro",83
"V249",249,0.029709097053147,"syn",0.00739705970697783,0.054210751558052,0,0,"c","N","N",0,0,"Pro",83
"V250",250,0.00311583111811348,"res",0.000731876015377439,0.00469652087582419,0,0,"a","I","V",0,1,"Pro",84
"V251",251,0.000895668498948702,"res",0.000120177863237592,0.00173439096067178,0,0,"t","I","T",1,0,"Pro",84
"V252",252,0.00153416654780583,"res",0.000231481481481481,0.0028883332144725,0,0,"a","I","M",0,0,"Pro",84
"V253",253,0.00203728952756357,"nonsyn",0.00103137971730107,0.00356125640511267,0,0,"a","I","V",0,0,"Pro",85
"V254",254,0.00112049010217114,"nonsyn",0.00021551724137931,0.00253033205619413,0,0,"t","I","T",1,0,"Pro",85
"V255",255,0.00565036773433466,"syn",0.00128103097841323,0.00971609591347817,0,0,"t","I","I",0,1,"Pro",85
"V256",256,0.00157635865183035,"nonsyn",0,0.00348506978253814,0,0,"g","G","R",1,0,"Pro",86
"V257",257,0.000634030507270767,"nonsyn",0,0.00141051157305027,0,0,"g","G","E",1,0,"Pro",86
"V258",258,0.0149039779674158,"syn",0.00226265793479139,0.033388192029216,0,0,"a","G","G",0,0,"Pro",86
"V259",259,0.00392355288159853,"nonsyn",0.000839853081700908,0.00611604637843985,0,0,"a","R","G",1,0,"Pro",87
"V260",260,0.00295476388130292,"nonsyn",0.000577334679146802,0.00507752429550627,0,0,"g","R","K",0,0,"Pro",87
"V261",261,0.0196826562891299,"syn",0.00580060345038829,0.0355500016612235,0,0,"a","R","R",0,0,"Pro",87
"V262",262,0.0119557609060229,"nonsyn",0.00166664076224865,0.0201770311527302,0,0,"a","N","D",1,0,"Pro",88
"V263",263,0.0107440964344977,"nonsyn",0.00143018072192556,0.0234181289475081,0,0,"a","N","S",0,0,"Pro",88
"V264",264,0.0569556947783378,"syn",0.0304016320121704,0.0818190602508349,0,0,"t","N","N",0,0,"Pro",88
"V265",265,0.0692689290868455,"syn",0.031819893405653,0.102319953251435,0,0,"c","L","L",0,0,"Pro",89
"V266",266,0.00265524999380916,"nonsyn",0.000538224220604975,0.00533366968977271,0,0,"t","L","P",1,1,"Pro",89
"V267",267,0.0271392777785999,"syn",0.00673581294460168,0.043329386585775,0,0,"g","L","L",0,0,"Pro",89
"V268",268,0.0126828312249796,"syn",0.00395873379567229,0.0257946404450379,0,0,"t","L","L",0,0,"Pro",90
"V269",269,0.00455235959590871,"nonsyn",0.00160505548373196,0.00793252397112692,0,0,"t","L","S",1,1,"Pro",90
"V270",270,0.0164525018709219,"syn",0.00373986482017909,0.0318955207630417,0,0,"g","L","L",0,0,"Pro",90
"V271",271,0.00380027454588858,"nonsyn",0.00163058911446008,0.00611203935765339,0,0,"a","T","A",1,0,"Pro",91
"V272",272,0.000379867046533713,"nonsyn",0,0.00097833682739343,0,0,"c","T","I",1,0,"Pro",91
"V273",273,0.0356569270559135,"syn",0.0113249389913442,0.0566567239304287,0,0,"t","T","T",0,0,"Pro",91
"V274",274,0,"stop",0,0,0,1,"c","Q","*",1,0,"Pro",92
"V275",275,0.00207195283454676,"nonsyn",0.000416666666666667,0.00398876648468616,0,0,"a","Q","R",1,1,"Pro",92
"V276",276,0.034244086564707,"syn",0.0130064074990765,0.0570056725171466,0,0,"g","Q","Q",0,0,"Pro",92
"V277",277,0.00335078938452492,"nonsyn",0.000661193044994242,0.00595515648992666,0,0,"a","I","V",0,0,"Pro",93
"V278",278,0.000654997176736307,"nonsyn",0,0.0016599791128456,0,0,"t","I","T",1,0,"Pro",93
"V279",279,0.0257157029478458,"syn",0.0026026026026026,0.05,0,0,"t","I","I",0,1,"Pro",93
"V280",280,0,"nonsyn",0,0,0,1,"g","G","S",1,0,"Pro",94
"V281",281,0.000274327122153209,"nonsyn",0,0.000568300312825861,0,0,"g","G","D",1,0,"Pro",94
"V282",282,0.161440912758259,"syn",0.112628147313257,0.206273967487982,0,0,"t","G","G",0,0,"Pro",94
"V283",283,0.00505538648581601,"nonsyn",0.00211521116383061,0.00827256864490907,0,0,"t","C","R",1,1,"Pro",95
"V284",284,0.000885509752031636,"nonsyn",0.000122309197651664,0.00198211611926948,0,0,"g","C","Y",1,0,"Pro",95
"V285",285,0.146816841313036,"syn",0.0959288412541542,0.197479313839419,0,0,"c","C","C",0,0,"Pro",95
"V286",286,0.00153384599217871,"nonsyn",0.000486390175241643,0.00265228535273148,0,0,"a","T","A",1,1,"Pro",96
"V287",287,0,"nonsyn",0,0,0,1,"c","T","I",1,0,"Pro",96
"V288",288,0.0477534913736335,"syn",0.0215310247571277,0.0704632181054815,0,0,"t","T","T",0,0,"Pro",96
"V289",289,0.0301028811528329,"syn",0.0115298519056943,0.043582368092713,0,0,"t","L","L",0,0,"Pro",97
"V290",290,0.000407037815126051,"nonsyn",0,0.00110294117647059,0,0,"t","L","S",1,0,"Pro",97
"V291",291,0.00421123121308165,"syn",0.000383920505871725,0.0106377395571125,0,0,"a","L","L",0,0,"Pro",97
"V292",292,0.00243049494624349,"nonsyn",0.000666666666666667,0.00461119892258731,0,0,"a","N","D",1,0,"Pro",98
"V293",293,0.000319537431527693,"nonsyn",0,0.000756999391357273,0,0,"a","N","S",0,0,"Pro",98
"V294",294,0.0148502786745197,"syn",0.00284857503607503,0.0253839285714286,0,0,"t","N","N",0,0,"Pro",98
"V295",295,0.00109217141783404,"nonsyn",0.000178062678062678,0.00178312253783952,0,0,"t","F","L",0,0,"Pro",99
"V296",296,0.00101096576337998,"nonsyn",0,0.00202023596176822,0,0,"t","F","S",1,0,"Pro",99
"V297",297,0.0432836103217094,"syn",0.0188498270038148,0.0676668273947602,0,0,"t","F","F",0,0,"Pro",99
"V298",298,0.000228937728937729,"nonsyn",0,0.000691244239631336,0,0,"c","P","S",1,0,"RT",1
"V299",299,0.00012569130216189,"nonsyn",0,0.000377073906485671,0,0,"c","P","L",1,0,"RT",1
"V300",300,0.0516245206809003,"syn",0.0220669195423431,0.0790099294872789,0,0,"c","P","P",0,0,"RT",1
"V301",301,0.000422393563526651,"nonsyn",0,0.00125786163522013,0,0,"a","I","V",0,1,"RT",2
"V302",302,0.00140449227959613,"nonsyn",0,0.00278917145200984,0,0,"t","I","T",1,0,"RT",2
"V303",303,0.0425840914872112,"syn",0.020093769964126,0.0692010728454522,0,0,"t","I","I",0,0,"RT",2
"V304",304,0.0033403606119421,"nonsyn",0.00081935220858075,0.0067105753029115,0,0,"a","S","G",1,0,"RT",3
"V305",305,0.000202880908906472,"nonsyn",0,0.000612494895875867,0,0,"g","S","N",0,0,"RT",3
"V306",306,0.0129121564646452,"syn",0.00350141597570445,0.0242408904475352,0,0,"t","S","S",0,0,"RT",3
"V307",307,0.00670692969644385,"nonsyn",0.000469351732991014,0.0163267177140175,0,0,"c","P","S",1,0,"RT",4
"V308",308,0.0003125,"nonsyn",0,0.0009375,0,0,"c","P","L",1,0,"RT",4
"V309",309,0.00599245368221848,"syn",0.00205458514282044,0.00893122900895654,0,0,"t","P","P",0,0,"RT",4
"V310",310,0.00130960164871976,"nonsyn",0.000556589834515367,0.00253810700846279,0,0,"a","I","V",0,0,"RT",5
"V311",311,0.00219441933378376,"nonsyn",0.000532345013477089,0.0044983402014652,0,0,"t","I","T",1,0,"RT",5
"V312",312,0.00468808897978436,"syn",0.00214049253633845,0.00823205932430499,0,0,"t","I","I",0,1,"RT",5
"V313",313,0.00937148947861248,"nonsyn",0.00453253653826591,0.014716696003487,0,0,"g","E","K",1,0,"RT",6
"V314",314,0.00222772133725311,"nonsyn",0.000804174787344493,0.00373923302815309,0,0,"a","E","G",1,0,"RT",6
"V315",315,0.0585609696449921,"syn",0.0317000997683543,0.0850339910845657,0,0,"a","E","E",0,0,"RT",6
"V316",316,0.00309762098742605,"nonsyn",0.00118592567864923,0.00505456530611919,0,0,"a","T","A",1,0,"RT",7
"V317",317,0.000267094017094017,"nonsyn",0,0.000811688311688312,0,0,"c","T","I",1,0,"RT",7
"V318",318,0.00377959681108719,"syn",0.000791554065610782,0.00730928896840295,0,0,"t","T","T",0,1,"RT",7
"V319",319,0.00090711175616836,"nonsyn",0,0.0026003870343493,0,0,"g","V","I",0,0,"RT",8
"V320",320,0.0010409561270923,"nonsyn",0,0.00208929302214938,0,0,"t","V","A",0,0,"RT",8
"V321",321,0.0219580701749152,"syn",0.00575538307729778,0.04593387391762,0,0,"a","V","V",0,0,"RT",8
"V322",322,0.00237375831045908,"nonsyn",0.000258418584825234,0.00500537505972288,0,0,"c","P","S",1,0,"RT",9
"V323",323,0.00132906995750245,"nonsyn",0,0.00349378881987578,0,0,"c","P","L",1,0,"RT",9
"V324",324,0.0129777251260627,"syn",0.000855394309678197,0.0301751588316486,0,0,"a","P","P",0,1,"RT",9
"V325",325,0.00264360139151106,"nonsyn",0.000369959304476508,0.00610339626566807,0,0,"g","V","I",0,0,"RT",10
"V326",326,0.00716125916562288,"nonsyn",0,0.0147310571515428,0,0,"t","V","A",0,0,"RT",10
"V327",327,0.0255623666526638,"syn",0.00601847930652279,0.0429589859682402,0,0,"a","V","V",0,0,"RT",10
"V328",328,0.000646517857206924,"nonsyn",0.000106598443662723,0.00131367412938358,0,0,"a","K","E",1,0,"RT",11
"V329",329,0.0261368824581629,"nonsyn",0.00947692048517521,0.0473255448952893,0,0,"a","K","R",0,0,"RT",11
"V330",330,0.0209476104763705,"syn",0.00639189050449275,0.041245855379022,0,0,"a","K","K",0,0,"RT",11
"V331",331,0.0144413879725163,"syn",0.00440272815900456,0.0239413860767741,0,0,"t","L","L",0,0,"RT",12
"V332",332,0.000667100281849869,"nonsyn",0,0.00197628458498024,0,0,"t","L","S",1,0,"RT",12
"V333",333,0.0307500873539187,"syn",0.00844825992779377,0.0509248680258771,0,0,"a","L","L",0,0,"RT",12
"V334",334,0.00179528368934059,"nonsyn",0.000498157756222272,0.00332221080969437,0,0,"a","K","E",1,0,"RT",13
"V335",335,0.00699250620603876,"nonsyn",0.00311847769356112,0.010681034787757,0,0,"a","K","R",0,0,"RT",13
"V336",336,0.065979129526195,"syn",0.0367529321027198,0.0978073073367845,0,0,"g","K","K",0,0,"RT",13
"V337",337,0.000347222222222223,"nonsyn",0,0.00104166666666667,0,0,"c","P","S",1,0,"RT",14
"V338",338,0.00105847158657513,"nonsyn",0,0.00236603737604882,0,0,"c","P","L",1,0,"RT",14
"V339",339,0.00427479029559339,"syn",0.00127656087785398,0.00670565394750177,0,0,"a","P","P",0,1,"RT",14
"V340",340,0,"nonsyn",0,0,0,1,"g","G","R",1,0,"RT",15
"V341",341,0.00140618142106285,"nonsyn",0.000506006587575459,0.00262578635449695,0,0,"g","G","E",1,0,"RT",15
"V342",342,0.0144288438697203,"syn",0.00460608660171454,0.0268886696738578,0,0,"a","G","G",0,0,"RT",15
"V343",343,0.00691969776014192,"nonsyn",0.0035906941654687,0.0096620980739449,0,0,"a","M","V",0,0,"RT",16
"V344",344,0.00784620472120472,"nonsyn",0.000471866096866097,0.0158730158730159,0,0,"t","M","T",1,1,"RT",16
"V345",345,0.000677715807655288,"nonsyn",0,0.00167714884696017,0,0,"g","M","I",0,0,"RT",16
"V346",346,0.000663871418588399,"nonsyn",0,0.00156068017703238,0,0,"g","D","N",1,0,"RT",17
"V347",347,0.0036016516127382,"nonsyn",0.00165198503355575,0.00625562060301369,0,0,"a","D","G",1,0,"RT",17
"V348",348,0.0116342323319032,"syn",0.00276659510702064,0.0301854829603597,0,0,"t","D","D",0,1,"RT",17
"V349",349,0,"nonsyn",0,0,0,1,"g","G","S",1,0,"RT",18
"V350",350,0.000237416904083571,"nonsyn",0,0.0007168458781362,0,0,"g","G","D",1,0,"RT",18
"V351",351,0.0281928962172555,"syn",0.009452032631483,0.0486833749034889,0,0,"c","G","G",0,0,"RT",18
"V352",352,0.00142271544245229,"nonsyn",0.000125,0.00313251879699248,0,0,"c","P","S",1,0,"RT",19
"V353",353,0.00078125,"nonsyn",0,0.00234375,0,0,"c","P","L",1,0,"RT",19
"V354",354,0.00720615288367948,"syn",0.000804375804375804,0.018531236930838,0,0,"a","P","P",0,1,"RT",19
"V355",355,0,"nonsyn",0,0,0,1,"a","K","E",1,0,"RT",20
"V356",356,0.0896136784218791,"nonsyn",0.0548508692099686,0.114683687078394,0,0,"a","K","R",0,0,"RT",20
"V357",357,0.0258899353372002,"syn",0.0101810769393382,0.0433041356098683,0,0,"a","K","K",0,0,"RT",20
"V358",358,0.0136825859257965,"nonsyn",0.000470391470234673,0.0276662049861496,0,0,"g","V","I",0,0,"RT",21
"V359",359,0.00283350830173008,"nonsyn",0.000699448583461123,0.00582065960355435,0,0,"t","V","A",0,0,"RT",21
"V360",360,0.0447113715704278,"syn",0.0155594615050849,0.0718077040920578,0,0,"t","V","V",0,0,"RT",21
"V361",361,0.00174889380523905,"nonsyn",0.000396563926104889,0.00344438986910204,0,0,"a","K","E",1,0,"RT",22
"V362",362,0.00265106086954368,"nonsyn",0.0010003734494866,0.00472558903154112,0,0,"a","K","R",0,0,"RT",22
"V363",363,0.0349959517162021,"syn",0.00976887869042342,0.0587426660381959,0,0,"a","K","K",0,0,"RT",22
"V364",364,0,"stop",0,0,0,1,"c","Q","*",1,0,"RT",23
"V365",365,0.00202838827838828,"nonsyn",0,0.00446428571428572,0,0,"a","Q","R",1,1,"RT",23
"V366",366,0.022482532012332,"syn",0.00510476021543007,0.0374488971197497,0,0,"a","Q","Q",0,0,"RT",23
"V367",367,0.00120271128500807,"nonsyn",0,0.00258009484926113,0,0,"t","W","R",1,1,"RT",24
"V368",368,0,"stop",0,0,0,1,"g","W","*",1,0,"RT",24
"V369",369,0,"stop",0,0,0,1,"g","W","*",1,0,"RT",24
"V370",370,0.000591634562465603,"nonsyn",0,0.0014677374688452,0,0,"c","P","S",1,0,"RT",25
"V371",371,0,"nonsyn",0,0,0,1,"c","P","L",1,0,"RT",25
"V372",372,0.00280159488591662,"syn",0.00113979468599034,0.00420472202416962,0,0,"a","P","P",0,1,"RT",25
"V373",373,0.0359124405186363,"syn",0.0142202893063465,0.0609879412410691,0,0,"t","L","L",0,0,"RT",26
"V374",374,0.00251209806430971,"nonsyn",0.000865361542153256,0.00467401725790988,0,0,"t","L","S",1,1,"RT",26
"V375",375,0.0745305949557461,"syn",0.0362959874925103,0.114790074663114,0,0,"g","L","L",0,0,"RT",26
"V376",376,0.0094847490891861,"nonsyn",0.00403030290941134,0.0150285810667863,0,0,"a","T","A",1,0,"RT",27
"V377",377,0.000178062678062678,"nonsyn",0,0.000707714083510262,0,0,"c","T","I",1,0,"RT",27
"V378",378,0.00899439357988763,"syn",0.00173461128615627,0.0193290182738408,0,0,"a","T","T",0,1,"RT",27
"V379",379,0.00647876701371122,"nonsyn",0.00233126218323587,0.0113893824376554,0,0,"g","E","K",1,0,"RT",28
"V380",380,0.00871032521473747,"nonsyn",0.00296432054911793,0.0148645387322102,0,0,"a","E","G",1,0,"RT",28
"V381",381,0.0287671589819327,"syn",0.0102416892070441,0.0473324152760664,0,0,"a","E","E",0,0,"RT",28
"V382",382,0.00119306461801797,"nonsyn",9.11493938565308e-05,0.00260846633645203,0,0,"g","E","K",1,0,"RT",29
"V383",383,0.00532862869362649,"nonsyn",0.00226713690429391,0.00833597902147772,0,0,"a","E","G",1,0,"RT",29
"V384",384,0.0669818449238582,"syn",0.0302843717118931,0.0949129780786798,0,0,"a","E","E",0,0,"RT",29
"V385",385,0.0016611069988155,"nonsyn",0.000425277029050614,0.00304339033898782,0,0,"a","K","E",1,0,"RT",30
"V386",386,0.00291978096568987,"nonsyn",0.00147366220735786,0.00473937201221917,0,0,"a","K","R",0,0,"RT",30
"V387",387,0.03695517356298,"syn",0.0169542169475685,0.058557709183412,0,0,"a","K","K",0,0,"RT",30
"V388",388,0.00268281057409367,"nonsyn",0.000853162617899853,0.00438959415867064,0,0,"a","I","V",0,0,"RT",31
"V389",389,0.000287686996547756,"nonsyn",0,0.000863060989643269,0,0,"t","I","T",1,0,"RT",31
"V390",390,0,"nonsyn",0,0,0,1,"a","I","M",0,0,"RT",31
"V391",391,0.00152388784461153,"nonsyn",0.000780448717948718,0.00292273954116059,0,0,"a","K","E",1,0,"RT",32
"V392",392,0.00316672320496124,"nonsyn",0.00119665686175495,0.00542233158543279,0,0,"a","K","R",0,0,"RT",32
"V393",393,0.0193650743287967,"syn",0.00575801482873851,0.0354408150014835,0,0,"a","K","K",0,0,"RT",32
"V394",394,0.0015722322684348,"nonsyn",0,0.00312468803034841,0,0,"g","A","T",1,0,"RT",33
"V395",395,0.000371981384639612,"nonsyn",0,0.000768963033113976,0,0,"c","A","V",0,0,"RT",33
"V396",396,0.0118826120932164,"syn",0.00240130764788384,0.0247619109699577,0,0,"a","A","A",0,1,"RT",33
"V397",397,0.0204354298141844,"syn",0.00438398883096268,0.0368471036682132,0,0,"t","L","L",0,0,"RT",34
"V398",398,0.0011696912359164,"nonsyn",0,0.00237378515524211,0,0,"t","L","S",1,0,"RT",34
"V399",399,0.0697634471860141,"syn",0.0404729341176308,0.106463350634755,0,0,"a","L","L",0,0,"RT",34
"V400",400,0.112119656587269,"nonsyn",0.0689052728828305,0.144214431729263,0,0,"g","V","I",0,0,"RT",35
"V401",401,0.00162124388539483,"nonsyn",0,0.00468923418423973,0,0,"t","V","A",0,0,"RT",35
"V402",402,0.0131970661387793,"syn",0.00318091220914063,0.0296883553565765,0,0,"a","V","V",0,0,"RT",35
"V403",403,0.00274482127261434,"nonsyn",0.000855629877369008,0.00452354074995584,0,0,"g","E","K",1,0,"RT",36
"V404",404,0.00122701535783871,"nonsyn",0.000244977951984322,0.00265170528729579,0,0,"a","E","G",1,0,"RT",36
"V405",405,0.0398458034741522,"syn",0.0174567322874574,0.0637187558953704,0,0,"a","E","E",0,0,"RT",36
"V406",406,0.00267723731581809,"nonsyn",0.000740950226244344,0.00491287701421928,0,0,"a","I","V",0,0,"RT",37
"V407",407,0.00261757926968579,"nonsyn",0.000396691379467469,0.00512255278212725,0,0,"t","I","T",1,0,"RT",37
"V408",408,0.0683005308520368,"syn",0.024836022887193,0.0982282371728721,0,0,"t","I","I",0,0,"RT",37
"V409",409,0.00175445691369258,"nonsyn",0,0.0030762928827445,0,0,"t","C","R",1,1,"RT",38
"V410",410,0.000254777070063694,"nonsyn",0,0.000769230769230769,0,0,"g","C","Y",1,0,"RT",38
"V411",411,0.0328465456841968,"syn",0.00693757678064223,0.0561145353699497,0,0,"t","C","C",0,0,"RT",38
"V412",412,0.0672241137228075,"nonsyn",0.023460588469621,0.0977622656919011,0,0,"a","T","A",1,0,"RT",39
"V413",413,0.00134129981723565,"nonsyn",0.00017921146953405,0.00267814178447663,0,0,"c","T","I",1,0,"RT",39
"V414",414,0.00778407325484777,"syn",0.00417385245517122,0.0108814073079705,0,0,"a","T","T",0,1,"RT",39
"V415",415,0.000119417243850012,"nonsyn",0,0.000358251731550036,0,0,"g","E","K",1,0,"RT",40
"V416",416,0.00122000596684141,"nonsyn",0.000231481481481481,0.00217629885351404,0,0,"a","E","G",1,0,"RT",40
"V417",417,0.0427913306856428,"syn",0.0155069195994891,0.0637679369269412,0,0,"a","E","E",0,0,"RT",40
"V418",418,0.00183545999930637,"res",0.000386772816923534,0.00372404461822017,0,0,"a","M","V",0,0,"RT",41
"V419",419,0.00138862872324883,"res",0.000335345405767941,0.00277787939759771,0,0,"t","M","T",1,1,"RT",41
"V420",420,0.000573678987844207,"res",0,0.00158559113300493,0,0,"g","M","I",0,0,"RT",41
"V421",421,0.00523395765529982,"nonsyn",0.001390993646063,0.00985098313177886,0,0,"g","E","K",1,0,"RT",42
"V422",422,0.00334624571827615,"nonsyn",0.00109414829809567,0.00566982205853647,0,0,"a","E","G",1,0,"RT",42
"V423",423,0.0659019006339482,"syn",0.0363845732471913,0.097696124712929,0,0,"a","E","E",0,0,"RT",42
"V424",424,0.0189582669496446,"nonsyn",0.00302014721426664,0.0349211006689,0,0,"a","K","E",1,0,"RT",43
"V425",425,0.00895772998477872,"nonsyn",0.0033741555635493,0.0135671417079152,0,0,"a","K","R",0,0,"RT",43
"V426",426,0.0451147358610169,"syn",0.0219161956928625,0.0696019577601547,0,0,"g","K","K",0,0,"RT",43
"V427",427,0.00202256266257597,"nonsyn",0.000293160164306045,0.00427685059036991,0,0,"g","E","K",1,0,"RT",44
"V428",428,0.00369508882368143,"nonsyn",0.00173856541514818,0.00620202128877504,0,0,"a","E","G",1,0,"RT",44
"V429",429,0.0163307548438796,"syn",0.00482988941693272,0.0298245709701004,0,0,"a","E","E",0,0,"RT",44
"V430",430,0.00131999360971324,"nonsyn",0.000284900284900285,0.00272338772338772,0,0,"g","G","R",1,0,"RT",45
"V431",431,0.00257413925638225,"nonsyn",0,0.00629492831327694,0,0,"g","G","E",1,0,"RT",45
"V432",432,0.466358934037937,"syn",0.395902182805134,0.535827462068907,0,0,"g","G","G",0,0,"RT",45
"V433",433,0.0023300407265074,"nonsyn",0.000900634145137809,0.00369113883313506,0,0,"a","K","E",1,0,"RT",46
"V434",434,0.00360729357188838,"nonsyn",0.000592825433589765,0.00762103235860569,0,0,"a","K","R",0,0,"RT",46
"V435",435,0.0466657816302672,"syn",0.0117251742160279,0.0752880092420447,0,0,"a","K","K",0,0,"RT",46
"V436",436,0.00272964549479482,"nonsyn",0.000878564784933969,0.0055546119711676,0,0,"a","I","V",0,0,"RT",47
"V437",437,0.00167839035691502,"nonsyn",0.000609954456733897,0.00310480854247433,0,0,"t","I","T",1,0,"RT",47
"V438",438,0.0319167766511775,"syn",0.00242121848739496,0.0554333077316948,0,0,"t","I","I",0,0,"RT",47
"V439",439,0.00258914950061909,"nonsyn",0.000950903733922601,0.00441401066096188,0,0,"t","S","P",1,0,"RT",48
"V440",440,0,"nonsyn",0,0,0,1,"c","S","L",1,0,"RT",48
"V441",441,0.0084253122518816,"syn",0.00043010752688172,0.0216140491319358,0,0,"a","S","S",0,1,"RT",48
"V442",442,0.000681373079992579,"nonsyn",0.00014336917562724,0.00135143726442941,0,0,"a","K","E",1,0,"RT",49
"V443",443,0.062934388449553,"nonsyn",0.0370568467951636,0.0967491827169246,0,0,"a","K","R",0,0,"RT",49
"V444",444,0.0212066957259265,"syn",0.00660533144609578,0.0437853227410189,0,0,"a","K","K",0,0,"RT",49
"V445",445,0.0143546279107,"nonsyn",0.000509259259259259,0.0328270670424926,0,0,"a","I","V",0,0,"RT",50
"V446",446,0.00103762640032615,"nonsyn",0.000109122653862942,0.00199278751221135,0,0,"t","I","T",1,0,"RT",50
"V447",447,0.00344826117376701,"syn",0.00120262366026277,0.00506698617298826,0,0,"t","I","I",0,1,"RT",50
"V448",448,0.000222469410456063,"nonsyn",0,0.000663129973474802,0,0,"g","G","R",1,0,"RT",51
"V449",449,0.000532258064516129,"nonsyn",0,0.00134868421052632,0,0,"g","G","E",1,0,"RT",51
"V450",450,0.0446830184928687,"syn",0.0191895805814061,0.0706811906551544,0,0,"g","G","G",0,0,"RT",51
"V451",451,0.000484413980187468,"nonsyn",0,0.00129172015404364,0,0,"c","P","S",1,0,"RT",52
"V452",452,0.00219439764973967,"nonsyn",0.00046946724161914,0.00421888053467001,0,0,"c","P","L",1,0,"RT",52
"V453",453,0.0122177799934456,"syn",0.00291947952961673,0.0256712460806179,0,0,"t","P","P",0,1,"RT",52
"V454",454,0.00195667153716791,"nonsyn",0.000195503421309873,0.00352427329729818,0,0,"g","E","K",1,0,"RT",53
"V455",455,0.00479531507759341,"nonsyn",0.00220751161711458,0.00705317304295416,0,0,"a","E","G",1,0,"RT",53
"V456",456,0.024091479604662,"syn",0.00969224286049529,0.0450409869012153,0,0,"a","E","E",0,0,"RT",53
"V457",457,0.00274996818340472,"nonsyn",0.000728667305848514,0.00478072938347829,0,0,"a","N","D",1,0,"RT",54
"V458",458,0.005550658334372,"nonsyn",0.00142543859649123,0.0099487124457281,0,0,"a","N","S",0,0,"RT",54
"V459",459,0.0733808658473283,"syn",0.0406142282157921,0.111109002823587,0,0,"t","N","N",0,0,"RT",54
"V460",460,0.000126502213788741,"nonsyn",0,0.000379506641366224,0,0,"c","P","S",1,0,"RT",55
"V461",461,0.000376797638734797,"nonsyn",0,0.00085812356979405,0,0,"c","P","L",1,0,"RT",55
"V462",462,0.0169563463971382,"syn",0.00203869047619048,0.0331317691309515,0,0,"a","P","P",0,1,"RT",55
"V463",463,0.00162728916452384,"nonsyn",0.000530471650540755,0.00301251490656788,0,0,"t","Y","H",1,0,"RT",56
"V464",464,0.00460093307793436,"nonsyn",0.00112069633244259,0.00874936748893106,0,0,"a","Y","C",1,0,"RT",56
"V465",465,0.0912931030746167,"syn",0.0536370038679968,0.131247584873201,0,0,"c","Y","Y",0,0,"RT",56
"V466",466,0.00238868523053144,"nonsyn",0.000297619047619048,0.00582588546838795,0,0,"a","N","D",1,1,"RT",57
"V467",467,0.00326858697139469,"nonsyn",0.000953034350401971,0.00551427403075243,0,0,"a","N","S",0,0,"RT",57
"V468",468,0.0181891152169442,"syn",0.0042451687221787,0.0383318202458732,0,0,"t","N","N",0,0,"RT",57
"V469",469,0.00145670691199813,"nonsyn",0.000357142857142857,0.0028130439123056,0,0,"a","T","A",1,0,"RT",58
"V470",470,0.000628930817610063,"nonsyn",0,0.00189873417721519,0,0,"c","T","I",1,0,"RT",58
"V471",471,0.0147330540992626,"syn",0.00400696488645921,0.0341812465566277,0,0,"t","T","T",0,0,"RT",58
"V472",472,0.000174703004891684,"nonsyn",0,0.000524109014675053,0,0,"c","P","S",1,0,"RT",59
"V473",473,0.000386335100248277,"nonsyn",0,0.000857603512743987,0,0,"c","P","L",1,0,"RT",59
"V474",474,0.0103402055178419,"syn",0.00158407009730429,0.0235790014510719,0,0,"a","P","P",0,1,"RT",59
"V475",475,0.110192665567175,"nonsyn",0.0642171906756526,0.15341433424214,0,0,"g","V","I",0,0,"RT",60
"V476",476,0.0023986959596056,"nonsyn",0.000485625485625486,0.00477171544946482,0,0,"t","V","A",0,0,"RT",60
"V477",477,0.0442598073502791,"syn",0.0182788870610461,0.0700451685325456,0,0,"a","V","V",0,0,"RT",60
"V478",478,0.00232701943910224,"nonsyn",0.000872207194816309,0.00399244100583959,0,0,"t","F","L",0,0,"RT",61
"V479",479,0.0022736801242236,"nonsyn",0.000677536231884058,0.00396493271221532,0,0,"t","F","S",1,0,"RT",61
"V480",480,0.00837942274617951,"syn",0.00192076396626989,0.0172692909880794,0,0,"t","F","F",0,1,"RT",61
"V481",481,0.00111959785872829,"res",0,0.00237979444282333,0,0,"g","A","T",1,0,"RT",62
"V482",482,0.010504732148975,"res",0.00250703118126683,0.0219953391785212,0,0,"c","A","V",0,0,"RT",62
"V483",483,0.118794424359053,"res",0.0719124373146717,0.161005261774042,0,0,"c","A","A",0,0,"RT",62
"V484",484,0.00358602173558514,"nonsyn",0.0012469376766725,0.00624319405573271,0,0,"a","I","V",0,1,"RT",63
"V485",485,0.000240384615384616,"nonsyn",0,0.000961538461538462,0,0,"t","I","T",1,0,"RT",63
"V486",486,0.000496767241379311,"nonsyn",0,0.00112176724137931,0,0,"a","I","M",0,0,"RT",63
"V487",487,0.00250239559888074,"nonsyn",0.000620807763664907,0.00429188585889872,0,0,"a","K","E",1,0,"RT",64
"V488",488,0.034663947190992,"nonsyn",0.0123002335514495,0.0591896015087134,0,0,"a","K","R",0,0,"RT",64
"V489",489,0.00734346481916043,"syn",0.000176928520877566,0.0197698547443879,0,0,"g","K","K",0,0,"RT",64
"V490",490,0.00497240964055541,"res",0.00238101760537658,0.00763219956212014,0,0,"a","K","E",1,0,"RT",65
"V491",491,0.00126852317912079,"res",0.000184621065263547,0.00215812446142895,0,0,"a","K","R",0,0,"RT",65
"V492",492,0.0430152987386425,"res",0.0153290751241128,0.072247746228001,0,0,"a","K","K",0,0,"RT",65
"V493",493,0.00497455540858318,"nonsyn",0.00114895917815626,0.00920745920745921,0,0,"a","K","E",1,0,"RT",66
"V494",494,0.00295240399163572,"nonsyn",0.000576629496880392,0.00612129229874048,0,0,"a","K","R",0,0,"RT",66
"V495",495,0.168507083977535,"syn",0.115478936797157,0.214436718937268,0,0,"a","K","K",0,0,"RT",66
"V496",496,0.117300916179009,"res",0.0761374143818361,0.160621116111947,0,0,"g","D","N",1,0,"RT",67
"V497",497,0.0149582040023937,"res",0.00397725256249633,0.0352885708010525,0,0,"a","D","G",1,0,"RT",67
"V498",498,0.069870476310893,"res",0.0357792498977262,0.101620630517335,0,0,"c","D","D",0,0,"RT",67
"V499",499,0.0286111548856924,"nonsyn",0.00401248933440679,0.0481139997374989,0,0,"a","S","G",1,1,"RT",68
"V500",500,0.00431903622693096,"nonsyn",0.000318471337579618,0.0110370498614958,0,0,"g","S","N",0,0,"RT",68
"V501",501,0.0380696178205415,"syn",0.0123234615531694,0.0569049893994277,0,0,"t","S","S",0,0,"RT",68
"V502",502,0.00234433235252907,"nonsyn",0.00064648375906654,0.00459524810344482,0,0,"a","T","A",1,0,"RT",69
"V503",503,0.00115191697069481,"nonsyn",0.000108436347863804,0.00229188840509595,0,0,"c","T","I",1,0,"RT",69
"V504",504,0.0214111968012552,"syn",0.0025231741921784,0.0441278329513624,0,0,"t","T","T",0,0,"RT",69
"V505",505,0.00156412930135558,"res",0,0.00360496311200537,0,0,"a","K","E",1,0,"RT",70
"V506",506,0.186554421483837,"res",0.113891853280281,0.230408715550495,0,0,"a","K","R",0,0,"RT",70
"V507",507,0.0595042053992652,"res",0.026555755675963,0.0901112436553643,0,0,"a","K","K",0,0,"RT",70
"V508",508,0.00287217298128886,"nonsyn",0.000797897618970022,0.00633123866121486,0,0,"t","W","R",1,1,"RT",71
"V509",509,0,"stop",0,0,0,1,"g","W","*",1,0,"RT",71
"V510",510,0,"stop",0,0,0,1,"g","W","*",1,0,"RT",71
"V511",511,0.00391420745811191,"nonsyn",0.00221235320350825,0.00640445686584883,0,0,"a","R","G",1,0,"RT",72
"V512",512,0.00329548603997206,"nonsyn",0.000966139124033861,0.00574222539290534,0,0,"g","R","K",0,0,"RT",72
"V513",513,0.0397526620684875,"syn",0.0172917377203211,0.0657140381485323,0,0,"a","R","R",0,0,"RT",72
"V514",514,0.00301553897974865,"nonsyn",0.0013477501719383,0.00503674720481474,0,0,"a","K","E",1,0,"RT",73
"V515",515,0.00251372946472765,"nonsyn",0.00093998724022884,0.00539543764362276,0,0,"a","K","R",0,0,"RT",73
"V516",516,0.0624967082166795,"syn",0.0273498009075949,0.0961495397503622,0,0,"a","K","K",0,0,"RT",73
"V517",517,0.0552593208126155,"syn",0.0318972392576375,0.0816284386974586,0,0,"t","L","L",0,0,"RT",74
"V518",518,0.00107901539844892,"nonsyn",0,0.00302121466060954,0,0,"t","L","S",1,0,"RT",74
"V519",519,0.0166593732062941,"syn",0.0021995964269025,0.0328045331181203,0,0,"a","L","L",0,0,"RT",74
"V520",520,0.00624158124325771,"res",0,0.0183793889016098,0,0,"g","V","I",0,0,"RT",75
"V521",521,0.00247810715474913,"res",0.000415543575920934,0.004437639726467,0,0,"t","V","A",0,0,"RT",75
"V522",522,0.0147749863660713,"res",0.00388601033410084,0.0272870992267254,0,0,"a","V","V",0,0,"RT",75
"V523",523,0.000383443750931982,"nonsyn",0,0.000967585873246252,0,0,"g","D","N",1,0,"RT",76
"V524",524,0.00173464041808574,"nonsyn",0.000265392781316348,0.00283776645915865,0,0,"a","D","G",1,0,"RT",76
"V525",525,0.0500681182769401,"syn",0.019501846353378,0.0727134010915961,0,0,"t","D","D",0,0,"RT",76
"V526",526,0.00193059992656883,"res",0.000124285359184688,0.00398059964726632,0,0,"t","F","L",0,0,"RT",77
"V527",527,0.0023202725400292,"res",0.000931324910916748,0.00393448977740197,0,0,"t","F","S",1,0,"RT",77
"V528",528,0.0910540834072184,"res",0.0397090564566202,0.133474924002802,0,0,"c","F","F",0,0,"RT",77
"V529",529,0.0028436369862563,"nonsyn",0.00076633290768123,0.00523823075664209,0,0,"a","R","G",1,1,"RT",78
"V530",530,0,"nonsyn",0,0,0,1,"g","R","K",0,0,"RT",78
"V531",531,0.0659892119435343,"syn",0.0305481875207449,0.0887365871200165,0,0,"a","R","R",0,0,"RT",78
"V532",532,0.00246714070243482,"nonsyn",0.000301386377335744,0.00511158711850753,0,0,"g","E","K",1,0,"RT",79
"V533",533,0.00524367698910235,"nonsyn",0.00187320558438571,0.00916682226111928,0,0,"a","E","G",1,0,"RT",79
"V534",534,0.0643910918658842,"syn",0.0272422114489093,0.0966674569853836,0,0,"a","E","E",0,0,"RT",79
"V535",535,0,"nonsyn",0,0,0,1,"c","L","F",0,0,"RT",80
"V536",536,0.003186290879138,"nonsyn",0.000452079566003616,0.00597781847781848,0,0,"t","L","P",1,0,"RT",80
"V537",537,0.0412072816123723,"syn",0.016835778395429,0.0767139559998642,0,0,"t","L","L",0,0,"RT",80
"V538",538,0.00131330808173879,"nonsyn",0.000577698163905061,0.00221728006208691,0,0,"a","N","D",1,0,"RT",81
"V539",539,0.00313753211573181,"nonsyn",0.00108089176180577,0.00623128573270536,0,0,"a","N","S",0,0,"RT",81
"V540",540,0.0437235309354993,"syn",0.0219892706627278,0.0692623145272602,0,0,"t","N","N",0,0,"RT",81
"V541",541,0.00212501559842971,"nonsyn",0.000562962962962963,0.00374812659801203,0,0,"a","K","E",1,0,"RT",82
"V542",542,0.00717571325612338,"nonsyn",0.00339271183749291,0.0133576049381064,0,0,"a","K","R",0,0,"RT",82
"V543",543,0.12212553908317,"syn",0.0750288646938468,0.16718458493289,0,0,"g","K","K",0,0,"RT",82
"V544",544,0.00304127445882517,"nonsyn",0.00123192749365256,0.00577127949886797,0,0,"a","R","G",1,0,"RT",83
"V545",545,0.202816876745805,"nonsyn",0.136047628587584,0.269847351570699,0,0,"g","R","K",0,0,"RT",83
"V546",546,0.0280658445790295,"syn",0.00949358981240072,0.0496140651473918,0,0,"a","R","R",0,0,"RT",83
"V547",547,0.00242690161276074,"nonsyn",0.000753378584969119,0.00404505888376857,0,0,"a","T","A",1,0,"RT",84
"V548",548,0.00167427105445438,"nonsyn",0.000232937339855579,0.00326573091659298,0,0,"c","T","I",1,0,"RT",84
"V549",549,0.0288921448771853,"syn",0.0088817547910275,0.0478926439631797,0,0,"t","T","T",0,0,"RT",84
"V550",550,0,"stop",0,0,0,1,"c","Q","*",1,0,"RT",85
"V551",551,0.00159002151026729,"nonsyn",0.000227573651108904,0.00253748961234065,0,0,"a","Q","R",1,1,"RT",85
"V552",552,0.0104614869579247,"syn",0.00360140620019954,0.0177306634046233,0,0,"a","Q","Q",0,0,"RT",85
"V553",553,0.000671310758465576,"nonsyn",0,0.00147727272727273,0,0,"g","D","N",1,0,"RT",86
"V554",554,0.00772823458973762,"nonsyn",0.00328629544876685,0.0130894272509179,0,0,"a","D","G",1,0,"RT",86
"V555",555,0.0823634542955274,"syn",0.0376450762008892,0.11462430142679,0,0,"c","D","D",0,0,"RT",86
"V556",556,0.00698389191534469,"nonsyn",0.00228948282639558,0.0107343457844014,0,0,"t","F","L",0,0,"RT",87
"V557",557,0.00123389572617898,"nonsyn",0.000324675324675325,0.00211631051312492,0,0,"t","F","S",1,0,"RT",87
"V558",558,0.105908854313047,"syn",0.0619891771545273,0.145529868940519,0,0,"c","F","F",0,0,"RT",87
"V559",559,0.00159527960276416,"nonsyn",0.000531936775514681,0.00312512109586918,0,0,"t","W","R",1,1,"RT",88
"V560",560,0,"stop",0,0,0,1,"g","W","*",1,0,"RT",88
"V561",561,0,"stop",0,0,0,1,"g","W","*",1,0,"RT",88
"V562",562,0.000237113222651491,"nonsyn",0,0.000578643277296299,0,0,"g","E","K",1,0,"RT",89
"V563",563,0.00228339556337501,"nonsyn",0.000527395651472764,0.00402116611446529,0,0,"a","E","G",1,0,"RT",89
"V564",564,0.0417412865607635,"syn",0.0134125835756856,0.0677174765509845,0,0,"a","E","E",0,0,"RT",89
"V565",565,0.0409086933366264,"nonsyn",0.0188129734004918,0.063567874011953,0,0,"g","V","I",0,0,"RT",90
"V566",566,0.00204002682519262,"nonsyn",0.000263157894736842,0.00347388599097417,0,0,"t","V","A",0,0,"RT",90
"V567",567,0.0586386033170925,"syn",0.0298558116721343,0.0924360074709399,0,0,"t","V","V",0,0,"RT",90
"V568",568,0,"stop",0,0,0,1,"c","Q","*",1,0,"RT",91
"V569",569,0.00325834719695703,"nonsyn",0.000801397488943547,0.00484310863641471,0,0,"a","Q","R",1,1,"RT",91
"V570",570,0.0542553870421639,"syn",0.0221432146943446,0.0804218787058079,0,0,"a","Q","Q",0,0,"RT",91
"V571",571,0.0431553866538446,"syn",0.0172009451905512,0.0704749076899871,0,0,"t","L","L",0,0,"RT",92
"V572",572,0.000453330788318381,"nonsyn",0,0.00110635204121952,0,0,"t","L","S",1,0,"RT",92
"V573",573,0.0190588549801611,"syn",0.00573910519488303,0.033299037559548,0,0,"a","L","L",0,0,"RT",92
"V574",574,0.000838912640154876,"nonsyn",0,0.00150784570120955,0,0,"g","G","R",1,0,"RT",93
"V575",575,0.000696914630862582,"nonsyn",0,0.0012208389139248,0,0,"g","G","E",1,0,"RT",93
"V576",576,0.0621610476508078,"syn",0.0303832920078598,0.0946332124332851,0,0,"a","G","G",0,0,"RT",93
"V577",577,0.00422937446290593,"nonsyn",0.00170315335753176,0.0071288120575785,0,0,"a","I","V",0,0,"RT",94
"V578",578,0.00112431318681319,"nonsyn",9.92063492063494e-05,0.00235347985347985,0,0,"t","I","T",1,0,"RT",94
"V579",579,0.000985692423192423,"nonsyn",0.000138888888888889,0.00184638484638485,0,0,"a","I","M",0,0,"RT",94
"V580",580,0.00104640582347589,"nonsyn",0,0.00211466165413534,0,0,"c","P","S",1,0,"RT",95
"V581",581,0.0011643038148072,"nonsyn",0,0.0025219298245614,0,0,"c","P","L",1,0,"RT",95
"V582",582,0.014766732044412,"syn",0.00390604711333789,0.0289066182236768,0,0,"a","P","P",0,1,"RT",95
"V583",583,0,"nonsyn",0,0,0,1,"c","H","Y",1,0,"RT",96
"V584",584,0.00324869744024037,"nonsyn",0.00120072077532822,0.00534885213344717,0,0,"a","H","R",0,1,"RT",96
"V585",585,0.0580522943762248,"syn",0.0242495943926704,0.0904320112182299,0,0,"t","H","H",0,0,"RT",96
"V586",586,0.000971295717230677,"nonsyn",0,0.00209421347279248,0,0,"c","P","S",1,0,"RT",97
"V587",587,0,"nonsyn",0,0,0,1,"c","P","L",1,0,"RT",97
"V588",588,0.317216999122107,"syn",0.247799219654042,0.372895509625706,0,0,"c","P","P",0,0,"RT",97
"V589",589,0.000565284178187404,"nonsyn",0,0.00148694316436252,0,0,"g","A","T",1,0,"RT",98
"V590",590,0.000811567511254976,"nonsyn",0,0.00179110105580694,0,0,"c","A","V",0,0,"RT",98
"V591",591,0.029187124898676,"syn",0.0104447775213634,0.0536425763011929,0,0,"a","A","A",0,1,"RT",98
"V592",592,0,"nonsyn",0,0,0,1,"g","G","R",1,0,"RT",99
"V593",593,0.000414746543778802,"nonsyn",0,0.00102040816326531,0,0,"g","G","E",1,0,"RT",99
"V594",594,0.0588501499839962,"syn",0.0265264673753296,0.0903754732087797,0,0,"g","G","G",0,0,"RT",99
"V595",595,0.0370847047547358,"res",0.0108575714946105,0.0611688428013792,0,0,"t","L","L",0,0,"RT",100
"V596",596,0.00129993038264512,"res",0.0001573564122738,0.0027233258277797,0,0,"t","L","S",1,0,"RT",100
"V597",597,0.0396260941874329,"res",0.014595225079902,0.0672990790882265,0,0,"a","L","L",0,0,"RT",100
"V598",598,0.0171064205986703,"res",0.00600133852650213,0.0271013578966978,0,0,"a","K","E",1,0,"RT",101
"V599",599,0.00127963231736817,"res",0,0.00311343719571568,0,0,"a","K","R",0,0,"RT",101
"V600",600,0.0362264406827019,"res",0.017584091762434,0.056628156105511,0,0,"a","K","K",0,0,"RT",101
"V601",601,0.00228839366327427,"nonsyn",0.0003125,0.00432169567055156,0,0,"a","K","E",1,0,"RT",102
"V602",602,0.0337985515114817,"nonsyn",0.0160228312519101,0.0539131934116467,0,0,"a","K","R",0,0,"RT",102
"V603",603,0.00191202038335796,"syn",0.000173250173250173,0.0045724689036791,0,0,"g","K","K",0,0,"RT",102
"V604",604,0.00408243707728833,"res",0.000440250232551534,0.00850072741600618,0,0,"a","K","E",1,0,"RT",103
"V605",605,0.0206589547106788,"res",0.00305907172995781,0.0427526496492014,0,0,"a","K","R",0,0,"RT",103
"V606",606,0.0194098327030908,"res",0.00512771907181845,0.0353129272610187,0,0,"a","K","K",0,0,"RT",103
"V607",607,0.00102115626309175,"nonsyn",0,0.0026618174151381,0,0,"a","K","E",1,0,"RT",104
"V608",608,0.00205684734193926,"nonsyn",0.000828080583364232,0.00358196708229239,0,0,"a","K","R",0,0,"RT",104
"V609",609,0.0303140595446762,"syn",0.0105056903154729,0.0613959648906843,0,0,"a","K","K",0,0,"RT",104
"V610",610,0.000572916666666667,"nonsyn",0,0.00119791666666667,0,0,"t","S","P",1,0,"RT",105
"V611",611,0,"nonsyn",0,0,0,1,"c","S","L",1,0,"RT",105
"V612",612,0.00635965779515761,"syn",0.00301641150541364,0.0101478960661745,0,0,"a","S","S",0,1,"RT",105
"V613",613,0.0127789085217385,"res",0.00291155373353394,0.0260444849467163,0,0,"g","V","I",0,0,"RT",106
"V614",614,0.000611431666283053,"res",0,0.00108964081891535,0,0,"t","V","A",0,0,"RT",106
"V615",615,0.0474139881442657,"res",0.0184757549196534,0.0742566830672815,0,0,"a","V","V",0,0,"RT",106
"V616",616,0.000977637578343208,"nonsyn",0,0.00201319401014523,0,0,"a","T","A",1,0,"RT",107
"V617",617,0.000914182073231586,"nonsyn",0.00010727311735679,0.00195059702852976,0,0,"c","T","I",1,0,"RT",107
"V618",618,0.0143426095685859,"syn",0.00361359576785109,0.0277939033075336,0,0,"a","T","T",0,1,"RT",107
"V619",619,0.0347858708886314,"res",0.0185148982553707,0.0501755042488055,0,0,"g","V","I",0,0,"RT",108
"V620",620,0.00249753766178813,"res",0.000790588457408523,0.00450982241765929,0,0,"t","V","A",0,0,"RT",108
"V621",621,0.0308066838181729,"res",0.0118188957404311,0.0494871031565537,0,0,"a","V","V",0,0,"RT",108
"V622",622,0.0422032985232273,"syn",0.021295909359444,0.0651303118390721,0,0,"c","L","L",0,0,"RT",109
"V623",623,0.00219693902824212,"nonsyn",0.000721514851064115,0.0037261865905148,0,0,"t","L","P",1,1,"RT",109
"V624",624,0.130225275227644,"syn",0.0836777272639122,0.184111862400146,0,0,"g","L","L",0,0,"RT",109
"V625",625,0.00103316618799262,"nonsyn",0.000152439024390244,0.00199593897361521,0,0,"g","D","N",1,0,"RT",110
"V626",626,0.001189204600143,"nonsyn",0.000222120098039216,0.00244850105189341,0,0,"a","D","G",1,0,"RT",110
"V627",627,0.00810550435491138,"syn",0.00280573593073593,0.014190167339776,0,0,"t","D","D",0,1,"RT",110
"V628",628,9.2489826119127e-05,"nonsyn",0,0.000275735294117647,0,0,"g","V","M",0,0,"RT",111
"V629",629,0.0034238772859424,"nonsyn",0.00126506607582829,0.00512933552190629,0,0,"t","V","A",0,1,"RT",111
"V630",630,0.0265137153210956,"syn",0.00738730077486569,0.0444870004239359,0,0,"g","V","V",0,0,"RT",111
"V631",631,0.0021621596296921,"nonsyn",0.000101102011930038,0.004743985136142,0,0,"g","G","S",1,0,"RT",112
"V632",632,0.000990508533611982,"nonsyn",0,0.00244529177718833,0,0,"g","G","D",1,0,"RT",112
"V633",633,0.0226749662341768,"syn",0.00638790144382249,0.0451081395390606,0,0,"t","G","G",0,1,"RT",112
"V634",634,0.000339604999691268,"nonsyn",0,0.000810834502103786,0,0,"g","D","N",1,0,"RT",113
"V635",635,0.00324426421210676,"nonsyn",0.000922193546530063,0.00532468327873451,0,0,"a","D","G",1,0,"RT",113
"V636",636,0.0116094841400548,"syn",0.0022496167027417,0.0282491696859903,0,0,"t","D","D",0,1,"RT",113
"V637",637,0.00110490170424805,"nonsyn",0.000226039783001808,0.00191257121926402,0,0,"g","A","T",1,0,"RT",114
"V638",638,0.00134770889487871,"nonsyn",0,0.00314465408805032,0,0,"c","A","V",0,0,"RT",114
"V639",639,0.00313043854938831,"syn",0.000542102683126913,0.0054620894803173,0,0,"a","A","A",0,1,"RT",114
"V640",640,0.00100593945064327,"nonsyn",0.000188217579521927,0.00192006620146717,0,0,"t","Y","H",1,0,"RT",115
"V641",641,0.00175649229808743,"nonsyn",0,0.00441144901610018,0,0,"a","Y","C",1,0,"RT",115
"V642",642,0.0878146707313456,"syn",0.0414631160851882,0.12608282544562,0,0,"t","Y","Y",0,0,"RT",115
"V643",643,0.00151371807000946,"res",0,0.00552995391705069,0,0,"t","F","L",0,0,"RT",116
"V644",644,0.00342958466261372,"res",0.00120803903698641,0.00568090354279613,0,0,"t","F","S",1,0,"RT",116
"V645",645,0.0933072478210052,"res",0.0592133450948936,0.128712075603771,0,0,"t","F","F",0,0,"RT",116
"V646",646,0.00241656729247481,"nonsyn",0.000816906480161558,0.00367636908602099,0,0,"t","S","P",1,0,"RT",117
"V647",647,0,"nonsyn",0,0,0,1,"c","S","L",1,0,"RT",117
"V648",648,0.00231447070615877,"syn",0.000847222222222223,0.00458278572447379,0,0,"a","S","S",0,1,"RT",117
"V649",649,0.0685027620253084,"nonsyn",0.0228634675892105,0.105960739267464,0,0,"g","V","I",0,0,"RT",118
"V650",650,0.00336721566122359,"nonsyn",0.00176411089714713,0.00566647947827128,0,0,"t","V","A",0,0,"RT",118
"V651",651,0.0244918117409248,"syn",0.0102880901184742,0.0381966308784275,0,0,"t","V","V",0,0,"RT",118
"V652",652,0.000333333333333333,"nonsyn",0,0.00100671140939597,0,0,"c","P","S",1,0,"RT",119
"V653",653,0.000119047619047619,"nonsyn",0,0.000369458128078819,0,0,"c","P","L",1,0,"RT",119
"V654",654,0.126729204438516,"syn",0.0839413402570879,0.179540679762121,0,0,"c","P","P",0,0,"RT",119
"V655",655,0.0338713910762911,"syn",0.0132830514511489,0.0564463587049395,0,0,"t","L","L",0,0,"RT",120
"V656",656,0.00237050495292254,"nonsyn",0.00062536189924725,0.00522715993683736,0,0,"t","L","S",1,0,"RT",120
"V657",657,0.0187821518986037,"syn",0.00528130518200031,0.0380515209596932,0,0,"a","L","L",0,0,"RT",120
"V658",658,0.000857316949575698,"nonsyn",0,0.00195946857536445,0,0,"g","D","N",1,0,"RT",121
"V659",659,0.00253033852815215,"nonsyn",0.000671140939597316,0.00437284622087781,0,0,"a","D","G",1,0,"RT",121
"V660",660,0.0505042481475303,"syn",0.0167709347825359,0.0805098997082091,0,0,"t","D","D",0,0,"RT",121
"V661",661,0.226627292571625,"nonsyn",0.149221100128942,0.282930034912839,0,0,"a","K","E",1,0,"RT",122
"V662",662,0.00881540265744333,"nonsyn",0.00257426400101637,0.0169353797992665,0,0,"a","K","R",0,0,"RT",122
"V663",663,0.0512168235649558,"syn",0.0210724449520546,0.0751142324295531,0,0,"a","K","K",0,0,"RT",122
"V664",664,0.0577049240968676,"nonsyn",0.0281846192150882,0.0951380566962641,0,0,"g","D","N",1,0,"RT",123
"V665",665,0.00513314483081775,"nonsyn",0.00135475246140362,0.00875402035895919,0,0,"a","D","G",1,0,"RT",123
"V666",666,0.0458236338630582,"syn",0.0244240563201381,0.0742342323287655,0,0,"c","D","D",0,0,"RT",123
"V667",667,0.00286411355579337,"nonsyn",0.000696174576468115,0.00438629997453527,0,0,"t","F","L",0,0,"RT",124
"V668",668,0.00261365915438724,"nonsyn",0.000831024930747922,0.00481876089818868,0,0,"t","F","S",1,0,"RT",124
"V669",669,0.0899358460259219,"syn",0.0490310988772531,0.128510978494149,0,0,"c","F","F",0,0,"RT",124
"V670",670,0.00398914616689757,"nonsyn",0.00159513357407023,0.00652558815397685,0,0,"a","R","G",1,1,"RT",125
"V671",671,0.000460087416609156,"nonsyn",0,0.00121416725894338,0,0,"g","R","K",0,0,"RT",125
"V672",672,0.18385216317809,"syn",0.118933098583462,0.235564689520227,0,0,"g","R","R",0,0,"RT",125
"V673",673,0.00413438865198408,"nonsyn",0.0019255738947719,0.00621038901726577,0,0,"a","K","E",1,0,"RT",126
"V674",674,0.0025973093515287,"nonsyn",0.00111990336349311,0.00474336658811237,0,0,"a","K","R",0,0,"RT",126
"V675",675,0.0473683364828539,"syn",0.0235134470736362,0.0709129426017324,0,0,"g","K","K",0,0,"RT",126
"V676",676,0.000422297297297297,"nonsyn",0,0.00129310344827586,0,0,"t","Y","H",1,0,"RT",127
"V677",677,0.00103498731547512,"nonsyn",0.00016260162601626,0.00190475952671075,0,0,"a","Y","C",1,0,"RT",127
"V678",678,0.118432717391687,"syn",0.0793220289570557,0.150021043049726,0,0,"t","Y","Y",0,0,"RT",127
"V679",679,0.00316277341617753,"nonsyn",0.000871941801393089,0.00659841515653798,0,0,"a","T","A",1,0,"RT",128
"V680",680,0.000388031790556335,"nonsyn",0,0.00099111734455353,0,0,"c","T","I",1,0,"RT",128
"V681",681,0.0064946356663787,"syn",0.00326991984676493,0.0117475898598817,0,0,"t","T","T",0,1,"RT",128
"V682",682,0.000560826256381101,"nonsyn",0,0.00125,0,0,"g","A","T",1,0,"RT",129
"V683",683,0.00224484230466743,"nonsyn",0,0.00429340821437147,0,0,"c","A","V",0,0,"RT",129
"V684",684,0.00254751164500634,"syn",0.000662273392920264,0.00457430128049163,0,0,"a","A","A",0,1,"RT",129
"V685",685,0.00337144563716343,"nonsyn",0.00152308739985101,0.00562098989297728,0,0,"t","F","L",0,0,"RT",130
"V686",686,0.00141250104640243,"nonsyn",0.000291375291375292,0.00256745860292771,0,0,"t","F","S",1,0,"RT",130
"V687",687,0.0929680382700174,"syn",0.0491244238402185,0.139140909022178,0,0,"t","F","F",0,0,"RT",130
"V688",688,0.000631313131313132,"nonsyn",0,0.00135281385281385,0,0,"a","T","A",1,0,"RT",131
"V689",689,0.000927643784786643,"nonsyn",0,0.00272975432211101,0,0,"c","T","I",1,0,"RT",131
"V690",690,0.0546834145618174,"syn",0.0272292299092571,0.0781809545854847,0,0,"c","T","T",0,0,"RT",131
"V691",691,0.004332003230939,"nonsyn",0.00186507690216106,0.00683477989258637,0,0,"a","I","V",0,1,"RT",132
"V692",692,0.00128975905370927,"nonsyn",0.000385387394620635,0.0024177930400331,0,0,"t","I","T",1,0,"RT",132
"V693",693,0.00443967730578687,"nonsyn",0.00206944237116651,0.00817370119889652,0,0,"a","I","M",0,0,"RT",132
"V694",694,0.00038839141223433,"nonsyn",0,0.000754147812971343,0,0,"c","P","S",1,0,"RT",133
"V695",695,0.00211640211640212,"nonsyn",0,0.00409965310627562,0,0,"c","P","L",1,0,"RT",133
"V696",696,0.0520549501743207,"syn",0.024598874254004,0.07566461021683,0,0,"t","P","P",0,0,"RT",133
"V697",697,0.00364990563147955,"nonsyn",0.00121273396172278,0.00621765567690229,0,0,"a","S","G",1,0,"RT",134
"V698",698,0.00141900749447586,"nonsyn",0.000388780259110608,0.0028272878882635,0,0,"g","S","N",0,0,"RT",134
"V699",699,0.0539364214336713,"syn",0.020766372201902,0.0770918665386998,0,0,"t","S","S",0,0,"RT",134
"V700",700,0.140740834544823,"nonsyn",0.0998514568761764,0.189778602786369,0,0,"a","I","V",0,0,"RT",135
"V701",701,0.222263393090083,"nonsyn",0.138191626029384,0.276193296945861,0,0,"t","I","T",1,0,"RT",135
"V702",702,0.0428098491321454,"nonsyn",0.0217181482577377,0.0679875413377014,0,0,"a","I","M",0,0,"RT",135
"V703",703,0.00501270869519642,"nonsyn",0.00152824882124245,0.00906461944527104,0,0,"a","N","D",1,0,"RT",136
"V704",704,0.00180663240913093,"nonsyn",0.000144300144300144,0.0040491804302546,0,0,"a","N","S",0,0,"RT",136
"V705",705,0.0583253615479118,"syn",0.0329073570927242,0.0934559665637442,0,0,"c","N","N",0,0,"RT",136
"V706",706,0.00184535412605588,"nonsyn",0.00066203243958954,0.00334130224232839,0,0,"a","N","D",1,1,"RT",137
"V707",707,0.00452130416753058,"nonsyn",0.00184273273895915,0.00711089225240169,0,0,"a","N","S",0,0,"RT",137
"V708",708,0.011068263213207,"syn",0.00276951096644191,0.0238159407345476,0,0,"t","N","N",0,1,"RT",137
"V709",709,0.00263977796130843,"nonsyn",0.000753465943339361,0.00413777277140515,0,0,"g","E","K",1,0,"RT",138
"V710",710,0.00767738161471116,"nonsyn",0.00441358514576486,0.0106381184270674,0,0,"a","E","G",1,0,"RT",138
"V711",711,0.0364432647274285,"syn",0.0139701093303381,0.0637499836832042,0,0,"g","E","E",0,0,"RT",138
"V712",712,0.0064692129294532,"nonsyn",0.00175933984781949,0.0109362269202086,0,0,"a","T","A",1,0,"RT",139
"V713",713,0.000337593441041717,"nonsyn",0,0.000884885520415858,0,0,"c","T","I",1,0,"RT",139
"V714",714,0.0184254441593754,"syn",0.00501256977380653,0.0398210499600989,0,0,"a","T","T",0,1,"RT",139
"V715",715,0.00158742005678953,"nonsyn",0.000131027253668763,0.00324074074074074,0,0,"c","P","S",1,0,"RT",140
"V716",716,0.000591634562465603,"nonsyn",0,0.00117715403901425,0,0,"c","P","L",1,0,"RT",140
"V717",717,0.0198603416719008,"syn",0.00344618789272697,0.0365934323549926,0,0,"a","P","P",0,1,"RT",140
"V718",718,0.000190476190476191,"nonsyn",0,0.000560224089635855,0,0,"g","G","R",1,0,"RT",141
"V719",719,0.000513513513513513,"nonsyn",0,0.00134246088193457,0,0,"g","G","E",1,0,"RT",141
"V720",720,0.0917517794429826,"syn",0.047008819539735,0.126170053655677,0,0,"g","G","G",0,0,"RT",141
"V721",721,0.108969197360225,"nonsyn",0.0673046685446396,0.14827466113991,0,0,"a","I","V",0,0,"RT",142
"V722",722,0.0122956628721962,"nonsyn",0.00181579106462729,0.0270822138136234,0,0,"t","I","T",1,0,"RT",142
"V723",723,0.0397145781959483,"syn",0.0159439098722734,0.0769865324891134,0,0,"t","I","I",0,0,"RT",142
"V724",724,0.00295008354218881,"nonsyn",0,0.00785869903516963,0,0,"a","R","G",1,0,"RT",143
"V725",725,0.000555807622504538,"nonsyn",0,0.00145977011494253,0,0,"g","R","K",0,0,"RT",143
"V726",726,0.0953323469944544,"syn",0.048729932310469,0.139809601230518,0,0,"a","R","R",0,0,"RT",143
"V727",727,0.00174309392669958,"nonsyn",0.000313398153244053,0.00382067875915292,0,0,"t","Y","H",1,0,"RT",144
"V728",728,0.00110769538020414,"nonsyn",0,0.00318756642249342,0,0,"a","Y","C",1,0,"RT",144
"V729",729,0.039203260270309,"syn",0.0143367907662411,0.0614160623231846,0,0,"t","Y","Y",0,0,"RT",144
"V730",730,0,"stop",0,0,0,1,"c","Q","*",1,0,"RT",145
"V731",731,0.00129591994692534,"nonsyn",0.000339962604113547,0.00237355298430325,0,0,"a","Q","R",1,1,"RT",145
"V732",732,0.0412579776089975,"syn",0.019112185612499,0.0667200314105768,0,0,"g","Q","Q",0,0,"RT",145
"V733",733,0.00275937232828057,"nonsyn",0.000555634368941221,0.00514700046190751,0,0,"t","Y","H",1,0,"RT",146
"V734",734,0.000702820632694406,"nonsyn",9.29022668153103e-05,0.00164835164835165,0,0,"a","Y","C",1,0,"RT",146
"V735",735,0.0545669122603201,"syn",0.0287589030722507,0.0813214046913077,0,0,"c","Y","Y",0,0,"RT",146
"V736",736,0.00197989356971984,"nonsyn",0.000509676429691868,0.00377956639845438,0,0,"a","N","D",1,1,"RT",147
"V737",737,0.00187311763419144,"nonsyn",0.0003125,0.00302661907428145,0,0,"a","N","S",0,0,"RT",147
"V738",738,0.0267568082726193,"syn",0.00532915574818143,0.059183316312893,0,0,"t","N","N",0,1,"RT",147
"V739",739,0.00121477719027628,"nonsyn",0,0.00282808275168207,0,0,"g","V","M",0,0,"RT",148
"V740",740,0.00365389538099595,"nonsyn",0.00101205839413406,0.00610648120120034,0,0,"t","V","A",0,1,"RT",148
"V741",741,0.0689000167848605,"syn",0.0357906984715949,0.0918373322735204,0,0,"g","V","V",0,0,"RT",148
"V742",742,0.000591016548463357,"nonsyn",0,0.00176056338028169,0,0,"c","L","F",0,0,"RT",149
"V743",743,0.0085206480728009,"nonsyn",0.00379270793845197,0.012733332109272,0,0,"t","L","P",1,0,"RT",149
"V744",744,0.0911094969242998,"syn",0.0538522042224936,0.124577699763063,0,0,"t","L","L",0,0,"RT",149
"V745",745,0,"nonsyn",0,0,0,1,"c","P","S",1,0,"RT",150
"V746",746,0.00023441162681669,"nonsyn",0,0.000707714083510261,0,0,"c","P","L",1,0,"RT",150
"V747",747,0.0267479744634463,"syn",0.0129864326612254,0.0446129521426032,0,0,"a","P","P",0,1,"RT",150
"V748",748,0,"res",0,0,0,1,"c","Q","*",1,0,"RT",151
"V749",749,0.00434821471522426,"res",0.00196171094977988,0.00734002682420211,0,0,"a","Q","R",1,1,"RT",151
"V750",750,0.108223815060051,"res",0.0629691160173807,0.15700585240992,0,0,"g","Q","Q",0,0,"RT",151
"V751",751,0.000989395836793502,"nonsyn",0,0.00171752519596865,0,0,"g","G","R",1,0,"RT",152
"V752",752,0.00155081694821379,"nonsyn",0,0.00446075663466968,0,0,"g","G","E",1,0,"RT",152
"V753",753,0.0237628220637528,"syn",0.00806898112604777,0.0403299286516546,0,0,"a","G","G",0,0,"RT",152
"V754",754,0.00392162646525288,"nonsyn",0.00104021608031417,0.00675888875617136,0,0,"t","W","R",1,1,"RT",153
"V755",755,0,"stop",0,0,0,1,"g","W","*",1,0,"RT",153
"V756",756,0,"stop",0,0,0,1,"g","W","*",1,0,"RT",153
"V757",757,0.00363318665359786,"nonsyn",0.000920261631599001,0.00718784994400897,0,0,"a","K","E",1,0,"RT",154
"V758",758,0.00410737751973191,"nonsyn",0.00139930334271952,0.00666845086945175,0,0,"a","K","R",0,0,"RT",154
"V759",759,0.056146454496959,"syn",0.0245324757597493,0.0856332904327036,0,0,"a","K","K",0,0,"RT",154
"V760",760,0.000178062678062678,"nonsyn",0,0.000698812019566737,0,0,"g","G","R",1,0,"RT",155
"V761",761,0.000960666024443267,"nonsyn",0,0.00193004835411042,0,0,"g","G","E",1,0,"RT",155
"V762",762,0.0423385529538494,"syn",0.0196534270957628,0.0680687333783155,0,0,"a","G","G",0,0,"RT",155
"V763",763,0.00460614256099754,"nonsyn",0.00172633533932964,0.00780475510928108,0,0,"t","S","P",1,0,"RT",156
"V764",764,0.000895620742118984,"nonsyn",0.000211864406779661,0.00185292414591778,0,0,"c","S","L",1,0,"RT",156
"V765",765,0.0157635100573381,"syn",0.00664068233787045,0.0335543542230133,0,0,"a","S","S",0,1,"RT",156
"V766",766,0.000572912688106333,"nonsyn",0,0.00156596134749064,0,0,"c","P","S",1,0,"RT",157
"V767",767,0.000524109014675052,"nonsyn",0,0.0015625,0,0,"c","P","L",1,0,"RT",157
"V768",768,0.0125900700654595,"syn",0.00327860633797173,0.0241202799915524,0,0,"a","P","P",0,1,"RT",157
"V769",769,0.00166867201426025,"nonsyn",0,0.00340396613190731,0,0,"g","A","T",1,0,"RT",158
"V770",770,0.000462833099579243,"nonsyn",0,0.00129032258064516,0,0,"c","A","V",0,0,"RT",158
"V771",771,0.0101093434643968,"syn",0.00144020980627016,0.0224626592743996,0,0,"a","A","A",0,1,"RT",158
"V772",772,0.00689985161800756,"nonsyn",0.00223124643182209,0.0125550290912461,0,0,"a","I","V",0,0,"RT",159
"V773",773,0.00194184153543316,"nonsyn",0,0.00492346607267463,0,0,"t","I","T",1,0,"RT",159
"V774",774,0.000638436383991837,"nonsyn",0.000105932203389831,0.00136100738336829,0,0,"a","I","M",0,0,"RT",159
"V775",775,0.00225974514006322,"nonsyn",0.000460101697547896,0.00398869821394929,0,0,"t","F","L",0,0,"RT",160
"V776",776,0.00372473853135327,"nonsyn",0.00138839549348583,0.00626509478869649,0,0,"t","F","S",1,0,"RT",160
"V777",777,0.0948460924972677,"syn",0.0568912643971252,0.128867527300459,0,0,"c","F","F",0,0,"RT",160
"V778",778,0,"stop",0,0,0,1,"c","Q","*",1,0,"RT",161
"V779",779,0.000979329904744107,"nonsyn",0.000105418511490618,0.00187407227588947,0,0,"a","Q","R",1,1,"RT",161
"V780",780,0.0539164236409259,"syn",0.0204715682135105,0.0824077896857027,0,0,"a","Q","Q",0,0,"RT",161
"V781",781,0.00662717186601908,"nonsyn",0.00217239474205419,0.0125121000121,0,0,"a","S","G",1,0,"RT",162
"V782",782,0.00296261664261664,"nonsyn",0.0010010582010582,0.00495166720973173,0,0,"g","S","N",0,0,"RT",162
"V783",783,0.0524422665851833,"syn",0.0228536910981703,0.0920177909937496,0,0,"t","S","S",0,0,"RT",162
"V784",784,0.00307399380814133,"nonsyn",0.0011411599074053,0.00518590343622391,0,0,"a","S","G",1,0,"RT",163
"V785",785,0.00106157112526539,"nonsyn",0,0.00276008492569002,0,0,"g","S","N",0,0,"RT",163
"V786",786,0.0524149211723437,"syn",0.0234440770788755,0.0805767460495942,0,0,"c","S","S",0,0,"RT",163
"V787",787,0.00286416697023893,"nonsyn",0.000835813492063492,0.00497655829060439,0,0,"a","M","V",0,1,"RT",164
"V788",788,0.00371831890111474,"nonsyn",0.00152813385970687,0.00590904843559427,0,0,"t","M","T",1,1,"RT",164
"V789",789,0.00212061902055508,"nonsyn",0.00036764705882353,0.00386272141706924,0,0,"g","M","I",0,0,"RT",164
"V790",790,0.003669131398887,"nonsyn",0.000984304852421435,0.00670256439472677,0,0,"a","T","A",1,0,"RT",165
"V791",791,0.0341280830618964,"nonsyn",0.0104621224186442,0.0602174144631104,0,0,"c","T","I",1,0,"RT",165
"V792",792,0.0124289206712468,"syn",0.00248823947990571,0.0256601720321233,0,0,"a","T","T",0,1,"RT",165
"V793",793,0.00329622530761051,"nonsyn",0.000283269742166725,0.00722605997211275,0,0,"a","K","E",1,0,"RT",166
"V794",794,0.0510377292331927,"nonsyn",0.0241263946906299,0.0804810173607633,0,0,"a","K","R",0,0,"RT",166
"V795",795,0.0317265259752177,"syn",0.00948016507941261,0.0519669045811649,0,0,"a","K","K",0,0,"RT",166
"V796",796,0.000708241353936718,"nonsyn",0,0.0017337807606264,0,0,"a","I","V",0,0,"RT",167
"V797",797,0.00361406805115414,"nonsyn",0.000261437908496732,0.00748521748521749,0,0,"t","I","T",1,0,"RT",167
"V798",798,0.0578499148778665,"syn",0.0262462789706517,0.0839366446629451,0,0,"c","I","I",0,0,"RT",167
"V799",799,0.0184332007787916,"syn",0.00378569168491484,0.0366441190152023,0,0,"t","L","L",0,0,"RT",168
"V800",800,0.00145055240047553,"nonsyn",0.000267094017094017,0.00329819166849696,0,0,"t","L","S",1,0,"RT",168
"V801",801,0.0186194909456626,"syn",0.00441311818977493,0.0432686388256727,0,0,"a","L","L",0,0,"RT",168
"V802",802,0.000507799522226735,"nonsyn",0,0.00114474124306343,0,0,"g","E","K",1,0,"RT",169
"V803",803,0.00277744285521979,"nonsyn",0.00108721851313625,0.00452242314697951,0,0,"a","E","G",1,0,"RT",169
"V804",804,0.0548267389224434,"syn",0.0233688548278961,0.0820206796620789,0,0,"g","E","E",0,0,"RT",169
"V805",805,0.000132450331125828,"nonsyn",0,4e-04,0,0,"c","P","S",1,0,"RT",170
"V806",806,0.000174276751481352,"nonsyn",0,0.000522830254444057,0,0,"c","P","L",1,0,"RT",170
"V807",807,0.0457452811297905,"syn",0.0227374859659339,0.0727463625313998,0,0,"t","P","P",0,0,"RT",170
"V808",808,0.00863046440424962,"nonsyn",0.000202880908906472,0.0205468180927552,0,0,"t","F","L",0,0,"RT",171
"V809",809,0.00328848352003863,"nonsyn",0.00126934984520124,0.00594752340882372,0,0,"t","F","S",1,0,"RT",171
"V810",810,0.0443445424931451,"syn",0.0149755128299978,0.0738882605608618,0,0,"t","F","F",0,0,"RT",171
"V811",811,0.00126570080178069,"nonsyn",0.000292324532199547,0.00247454135530324,0,0,"a","R","G",1,0,"RT",172
"V812",812,0.000689805836864661,"nonsyn",9.36680404645936e-05,0.0013212256580192,0,0,"g","R","K",0,0,"RT",172
"V813",813,0.0355419188144939,"syn",0.0125913810207991,0.058784982922321,0,0,"a","R","R",0,0,"RT",172
"V814",814,0.0108307711707202,"nonsyn",0.00196188161874437,0.0247939895143843,0,0,"a","K","E",1,0,"RT",173
"V815",815,0.0177631657355913,"nonsyn",0.00816491569259644,0.0333014983587707,0,0,"a","K","R",0,0,"RT",173
"V816",816,0.0661133305612551,"syn",0.0416532559069463,0.0957097076285346,0,0,"a","K","K",0,0,"RT",173
"V817",817,0,"stop",0,0,0,1,"c","Q","*",1,0,"RT",174
"V818",818,0.00185209684237826,"nonsyn",0.000697421242430428,0.00330037325432816,0,0,"a","Q","R",1,1,"RT",174
"V819",819,0.0947026821642678,"syn",0.0545059983970276,0.150791333955165,0,0,"a","Q","Q",0,0,"RT",174
"V820",820,0.00172213197335065,"nonsyn",0.000474412475291017,0.00305448004905736,0,0,"a","N","D",1,0,"RT",175
"V821",821,0.00486150896529578,"nonsyn",0.00156215123535385,0.00836753698745284,0,0,"a","N","S",0,0,"RT",175
"V822",822,0.059311741851638,"syn",0.0265044275621306,0.0918740313001237,0,0,"t","N","N",0,0,"RT",175
"V823",823,0.00121624681746964,"nonsyn",0.000168918918918919,0.00255704073638856,0,0,"c","P","S",1,0,"RT",176
"V824",824,0,"nonsyn",0,0,0,1,"c","P","L",1,0,"RT",176
"V825",825,0.00348229307865834,"syn",0.001301821278826,0.00645344944456707,0,0,"a","P","P",0,1,"RT",176
"V826",826,0.0116068153822026,"nonsyn",0.000999098904887741,0.023892027898848,0,0,"g","D","N",1,0,"RT",177
"V827",827,0.00631933542298132,"nonsyn",0.00166754681274363,0.011742960684684,0,0,"a","D","G",1,0,"RT",177
"V828",828,0.0593132457720983,"syn",0.0264750968371973,0.0919423466225571,0,0,"c","D","D",0,0,"RT",177
"V829",829,0.0115674180688963,"nonsyn",0.00180201557206905,0.0258255914696077,0,0,"a","I","V",0,1,"RT",178
"V830",830,0.00056017813195828,"nonsyn",0,0.0012714231869277,0,0,"t","I","T",1,0,"RT",178
"V831",831,0.08666974615691,"nonsyn",0.0432059587674012,0.124585283317631,0,0,"a","I","M",0,0,"RT",178
"V832",832,0.0206317136072304,"nonsyn",0.00358028845921724,0.0403781019739274,0,0,"g","V","I",0,0,"RT",179
"V833",833,0.00230271147373587,"nonsyn",0.000498331479421579,0.00449271206690562,0,0,"t","V","A",0,0,"RT",179
"V834",834,0.0491015930932784,"syn",0.0215369997422716,0.08060580666079,0,0,"t","V","V",0,0,"RT",179
"V835",835,0.000798838053740014,"nonsyn",0,0.00268456375838926,0,0,"a","I","V",0,0,"RT",180
"V836",836,0.00185824700409266,"nonsyn",0.000634920634920635,0.00291084572286563,0,0,"t","I","T",1,0,"RT",180
"V837",837,0.0604467779957743,"syn",0.0314400875200508,0.100645892132105,0,0,"c","I","I",0,0,"RT",180
"V838",838,0.00201946018435027,"res",0.000782426886914965,0.00346368305106786,0,0,"t","Y","H",1,0,"RT",181
"V839",839,0.00238507558768997,"res",0.000492349998928947,0.00490580847723705,0,0,"a","Y","C",1,0,"RT",181
"V840",840,0.0565374828353116,"res",0.0230770064862618,0.0904641100324283,0,0,"t","Y","Y",0,0,"RT",181
"V841",841,0,"stop",0,0,0,1,"c","Q","*",1,0,"RT",182
"V842",842,0.00216926800274802,"nonsyn",0.000320512820512821,0.00384845776452357,0,0,"a","Q","R",1,1,"RT",182
"V843",843,0.0400326937104909,"syn",0.0164800147775028,0.0684969028261711,0,0,"a","Q","Q",0,0,"RT",182
"V844",844,0.000670645831936154,"nonsyn",0,0.00183756957950506,0,0,"t","Y","H",1,0,"RT",183
"V845",845,0.000612676588350835,"nonsyn",0,0.00125783787867342,0,0,"a","Y","C",1,0,"RT",183
"V846",846,0.0789916911547969,"syn",0.0490156189925851,0.115612261418901,0,0,"c","Y","Y",0,0,"RT",183
"V847",847,0.362541460032421,"res",0.293887961748655,0.423745321094193,0,0,"a","M","V",0,1,"RT",184
"V848",848,0.00178444595708501,"res",0.000129082225377565,0.00424421438277801,0,0,"t","M","T",1,1,"RT",184
"V849",849,0.0145001667313464,"res",0.000897557815816313,0.0301820093734181,0,0,"g","M","I",0,0,"RT",184
"V850",850,0.00110696460980036,"nonsyn",0,0.00218591197822142,0,0,"g","D","N",1,0,"RT",185
"V851",851,0.00253613033307684,"nonsyn",0.000750248015873016,0.00439705038889821,0,0,"a","D","G",1,0,"RT",185
"V852",852,0.00375182050542862,"syn",0.00132325368396319,0.00594470244238046,0,0,"t","D","D",0,1,"RT",185
"V853",853,0.000981240981240981,"nonsyn",0,0.00271929824561403,0,0,"g","D","N",1,0,"RT",186
"V854",854,0.00317465000532892,"nonsyn",0.00102191788356296,0.00512056044314109,0,0,"a","D","G",1,0,"RT",186
"V855",855,0.0801760165967388,"syn",0.043594038637628,0.118001597496181,0,0,"t","D","D",0,0,"RT",186
"V856",856,0.0448982496273801,"syn",0.0208263338757364,0.0684922479966952,0,0,"t","L","L",0,0,"RT",187
"V857",857,0.00399119617609013,"nonsyn",0.000776500638569604,0.0103827557664677,0,0,"t","L","S",1,1,"RT",187
"V858",858,0.0718736170412548,"syn",0.0364717175710408,0.10370682081264,0,0,"g","L","L",0,0,"RT",187
"V859",859,0.00213640189646381,"res",0.000657894736842105,0.00348124370183193,0,0,"t","Y","H",1,0,"RT",188
"V860",860,0.0010063882532418,"res",0.000109649122807017,0.00190312738367658,0,0,"a","Y","C",1,0,"RT",188
"V861",861,0.0153388174529555,"res",0.00487284273354827,0.0275721643706268,0,0,"t","Y","Y",0,1,"RT",188
"V862",862,0.00320636039285351,"nonsyn",0.000487882840824017,0.00647605620553763,0,0,"g","V","I",0,0,"RT",189
"V863",863,0.00187672999233526,"nonsyn",0.000456769478508609,0.00347995120489737,0,0,"t","V","A",0,0,"RT",189
"V864",864,0.0137162570591423,"syn",0.00248977703086861,0.02496109862366,0,0,"a","V","V",0,0,"RT",189
"V865",865,0.00224761750928768,"res",0.000160462130937099,0.00476257055564186,0,0,"g","G","R",1,0,"RT",190
"V866",866,0.00681625798391222,"res",0.000811194653299916,0.0127458068247542,0,0,"g","G","E",1,0,"RT",190
"V867",867,0.0390958785431764,"res",0.0133583660876529,0.0718682220227806,0,0,"a","G","G",0,0,"RT",190
"V868",868,0.00524593916785454,"nonsyn",0.00229030631204544,0.00925090876349024,0,0,"t","S","P",1,0,"RT",191
"V869",869,0.000280637535270343,"nonsyn",0,0.000701690984927196,0,0,"c","S","F",1,0,"RT",191
"V870",870,0.00949570076357541,"syn",0.00165307971014493,0.0209759424603175,0,0,"t","S","S",0,1,"RT",191
"V871",871,0.00160231429120942,"nonsyn",0,0.00333684073972642,0,0,"g","D","N",1,0,"RT",192
"V872",872,0.00391527553534866,"nonsyn",0.00106396818316979,0.00764551421235714,0,0,"a","D","G",1,0,"RT",192
"V873",873,0.082712278461686,"syn",0.051207607522593,0.124307351200997,0,0,"c","D","D",0,0,"RT",192
"V874",874,0.0670388849266107,"syn",0.0260292971793673,0.103867685515817,0,0,"t","L","L",0,0,"RT",193
"V875",875,0.000818846056941295,"nonsyn",0,0.0019660071029934,0,0,"t","L","S",1,0,"RT",193
"V876",876,0.0520761764354295,"syn",0.024597848087781,0.0805649616209124,0,0,"a","L","L",0,0,"RT",193
"V877",877,0.00375930046863422,"nonsyn",0.00106046323727444,0.00704984138879735,0,0,"g","E","K",1,0,"RT",194
"V878",878,0.00162712833068253,"nonsyn",0.000403160780519271,0.00251832335850924,0,0,"a","E","G",1,0,"RT",194
"V879",879,0.026252616747182,"syn",0.00910648148148149,0.0459754428341385,0,0,"a","E","E",0,0,"RT",194
"V880",880,0.00224073697650567,"nonsyn",0.000641741071428571,0.00481262510675777,0,0,"a","I","V",0,0,"RT",195
"V881",881,0.00527623701027233,"nonsyn",0,0.0148351648351648,0,0,"t","I","T",1,0,"RT",195
"V882",882,0.00181544437075956,"nonsyn",0.000500190548780487,0.00340908478776126,0,0,"a","I","M",0,0,"RT",195
"V883",883,0.00437452498263546,"nonsyn",0.00037817581737546,0.0106488041452948,0,0,"g","G","R",1,0,"RT",196
"V884",884,0.139697557964539,"nonsyn",0.0851281555361434,0.192514561529938,0,0,"g","G","E",1,0,"RT",196
"V885",885,0.16465256429219,"syn",0.107974492900252,0.224632574665198,0,0,"g","G","G",0,0,"RT",196
"V886",886,0,"stop",0,0,0,1,"c","Q","*",1,0,"RT",197
"V887",887,0.00914009611045157,"nonsyn",0.0025975655834335,0.0210724264729986,0,0,"a","Q","R",1,1,"RT",197
"V888",888,0.133222926595218,"syn",0.0932664410070381,0.17740871680841,0,0,"g","Q","Q",0,0,"RT",197
"V889",889,0.000675020769869842,"nonsyn",0,0.00177146395156852,0,0,"c","H","Y",1,0,"RT",198
"V890",890,0.0031117848305,"nonsyn",0.00100224457587884,0.00496486771120034,0,0,"a","H","R",0,1,"RT",198
"V891",891,0.0324943551489604,"syn",0.00890774746695799,0.0540293745885851,0,0,"t","H","H",0,0,"RT",198
"V892",892,0.00289215014786752,"nonsyn",0.000602831379674527,0.00529972733389152,0,0,"a","R","G",1,0,"RT",199
"V893",893,0.00249977363191526,"nonsyn",0.000413564929693962,0.00514963234820882,0,0,"g","R","K",0,0,"RT",199
"V894",894,0.0419675123022081,"syn",0.0152931139196667,0.0733179515024144,0,0,"a","R","R",0,0,"RT",199
"V895",895,0.191856352502428,"nonsyn",0.13331876346225,0.249295362567403,0,0,"a","T","A",1,0,"RT",200
"V896",896,0.0418708788281166,"nonsyn",0.0154888018160329,0.061531041648852,0,0,"c","T","I",1,0,"RT",200
"V897",897,0.00205791846899701,"syn",0.000640400680545201,0.00402179621343043,0,0,"a","T","T",0,1,"RT",200
"V898",898,0.00204046131930747,"nonsyn",0.000780736357659435,0.00356355114419631,0,0,"a","K","E",1,0,"RT",201
"V899",899,0.00348352425304539,"nonsyn",0.00050250600396784,0.00778198649208139,0,0,"a","K","R",0,0,"RT",201
"V900",900,0.0527187847787444,"syn",0.022343824430873,0.0788986076672392,0,0,"a","K","K",0,0,"RT",201
"V901",901,0.0414284754020776,"nonsyn",0.0170069837516306,0.0616911046838744,0,0,"a","I","V",0,0,"RT",202
"V902",902,0.00416442217912806,"nonsyn",0.000801383053221289,0.00808913308913309,0,0,"t","I","T",1,0,"RT",202
"V903",903,0.00175380543417679,"nonsyn",0.000226039783001808,0.00317188775223909,0,0,"a","I","M",0,0,"RT",202
"V904",904,0.0189832457409959,"nonsyn",0.00779208180820805,0.0276876121766903,0,0,"g","E","K",1,0,"RT",203
"V905",905,0.00535376356347174,"nonsyn",0.00274684009811127,0.00788128199638621,0,0,"a","E","G",1,0,"RT",203
"V906",906,0.119704101558619,"syn",0.0806460735535345,0.160819633435945,0,0,"g","E","E",0,0,"RT",203
"V907",907,0.0153081957325934,"nonsyn",0.00328869743315746,0.0348627462369698,0,0,"g","E","K",1,0,"RT",204
"V908",908,0.00329827443798032,"nonsyn",0.000884642604387828,0.00549143708116158,0,0,"a","E","G",1,0,"RT",204
"V909",909,0.0412540278068129,"syn",0.0180614243278241,0.0644009270104658,0,0,"a","E","E",0,0,"RT",204
"V910",910,0.0581932221219612,"syn",0.0230515493617098,0.0884608959939842,0,0,"c","L","L",0,0,"RT",205
"V911",911,0.00302418943285817,"nonsyn",0.000508351488743646,0.00590332918755634,0,0,"t","L","P",1,1,"RT",205
"V912",912,0.127575787008387,"syn",0.0769795347567026,0.17017515524501,0,0,"g","L","L",0,0,"RT",205
"V913",913,0.00312868716501918,"nonsyn",0.00105443375964366,0.00553716051638047,0,0,"a","R","G",1,0,"RT",206
"V914",914,0.000543981481481481,"nonsyn",0,0.00131944444444444,0,0,"g","R","K",0,0,"RT",206
"V915",915,0.0212051163032502,"syn",0.00774996908397054,0.037236609804968,0,0,"a","R","R",0,0,"RT",206
"V916",916,0,"stop",0,0,0,1,"c","Q","*",1,0,"RT",207
"V917",917,0.0141536206804858,"nonsyn",0.00224438888054449,0.0330451598744282,0,0,"a","Q","R",1,1,"RT",207
"V918",918,0.0989467366066058,"syn",0.0516084931210285,0.146687628612945,0,0,"a","Q","Q",0,0,"RT",207
"V919",919,0.00666559598647884,"nonsyn",0.000320512820512821,0.0164238124764441,0,0,"c","H","Y",1,0,"RT",208
"V920",920,0.0033023798736183,"nonsyn",0.00135937818836144,0.00485038236458423,0,0,"a","H","R",0,1,"RT",208
"V921",921,0.0700986171725616,"syn",0.0322575862528685,0.105382132367988,0,0,"t","H","H",0,0,"RT",208
"V922",922,0.0668420816511039,"syn",0.027484458465347,0.0997556628138249,0,0,"c","L","L",0,0,"RT",209
"V923",923,0.00159013853571776,"nonsyn",0.000319590923617769,0.00294128664051433,0,0,"t","L","P",1,1,"RT",209
"V924",924,0.0374429478943258,"syn",0.0133715414445507,0.0604988720310797,0,0,"g","L","L",0,0,"RT",209
"V925",925,0.0146577046699835,"res",0.000999035707195326,0.0338455944653115,0,0,"t","L","L",0,0,"RT",210
"V926",926,0.00100518889665188,"res",0,0.00223916496284271,0,0,"t","L","S",1,1,"RT",210
"V927",927,0.118837030295721,"res",0.0775126903057839,0.165828761051678,0,0,"g","L","L",0,0,"RT",210
"V928",928,0.0647843926032941,"nonsyn",0.0214801454595046,0.104814515256991,0,0,"a","R","G",1,0,"RT",211
"V929",929,0.435458460188954,"nonsyn",0.36886070540751,0.510669972300928,0,0,"g","R","K",0,0,"RT",211
"V930",930,0.0469215428484509,"syn",0.0154767694111505,0.0808883377109498,0,0,"g","R","R",0,0,"RT",211
"V931",931,0.00236238061608825,"nonsyn",0.000357142857142857,0.00531994047619049,0,0,"t","W","R",1,1,"RT",212
"V932",932,0,"stop",0,0,0,1,"g","W","*",1,0,"RT",212
"V933",933,0,"stop",0,0,0,1,"g","W","*",1,0,"RT",212
"V934",934,0.000443262411347518,"nonsyn",0,0.00129310344827586,0,0,"g","G","R",1,0,"RT",213
"V935",935,0.00097314344234837,"nonsyn",0,0.00203460038986355,0,0,"g","G","E",1,0,"RT",213
"V936",936,0.211643346362664,"syn",0.151984465798896,0.25913621390665,0,0,"a","G","G",0,0,"RT",213
"V937",937,0.0776788071615658,"nonsyn",0.0439298971195523,0.110994006749451,0,0,"t","F","L",0,0,"RT",214
"V938",938,0.00131294964028777,"nonsyn",0,0.00285185185185185,0,0,"t","F","S",1,0,"RT",214
"V939",939,0.0622321873011875,"syn",0.0243049479056901,0.0997431323171686,0,0,"t","F","F",0,0,"RT",214
"V940",940,0.00707698734014524,"res",0.000204248366013072,0.0194412069412069,0,0,"a","T","A",1,0,"RT",215
"V941",941,0.0102828097614836,"res",0.000187476565429321,0.0260905601902737,0,0,"c","T","I",1,0,"RT",215
"V942",942,0.0230026350091318,"res",0.00447956229082842,0.0454690437728116,0,0,"c","T","T",0,0,"RT",215
"V943",943,0.00221216784199186,"nonsyn",0.000335200458695365,0.00453904722197405,0,0,"a","T","A",1,1,"RT",216
"V944",944,0.000258281918334637,"nonsyn",0,0.000595160013020643,0,0,"c","T","I",1,0,"RT",216
"V945",945,0.00196713952231538,"syn",0.000696209981167609,0.00376145984417807,0,0,"a","T","T",0,1,"RT",216
"V946",946,0.00023590469450342,"nonsyn",0,0.0007168458781362,0,0,"c","P","S",1,0,"RT",217
"V947",947,0.000421906472861887,"nonsyn",0,0.00102728468113084,0,0,"c","P","L",1,0,"RT",217
"V948",948,0.00904274478637154,"syn",0.0012848216721222,0.0213684874522641,0,0,"a","P","P",0,1,"RT",217
"V949",949,0,"nonsyn",0,0,0,1,"g","D","N",1,0,"RT",218
"V950",950,0.00180819899033618,"nonsyn",0.00060045948203843,0.0028236536711113,0,0,"a","D","G",1,0,"RT",218
"V951",951,0.100529640161796,"syn",0.055413218223931,0.149470874133364,0,0,"c","D","D",0,0,"RT",218
"V952",952,0.00719919188242614,"res",0.0011164056678951,0.0163021150373087,0,0,"a","K","E",1,1,"RT",219
"V953",953,0.00242951138091803,"res",0.000216262975778547,0.0047310636063743,0,0,"a","K","R",0,0,"RT",219
"V954",954,0.0901884497296703,"res",0.0427441730983976,0.122265812762146,0,0,"a","K","K",0,0,"RT",219
"V955",955,0.00282149040032152,"nonsyn",0.000908846564334369,0.00504219989124237,0,0,"a","K","E",1,0,"RT",220
"V956",956,0.00218084673496123,"nonsyn",0.00081140350877193,0.00375491003899757,0,0,"a","K","R",0,0,"RT",220
"V957",957,0.0919390968895927,"syn",0.0565160331780467,0.130752474264667,0,0,"a","K","K",0,0,"RT",220
"V958",958,0.00568555060704942,"nonsyn",0.00207843994669332,0.00964152605070014,0,0,"c","H","Y",1,0,"RT",221
"V959",959,0.00246777355245802,"nonsyn",0.000640497520396737,0.00407636790692106,0,0,"a","H","R",0,1,"RT",221
"V960",960,0.0155974169964534,"syn",0.0040943738036642,0.0298323919309999,0,0,"t","H","H",0,0,"RT",221
"V961",961,0,"stop",0,0,0,1,"c","Q","*",1,0,"RT",222
"V962",962,0.00241392467667833,"nonsyn",0.000815662780387965,0.00403931671171807,0,0,"a","Q","R",1,1,"RT",222
"V963",963,0.0282326790472186,"syn",0.00620729565772669,0.0445928512795518,0,0,"g","Q","Q",0,0,"RT",222
"V964",964,0.0126494102103858,"nonsyn",0.000512786799027019,0.0252860235003092,0,0,"a","K","E",1,0,"RT",223
"V965",965,0.00144984132460413,"nonsyn",0,0.00251876469560996,0,0,"a","K","R",0,0,"RT",223
"V966",966,0.0642134108763579,"syn",0.0300818999411707,0.0878563752176073,0,0,"a","K","K",0,0,"RT",223
"V967",967,0.00113170819247796,"nonsyn",0.00013846579894766,0.00200115780578985,0,0,"g","E","K",1,0,"RT",224
"V968",968,0.00321653406489215,"nonsyn",0.000686813186813187,0.00548283769181385,0,0,"a","E","G",1,0,"RT",224
"V969",969,0.035400609267096,"syn",0.0140180334481921,0.060452838418611,0,0,"a","E","E",0,0,"RT",224
"V970",970,0,"res",0,0,0,1,"c","P","S",1,0,"RT",225
"V971",971,0.000675675675675676,"res",0,0.00206896551724138,0,0,"c","P","L",1,0,"RT",225
"V972",972,0.130138287785631,"res",0.0951074905635461,0.166284462913199,0,0,"t","P","P",0,0,"RT",225
"V973",973,0,"nonsyn",0,0,0,1,"c","P","S",1,0,"RT",226
"V974",974,0.000602296552084289,"nonsyn",0.000109122653862942,0.00108858069904585,0,0,"c","P","L",1,0,"RT",226
"V975",975,0.0126631267695555,"syn",0.00188709269154306,0.0245309769655307,0,0,"a","P","P",0,1,"RT",226
"V976",976,0.0042613803644373,"nonsyn",0.00175277835750809,0.00716395449056857,0,0,"t","F","L",0,0,"RT",227
"V977",977,0.00219968770255304,"nonsyn",0.000503018108651911,0.00349474796565953,0,0,"t","F","S",1,0,"RT",227
"V978",978,0.131891406945728,"syn",0.0906224163739896,0.191256034732368,0,0,"c","F","F",0,0,"RT",227
"V979",979,0.00101382962015189,"nonsyn",0,0.00223834968962405,0,0,"c","L","F",0,0,"RT",228
"V980",980,0.00160665699112645,"nonsyn",0.000425361009182686,0.00283126958496677,0,0,"t","L","P",1,0,"RT",228
"V981",981,0.0344845554464256,"syn",0.0103899866536259,0.0550162740977287,0,0,"t","L","L",0,0,"RT",228
"V982",982,0.00163185742133111,"nonsyn",0.000178571428571429,0.00397800055694793,0,0,"t","W","R",1,1,"RT",229
"V983",983,0,"stop",0,0,0,1,"g","W","*",1,0,"RT",229
"V984",984,0,"stop",0,0,0,1,"g","W","*",1,0,"RT",229
