"","TypeOfSite....TypeOfSite","MeanFreq"
"V1","nonsyn",0
"V2","nonsyn",9.91178511249877e-05
"V3","syn",0.00163634500987071
"V4","stop",0.000662436158097354
"V5","nonsyn",0.000570701893681474
"V6","syn",0.359164389209962
"V7","nonsyn",0.00287903692471891
"V8","nonsyn",0.00333181804969111
"V9","syn",0.000506167379232395
"V10","nonsyn",0.00274826054931482
"V11","nonsyn",0.000171998624011008
"V12","syn",0.00278765510968911
"V13","nonsyn",0.00095591542959964
"V14","nonsyn",0.00285035143418634
"V15","syn",0.00141767777591207
"V16","nonsyn",0.00142588217633823
"V17","stop",0
"V18","stop",0
"V19","stop",0
"V20","nonsyn",0.00207279365232198
"V21","syn",0.0467222368068309
"V22","stop",0
"V23","nonsyn",0.000699470764942415
"V24","syn",0.00585479986078056
"V25","nonsyn",0.000978054893330889
"V26","nonsyn",0.0005374957000344
"V27","syn",0.0131463189564325
"V28","nonsyn",0.00883092322385513
"V29","nonsyn",0.00466843039821945
"V30","syn",0.115836791274634
"V31","nonsyn",0.00187869028448739
"V32","nonsyn",0.00449808147567883
"V33","syn",0.0389650597080938
"V34","nonsyn",0.0217396640328582
"V35","nonsyn",0.00821641254083337
"V36","syn",0.00176137878589105
"V37","nonsyn",0.123557644987141
"V38","nonsyn",0.000502718785267261
"V39","nonsyn",0.00198242233352845
"V40","nonsyn",0.00268869219511998
"V41","nonsyn",0.0878279342977958
"V42","syn",0.0733804036562141
"V43","nonsyn",0.172774723029313
"V44","nonsyn",0.00141826993624273
"V45","nonsyn",0.00306153286853034
"V46","nonsyn",0.000581001618377667
"V47","nonsyn",0.0261082757254392
"V48","syn",0.0654089602014522
"V49","nonsyn",0.000224921277552857
"V50","nonsyn",0.00276837317465203
"V51","syn",0.0860973621725974
"V52","stop",0
"V53","nonsyn",0.002968112462303
"V54","syn",0.195559975786326
"V55","syn",0.0460250308097109
"V56","nonsyn",0.0115280576392357
"V57","syn",0.0256479420539732
"V58","nonsyn",0.00315313472540067
"V59","nonsyn",0.0264079737263216
"V60","syn",0.0983338507413518
"V61","nonsyn",0.0013597997593073
"V62","nonsyn",0.00423651253079549
"V63","syn",0.00783937532959365
"V64","nonsyn",0.000368924584835205
"V65","nonsyn",0.000282477326150339
"V66","syn",0.0417689338111647
"V67","syn",0.0421364230011502
"V68","nonsyn",0.00122207978904246
"V69","syn",0.0357142186095658
"V70","syn",0.0315737836246484
"V71","nonsyn",0.00126250549149903
"V72","syn",0.0111671535470254
"V73","nonsyn",0.000598014832739576
"V74","nonsyn",0.00276593891712925
"V75","syn",0.0400895767500256
"V76","nonsyn",0.00315358927399542
"V77","nonsyn",0.000383865647023542
"V78","syn",0.00744702690381662
"V79","nonsyn",0
"V80","nonsyn",0.000956827567163469
"V81","syn",0.026446695143087
"V82","nonsyn",0.000451627644610101
"V83","nonsyn",0.00146254588925913
"V84","syn",0.00291380369913933
"V85","nonsyn",0.000216590859865713
"V86","nonsyn",0.00385889762248741
"V87","syn",0.00342571113596881
"V88","nonsyn",0.000531632110579479
"V89","nonsyn",0.00385335272080842
"V90","syn",0.0222976732293778
"V91","nonsyn",0.00434809023738243
"V92","nonsyn",0.000324886289798571
"V93","syn",0.00689418952146264
"V94","nonsyn",0.00401427175314278
"V95","nonsyn",0.000692777065473858
"V96","syn",0.0319399963787355
"V97","syn",0.0365990375906425
"V98","nonsyn",0.00108012195731494
"V99","syn",0.00321474912032406
"V100","nonsyn",0.00240774893207863
"V101","nonsyn",0.00231484047912872
"V102","syn",0.018383730162272
"V103","nonsyn",0.000841332891978374
"V104","nonsyn",0.00416396614821206
"V105","syn",0.0206031969788542
"V106","nonsyn",0.00458115745733575
"V107","nonsyn",0.0034929434440695
"V108","nonsyn",0.105592706113155
"V109","nonsyn",0.132658062641245
"V110","nonsyn",0.144682478423349
"V111","syn",0.0163933571974429
"V112","syn",0.00301429206604273
"V113","nonsyn",0.00351292294794293
"V114","syn",0.117201840990853
"V115","nonsyn",0.0325073069291398
"V116","nonsyn",0.00513629753395835
"V117","syn",0.00423944874653519
"V118","nonsyn",0.000420754375312903
"V119","nonsyn",0.000616395203927866
"V120","syn",0.0561460763570677
"V121","nonsyn",0.00409079064207406
"V122","nonsyn",0.231910828926926
"V123","syn",0.0614011536463289
"V124","nonsyn",0.000603736060799772
"V125","stop",0.00584795321637427
"V126","stop",0
"V127","nonsyn",0.00425054865607687
"V128","nonsyn",0.0137693259757885
"V129","syn",0.0795067207752273
"V130","nonsyn",0.000127129417747267
"V131","nonsyn",0.000292397660818713
"V132","syn",0.00329794125933019
"V133","nonsyn",0.000691591917042387
"V134","nonsyn",0.0118995105145693
"V135","syn",0.00327897554696436
"V136","nonsyn",0.00180598612331542
"V137","nonsyn",0.00240800526607257
"V138","nonsyn",0.032777111554807
"V139","nonsyn",0.00451027949080701
"V140","nonsyn",0.0015684519494278
"V141","nonsyn",0.00141617100681428
"V142","nonsyn",0.00154107826966444
"V143","nonsyn",0.000817468241516166
"V144","syn",0.0305317634020024
"V145","nonsyn",0.000721247563352826
"V146","nonsyn",0.0024390315171782
"V147","syn",0.0111600074320327
"V148","nonsyn",0.00324922129025804
"V149","nonsyn",0.00162514638731587
"V150","syn",0.00285608948955939
"V151","nonsyn",0.00116242403394106
"V152","nonsyn",0.000211882362912111
"V153","syn",0.00651099329542379
"V154","nonsyn",0.00269252190304822
"V155","nonsyn",0.000224921277552857
"V156","syn",0.0365422178504629
"V157","nonsyn",0.0043189773042119
"V158","nonsyn",0.0020985333704632
"V159","syn",0.00534862410308139
"V160","nonsyn",0.0186402162889922
"V161","nonsyn",0.0020229427595142
"V162","syn",0.0179628906430916
"V163","nonsyn",0.00106109585437157
"V164","nonsyn",0.00868466718262411
"V165","syn",0.0230293046791172
"V166","nonsyn",0.00042544633187908
"V167","nonsyn",0.00291078186444465
"V168","syn",0.0325388148558506
"V169","nonsyn",0.00278868563245138
"V170","nonsyn",0.09782206425764
"V171","syn",0.0337473995513883
"V172","stop",0
"V173","nonsyn",0.00445306096450218
"V174","syn",0.0902936853306567
"V175","nonsyn",0.00204305352352357
"V176","nonsyn",0.00253657925270706
"V177","syn",0.00342812909192302
"V178","nonsyn",0.000570123735244776
"V179","nonsyn",0.00724641929475778
"V180","syn",0.00751726478324786
"V181","stop",0
"V182","nonsyn",0.00331602707196692
"V183","syn",0.109461769776061
"V184","nonsyn",0.184179644756533
"V185","nonsyn",0.00083167849005855
"V186","nonsyn",0.0190012124218932
"V187","nonsyn",0.0656003483934475
"V188","nonsyn",0.686004068338325
"V189","syn",0.111192456965516
"V190","nonsyn",0.174504582321433
"V191","nonsyn",0.00158860894735631
"V192","nonsyn",0.0232627801852722
"V193","nonsyn",0.00154908432261881
"V194","nonsyn",0.00264680359585815
"V195","syn",0.0363884273625966
"V196","nonsyn",0.00507092051751081
"V197","nonsyn",0.0013934062216609
"V198","syn",0.143729690799758
"V199","nonsyn",0.00459375039734694
"V200","nonsyn",0.0131677484309063
"V201","syn",0.0785809361705986
"V202","nonsyn",0.000352050695300123
"V203","nonsyn",0.00391582773615441
"V204","syn",0.121779833507613
"V205","nonsyn",0.0395871369449912
"V206","nonsyn",0.00806564507734807
"V207","syn",0.0210836388934463
"V208","nonsyn",0.00904222115694314
"V209","nonsyn",0.0388573173059287
"V210","syn",0.0703379928993497
"V211","nonsyn",0.0530108899053727
"V212","nonsyn",0.0768018153024212
"V213","syn",0.0230241465176629
"V214","nonsyn",0.0730641053851794
"V215","nonsyn",0.023019141799335
"V216","nonsyn",0.0123475011735372
"V217","nonsyn",0.0118760685533113
"V218","nonsyn",0
"V219","syn",0.0246550940003383
"V220","nonsyn",0.00456658937643576
"V221","nonsyn",0.000413564929693962
"V222","syn",0.0102522430630179
"V223","nonsyn",0.00172653856864383
"V224","nonsyn",0.000954193891375555
"V225","syn",0.0724110170609928
"V226","syn",0.00981104047053207
"V227","nonsyn",0.000927203058123543
"V228","syn",0.0109317438142102
"V229","nonsyn",0.268712895271797
"V230","nonsyn",0.00137379033325797
"V231","syn",0.0146684446217989
"V232","nonsyn",0
"V233","nonsyn",0.00048221503283446
"V234","syn",0.0379686079839538
"V235","nonsyn",0
"V236","nonsyn",0.000597121889691549
"V237","syn",0.0547334851753761
"V238","nonsyn",0.00155658780386192
"V239","nonsyn",0.000220950209799451
"V240","syn",0.0316900185234352
"V241","nonsyn",0.000237468157678857
"V242","nonsyn",0.000288916736285157
"V243","syn",0.0107179825752249
"V244","nonsyn",0.0119158787076405
"V245","nonsyn",0.0548996729545224
"V246","syn",0.026658232266393
"V247","nonsyn",0.00201126810585239
"V248","nonsyn",0.0033622427259825
"V249","syn",0.0277710187006154
"V250","nonsyn",0.00311929020555873
"V251","nonsyn",0.000827576741718684
"V252","nonsyn",0.00167581260899149
"V253","nonsyn",0.00190250506361097
"V254","nonsyn",0.00104670286303749
"V255","syn",0.0052814541063911
"V256","nonsyn",0.00146573699205278
"V257","nonsyn",0.000589537138339485
"V258","syn",0.0139452425426112
"V259","nonsyn",0.00365509478542989
"V260","nonsyn",0.0027241601894921
"V261","syn",0.0241120022549925
"V262","nonsyn",0.0130312384541842
"V263","nonsyn",0.00977188181581278
"V264","syn",0.0530001616860308
"V265","syn",0.0695979591451929
"V266","nonsyn",0.00230111940327195
"V267","syn",0.0243114460369311
"V268","syn",0.0118116312035032
"V269","nonsyn",0.00418183745005998
"V270","syn",0.0181343610359775
"V271","nonsyn",0.00360710345397942
"V272","nonsyn",0.000335984889760633
"V273","syn",0.039142490670782
"V274","stop",0
"V275","nonsyn",0.00159574093280073
"V276","syn",0.0327272946609283
"V277","nonsyn",0.00295681402892055
"V278","nonsyn",0.0024199708011122
"V279","syn",0.00805950625078022
"V280","nonsyn",0
"V281","nonsyn",0.000315422820304524
"V282","syn",0.150951058192675
"V283","nonsyn",0.00477385842144664
"V284","nonsyn",0.000754217196424554
"V285","syn",0.143020992278455
"V286","nonsyn",0.00135319947836435
"V287","nonsyn",0
"V288","syn",0.0505228607865146
"V289","syn",0.0281615242591743
"V290","nonsyn",0.00037593984962406
"V291","syn",0.00394033329878985
"V292","nonsyn",0.00224748753140086
"V293","nonsyn",0.000298982392072695
"V294","syn",0.0138683378034721
"V295","nonsyn",0.000991178623766767
"V296","nonsyn",0.000880287137597079
"V297","syn",0.0423951068223018
"V298","nonsyn",0.000208855472013367
"V299","nonsyn",0.000241795167087939
"V300","syn",0.0512219714933869
"V301","nonsyn",0.000753308710372422
"V302","nonsyn",0.00123599597283808
"V303","syn",0.0397884484620354
"V304","nonsyn",0.0031010350945283
"V305","nonsyn",0.000188643652141105
"V306","syn",0.0120766356620397
"V307","nonsyn",0.00601078406191457
"V308","nonsyn",0.000292397660818713
"V309","syn",0.00755629194437597
"V310","nonsyn",0.001215611679114
"V311","nonsyn",0.00204861662346053
"V312","syn",0.00437212818307123
"V313","nonsyn",0.00814883395548787
"V314","nonsyn",0.00192790723052322
"V315","syn",0.0624145088328252
"V316","nonsyn",0.00281720160416279
"V317","nonsyn",0.000243664717348928
"V318","syn",0.00351286477530885
"V319","nonsyn",0.000841332891978374
"V320","nonsyn",0.00291510241426048
"V321","syn",0.0205455627367628
"V322","nonsyn",0.00195720012753891
"V323","nonsyn",0.00124357422924206
"V324","syn",0.013600937758773
"V325","nonsyn",0.00241761071075516
"V326","nonsyn",0.00658954148656666
"V327","syn",0.0237416250524442
"V328","nonsyn",0.000591096670473867
"V329","nonsyn",0.0243051976469769
"V330","syn",0.0197849994901752
"V331","syn",0.0190537752826268
"V332","nonsyn",0.000616385055744323
"V333","syn",0.0323416559064264
"V334","nonsyn",0.0018546194469836
"V335","nonsyn",0.006588221477145
"V336","syn",0.0615992436683049
"V337","nonsyn",0.000324886289798571
"V338","nonsyn",0.000990382771064453
"V339","syn",0.00399980378535054
"V340","nonsyn",0
"V341","nonsyn",0.00127060341410973
"V342","syn",0.019336579946349
"V343","nonsyn",0.00640487005496302
"V344","nonsyn",0.00734147810171202
"V345","nonsyn",0.000600921923703515
"V346","nonsyn",0.000617283950617284
"V347","nonsyn",0.00626071177695773
"V348","syn",0.0108736624592919
"V349","nonsyn",0.00167084377610693
"V350","nonsyn",0.000167084377610694
"V351","syn",0.0322300924558431
"V352","nonsyn",0.00133119573562787
"V353","nonsyn",0.000730994152046784
"V354","syn",0.0067425991894077
"V355","nonsyn",0.000416082441320976
"V356","nonsyn",0.0917868212700375
"V357","syn",0.0319789995011841
"V358","nonsyn",0.0123414259350577
"V359","nonsyn",0.00237421258286687
"V360","syn",0.0443755804960285
"V361","nonsyn",0.00207190253730014
"V362","nonsyn",0.00266119686020946
"V363","syn",0.0403648811966016
"V364","stop",0
"V365","nonsyn",0.00215216599655959
"V366","syn",0.0210594017025911
"V367","nonsyn",0.00112534389240521
"V368","stop",0
"V369","stop",0
"V370","nonsyn",0.000546656496313247
"V371","nonsyn",0
"V372","syn",0.00262137533185181
"V373","syn",0.0389664283025019
"V374","nonsyn",0.00234062538527261
"V375","syn",0.0695839088489658
"V376","nonsyn",0.00878636332513452
"V377","nonsyn",0.000162443144899285
"V378","syn",0.00824045274874594
"V379","nonsyn",0.0061013932216045
"V380","nonsyn",0.00830669993619959
"V381","syn",0.026809506729064
"V382","nonsyn",0.00109080657930912
"V383","nonsyn",0.00637694134075719
"V384","syn",0.0631128217246621
"V385","nonsyn",0.00166896262313653
"V386","nonsyn",0.0027148840558169
"V387","syn",0.040498925185436
"V388","nonsyn",0.00269544507452536
"V389","nonsyn",0.00611376927166401
"V390","nonsyn",0.00194931773879142
"V391","nonsyn",0.00141282260321633
"V392","nonsyn",0.00312333711034567
"V393","syn",0.0200718766232739
"V394","nonsyn",0.00142021720969089
"V395","nonsyn",0.000343702098088063
"V396","syn",0.0130675512763038
"V397","syn",0.0181971303999
"V398","nonsyn",0.00103288524341156
"V399","syn",0.0673115172107311
"V400","nonsyn",0.17010022183216
"V401","nonsyn",0.0320088570316387
"V402","syn",0.0619829148635137
"V403","nonsyn",0.00280988356806701
"V404","nonsyn",0.00146047627141247
"V405","syn",0.0549357064593076
"V406","nonsyn",0.00233607551343215
"V407","nonsyn",0.00224291184442874
"V408","syn",0.0764821215967713
"V409","nonsyn",0.00332165454350349
"V410","nonsyn",0.000224921277552857
"V411","syn",0.0307909728986171
"V412","nonsyn",0.0689316075155061
"V413","nonsyn",0.0012030399749698
"V414","syn",0.0070310820933706
"V415","nonsyn",0.000203163394159753
"V416","nonsyn",0.00123685671427152
"V417","syn",0.0456819580881102
"V418","res",0.00170583225323999
"V419","res",0.00140960881840121
"V420","res",0.00192831215970962
"V421","nonsyn",0.00463695089372877
"V422","nonsyn",0.00321192274211519
"V423","syn",0.0613487507942965
"V424","nonsyn",0.0191075253424205
"V425","nonsyn",0.00813711041131832
"V426","syn",0.0431909432788328
"V427","nonsyn",0.00186597549064072
"V428","nonsyn",0.00343002133455778
"V429","syn",0.0152737722408176
"V430","nonsyn",0.00190783360232521
"V431","nonsyn",0.00272397193449825
"V432","syn",0.467640914283596
"V433","nonsyn",0.00208057006382471
"V434","nonsyn",0.00326620320201835
"V435","syn",0.0494774165096627
"V436","nonsyn",0.00251238199713985
"V437","nonsyn",0.00155079342919633
"V438","syn",0.0357018572954487
"V439","nonsyn",0.00407922315531786
"V440","nonsyn",0
"V441","syn",0.00771727832722453
"V442","nonsyn",0.000594018459794953
"V443","nonsyn",0.0695209229208995
"V444","syn",0.0249222153472114
"V445","nonsyn",0.019095884641569
"V446","nonsyn",0.00093056439351316
"V447","syn",0.00318611266348063
"V448","nonsyn",0.00020165355918532
"V449","nonsyn",0.000482456140350877
"V450","syn",0.0418086722740292
"V451","nonsyn",0.00045042001666554
"V452","nonsyn",0.00225522680120974
"V453","syn",0.0114235105118526
"V454","nonsyn",0.00166595084391604
"V455","nonsyn",0.00448668713283763
"V456","syn",0.0223482164346157
"V457","nonsyn",0.00390969559804118
"V458","nonsyn",0.0034663720358712
"V459","syn",0.083366119513147
"V460","nonsyn",0.000564508304446385
"V461","nonsyn",0.000339011780659378
"V462","syn",0.0158655872721761
"V463","nonsyn",0.00143673266866056
"V464","nonsyn",0.0040608607445798
"V465","syn",0.0854013363630554
"V466","nonsyn",0.00222105819680993
"V467","nonsyn",0.00342608165115979
"V468","syn",0.0174058752902211
"V469","nonsyn",0.00154312551768323
"V470","nonsyn",0.000584795321637427
"V471","syn",0.0137853137770878
"V472","nonsyn",0.000162443144899285
"V473","nonsyn",0.000359223865143135
"V474","syn",0.00967504609856551
"V475","nonsyn",0.116288194940169
"V476","nonsyn",0.00127256319334516
"V477","syn",0.0374041752028346
"V478","nonsyn",0.00217555923928409
"V479","nonsyn",0.00212582219784831
"V480","syn",0.00783879775055559
"V481","res",0.000944642201316496
"V482","res",0.00965273788482927
"V483","res",0.111608862083307
"V484","nonsyn",0.00481376445377813
"V485","nonsyn",0.000224921277552857
"V486","nonsyn",0.000458952313803413
"V487","nonsyn",0.00225569564310695
"V488","nonsyn",0.0351635399986953
"V489","syn",0.00729828397187585
"V490","res",0.00450445005611688
"V491","res",0.00145761796322275
"V492","res",0.0402455278566825
"V493","nonsyn",0.0036973963822938
"V494","nonsyn",0.00283153881531704
"V495","syn",0.163474899732196
"V496","res",0.117873488377642
"V497","res",0.0117947449864126
"V498","res",0.0620506762619818
"V499","nonsyn",0.0268355349455847
"V500","nonsyn",0.00387426900584795
"V501","syn",0.0372893961135303
"V502","nonsyn",0.0478791116643583
"V503","nonsyn",0.000810580724202612
"V504","syn",0.0190771591899596
"V505","res",0.00689822382042062
"V506","res",0.178756039953807
"V507","res",0.0542401065698621
"V508","nonsyn",0.00268741331582584
"V509","stop",0
"V510","stop",0
"V511","nonsyn",0.00432983715296991
"V512","nonsyn",0.00691275842314211
"V513","syn",0.0371829106042221
"V514","nonsyn",0.00260415315842916
"V515","nonsyn",0.00701321688044393
"V516","syn",0.0623267787714426
"V517","syn",0.0572050604826854
"V518","nonsyn",0.00109272064267156
"V519","syn",0.0152309910823616
"V520","res",0.0167538679396373
"V521","res",0.00230420489827551
"V522","res",0.020730006736285
"V523","nonsyn",0.000352050695300123
"V524","nonsyn",0.0018200360423051
"V525","syn",0.0555924460879272
"V526","res",0.00193711909279636
"V527","res",0.00218186695194447
"V528","res",0.0882291798814081
"V529","nonsyn",0.0123379587411416
"V530","nonsyn",0.00389863547758285
"V531","syn",0.0675894199951932
"V532","nonsyn",0.00138690953964432
"V533","nonsyn",0.00478435744878391
"V534","syn",0.0598926257982115
"V535","nonsyn",0
"V536","nonsyn",0.00275472295876567
"V537","syn",0.0385077878634283
"V538","nonsyn",0.00509674109601121
"V539","nonsyn",0.00300030177288275
"V540","syn",0.0468968511274191
"V541","nonsyn",0.00178748616411436
"V542","nonsyn",0.012409426158944
"V543","syn",0.139007486557662
"V544","nonsyn",0.0042421720437627
"V545","nonsyn",0.213423577144729
"V546","syn",0.0298847263193938
"V547","nonsyn",0.00237189071321084
"V548","nonsyn",0.00154527836161298
"V549","syn",0.0298514257937107
"V550","stop",0
"V551","nonsyn",0.00753270496765968
"V552","syn",0.0168010980251846
"V553","nonsyn",0.00448709373287977
"V554","nonsyn",0.00680323270593925
"V555","syn",0.0806111975426396
"V556","nonsyn",0.0103493456549
"V557","nonsyn",0.00106521396483251
"V558","syn",0.0993349098716556
"V559","nonsyn",0.00149265927744015
"V560","stop",0.00389863547758285
"V561","stop",0
"V562","nonsyn",0.000217700444188796
"V563","nonsyn",0.00209224884429665
"V564","syn",0.0390519725067077
"V565","nonsyn",0.0368426091616615
"V566","nonsyn",0.00186338021836258
"V567","syn",0.0535834748388379
"V568","stop",0
"V569","nonsyn",0.00304034383984111
"V570","syn",0.0507562775743144
"V571","syn",0.0401184583960776
"V572","nonsyn",0.00124898681774743
"V573","syn",0.0185516827994204
"V574","nonsyn",0.000946571409366328
"V575","nonsyn",0.0045210541182594
"V576","syn",0.058204192871801
"V577","nonsyn",0.00394803174187966
"V578","nonsyn",0.00105198894672579
"V579","nonsyn",0.000913007611153568
"V580","nonsyn",0.000960735171261487
"V581","nonsyn",0.00106748352362387
"V582","syn",0.0138153281328706
"V583","nonsyn",0
"V584","nonsyn",0.00295472712946805
"V585","syn",0.0562582571461452
"V586","nonsyn",0.000761722742088999
"V587","nonsyn",0.000786899909706927
"V588","syn",0.296836636202732
"V589","nonsyn",0.000707323865218602
"V590","nonsyn",0.000723646618494186
"V591","syn",0.026627485264582
"V592","nonsyn",0
"V593","nonsyn",0.00037593984962406
"V594","syn",0.0667603742540315
"V595","res",0.0344543941379325
"V596","res",0.00508453687929419
"V597","res",0.0362964161583872
"V598","res",0.0196846713236477
"V599","res",0.00532380333549924
"V600","res",0.037421148634715
"V601","nonsyn",0.00245039760908432
"V602","nonsyn",0.0316438754899053
"V603","syn",0.00562230035914247
"V604","res",0.0020081439264223
"V605","res",0.0170984137843283
"V606","res",0.0228028845007487
"V607","nonsyn",0.00676759102056216
"V608","nonsyn",0.0079711391863074
"V609","syn",0.0323752520702564
"V610","nonsyn",0.00346003898635478
"V611","nonsyn",0
"V612","syn",0.00595055700131706
"V613","res",0.0170424257753559
"V614","res",0.000517762211622722
"V615","res",0.0485123083644999
"V616","nonsyn",0.0069658401208822
"V617","nonsyn",0.00085002894528551
"V618","syn",0.0148819738653435
"V619","res",0.0332324069509917
"V620","res",0.0022247615308484
"V621","res",0.0286171964791415
"V622","syn",0.0436821834393397
"V623","nonsyn",0.00736126349375147
"V624","syn",0.131312355495362
"V625","nonsyn",0.000966705205139289
"V626","nonsyn",0.00110789386664074
"V627","syn",0.0105032620582369
"V628","nonsyn",8.47529451648445e-05
"V629","nonsyn",0.00339643518326569
"V630","syn",0.0306967513525636
"V631","nonsyn",0.00194720808755897
"V632","nonsyn",0.00479067240259013
"V633","syn",0.0231656604140445
"V634","nonsyn",0.000315773069888372
"V635","nonsyn",0.00593157630518428
"V636","syn",0.0137866518269519
"V637","nonsyn",0.0010247725647023
"V638","nonsyn",0.0012531328320802
"V639","syn",0.00292647313152504
"V640","nonsyn",0.00123716261618631
"V641","nonsyn",0.00152164133857498
"V642","syn",0.082232272248383
"V643","res",0.00133667502088555
"V644","res",0.00708433019240917
"V645","res",0.0903656843895647
"V646","nonsyn",0.00226111559529807
"V647","nonsyn",0
"V648","syn",0.00216558662564563
"V649","nonsyn",0.0629205289929006
"V650","nonsyn",0.00287898480552957
"V651","syn",0.0231631452261876
"V652","nonsyn",0.00419103313840156
"V653","nonsyn",0.000102595670462706
"V654","syn",0.124423154543594
"V655","syn",0.031283368065889
"V656","nonsyn",0.00215467935976103
"V657","syn",0.0202659252879275
"V658","nonsyn",0.000769964710714563
"V659","nonsyn",0.00223439250146769
"V660","syn",0.0580188792800236
"V661","nonsyn",0.208342323578307
"V662","nonsyn",0.0113824744939126
"V663","syn",0.0474682103235921
"V664","nonsyn",0.0461124997768456
"V665","nonsyn",0.0059418553775353
"V666","syn",0.0534315868946841
"V667","nonsyn",0.00313690783727561
"V668","nonsyn",0.00250346487429693
"V669","syn",0.0841225669086741
"V670","nonsyn",0.00274797484197369
"V671","nonsyn",0.00456233175531421
"V672","syn",0.177611539667966
"V673","nonsyn",0.00407181068308249
"V674","nonsyn",0.00250277273775544
"V675","syn",0.0446172662274686
"V676","nonsyn",0.000365497076023392
"V677","nonsyn",0.00479441397284786
"V678","syn",0.110814238495146
"V679","nonsyn",0.0027929725178956
"V680","nonsyn",0.000350126921008866
"V681","syn",0.00601837255333679
"V682","nonsyn",0.000515395164080312
"V683","nonsyn",0.00203509564335409
"V684","syn",0.00232888298241409
"V685","nonsyn",0.00301091959794342
"V686","nonsyn",0.00588561283472672
"V687","syn",0.0899034829847896
"V688","nonsyn",0.00462107999042441
"V689","nonsyn",0.000835421888053468
"V690","syn",0.0628616744438058
"V691","nonsyn",0.00401825641551248
"V692","nonsyn",0.00119403756691595
"V693","nonsyn",0.00413912536059699
"V694","nonsyn",0.00108304484734691
"V695","nonsyn",0.00191837618738204
"V696","syn",0.0509689870748308
"V697","nonsyn",0.00357072555391579
"V698","nonsyn",0.00125704627326303
"V699","syn",0.0565974980491894
"V700","nonsyn",0.111828539626141
"V701","nonsyn",0.206527886935895
"V702","nonsyn",0.0332287344892075
"V703","nonsyn",0.00495351651887285
"V704","nonsyn",0.00588075594805976
"V705","syn",0.061530041913442
"V706","nonsyn",0.00171146523562652
"V707","nonsyn",0.00419326975054529
"V708","syn",0.0103414551588776
"V709","nonsyn",0.00628061739711281
"V710","nonsyn",0.00715421667812217
"V711","syn",0.0516422093524413
"V712","nonsyn",0.0058374176879885
"V713","nonsyn",0.0156466357464543
"V714","syn",0.028658314847814
"V715","nonsyn",0.00140176174188091
"V716","nonsyn",0.00053323727999548
"V717","syn",0.0243523325754543
"V718","nonsyn",0.00406107862248213
"V719","nonsyn",0.000436526752316226
"V720","syn",0.10142559517175
"V721","nonsyn",0.103122771643038
"V722","nonsyn",0.0141459490213622
"V723","syn",0.0349710137822139
"V724","nonsyn",0.00550645930417281
"V725","nonsyn",0.000494051220004033
"V726","syn",0.0988056528107249
"V727","nonsyn",0.00160038448240838
"V728","nonsyn",0.00100954139735303
"V729","syn",0.0405728878369602
"V730","stop",0
"V731","nonsyn",0.00508324463588771
"V732","syn",0.0487296579852562
"V733","nonsyn",0.00249345005591075
"V734","nonsyn",0.000637059637822415
"V735","syn",0.060795613315761
"V736","nonsyn",0.00181645367931313
"V737","nonsyn",0.00173751149873155
"V738","syn",0.0250161169022559
"V739","nonsyn",0.00109006387994087
"V740","nonsyn",0.00907602375546243
"V741","syn",0.0641307519023509
"V742","nonsyn",0.00101982598773356
"V743","nonsyn",0.00773519748998335
"V744","syn",0.0881357753929938
"V745","nonsyn",0
"V746","nonsyn",0.00410749094959621
"V747","syn",0.0289182446169317
"V748","res",0
"V749","res",0.0038341216112358
"V750","res",0.109044627906281
"V751","nonsyn",0.000908392668868888
"V752","nonsyn",0.00142384947876939
"V753","syn",0.0280821726912307
"V754","nonsyn",0.00756799357372589
"V755","stop",0.00389863547758285
"V756","stop",0
"V757","nonsyn",0.00534252646928631
"V758","nonsyn",0.00771919249291316
"V759","syn",0.0525905222167253
"V760","nonsyn",0.0030511060259344
"V761","nonsyn",0.0008763970749307
"V762","syn",0.0434854048035566
"V763","nonsyn",0.00407894112468347
"V764","nonsyn",0.000766812729346182
"V765","syn",0.014536773759069
"V766","nonsyn",0.000532708288940976
"V767","nonsyn",0.000487329434697856
"V768","syn",0.011780182517389
"V769","nonsyn",0.00156133053965871
"V770","nonsyn",0.00041952707856598
"V771","syn",0.00916343998234801
"V772","nonsyn",0.00636961377102436
"V773","nonsyn",0.00569072973428444
"V774","nonsyn",0.000593801551702532
"V775","nonsyn",0.00231048039679781
"V776","nonsyn",0.00723129626879367
"V777","syn",0.0888650583400889
"V778","stop",0
"V779","nonsyn",0.000878763521506269
"V780","syn",0.050444909587106
"V781","nonsyn",0.0509158815663137
"V782","nonsyn",0.0331250229025001
"V783","syn",0.0612565031928343
"V784","nonsyn",0.00428431010455081
"V785","nonsyn",0.00487329434697856
"V786","syn",0.0490432010969298
"V787","nonsyn",0.00265544982503952
"V788","nonsyn",0.00490077331911189
"V789","nonsyn",0.0019647678113304
"V790","nonsyn",0.00932557171604375
"V791","nonsyn",0.0375633124679654
"V792","syn",0.0112534044819231
"V793","nonsyn",0.00237777278204433
"V794","nonsyn",0.0528883566369349
"V795","syn",0.0380175398708105
"V796","nonsyn",0.000762388916795346
"V797","nonsyn",0.00722244469260631
"V798","syn",0.0539811875028169
"V799","syn",0.0175429968320348
"V800","nonsyn",0.00132459181158516
"V801","syn",0.0172974706515379
"V802","nonsyn",0.00477312909513548
"V803","nonsyn",0.00230561690110219
"V804","syn",0.0516577014823717
"V805","nonsyn",0.00596491228070175
"V806","nonsyn",0.00405252898327691
"V807","syn",0.0486505554430788
"V808","nonsyn",0.00240214664363271
"V809","nonsyn",0.0034375316628719
"V810","syn",0.0412846705188639
"V811","nonsyn",0.00115467441565958
"V812","nonsyn",0.000628050186088505
"V813","syn",0.0332543501847326
"V814","nonsyn",0.00813557217124721
"V815","nonsyn",0.0127396792547168
"V816","syn",0.0723390582666867
"V817","stop",0
"V818","nonsyn",0.00546912695211412
"V819","syn",0.0926009111584685
"V820","nonsyn",0.00192462517948727
"V821","nonsyn",0.00512052044724305
"V822","syn",0.0580808710718195
"V823","nonsyn",0.00113800871810025
"V824","nonsyn",0
"V825","syn",0.0032554608233795
"V826","nonsyn",0.0131249737912333
"V827","nonsyn",0.00669713342364627
"V828","syn",0.0601124841752088
"V829","nonsyn",0.0106209250974136
"V830","nonsyn",0.00437789880234964
"V831","nonsyn",0.0779800575898033
"V832","nonsyn",0.0238820050566145
"V833","nonsyn",0.00286106919536006
"V834","syn",0.0496561650744199
"V835","nonsyn",0.000711924739384694
"V836","nonsyn",0.00290065480156896
"V837","syn",0.0629880938747015
"V838","res",0.00277231173780385
"V839","res",0.00212935783579594
"V840","res",0.054835996750175
"V841","stop",0
"V842","nonsyn",0.00338377876117688
"V843","syn",0.0380280232122122
"V844","nonsyn",0.00060789534473745
"V845","nonsyn",0.000373291203056616
"V846","syn",0.0777389671125891
"V847","res",0.363217691445863
"V848","res",0.00175100334161226
"V849","res",0.0112421626892709
"V850","nonsyn",0.00103575636004712
"V851","nonsyn",0.00237298744615377
"V852","syn",0.00740419655789937
"V853","nonsyn",0.00478232618583496
"V854","nonsyn",0.00284646624840113
"V855","syn",0.0749158997253499
"V856","syn",0.0406139863126655
"V857","nonsyn",0.00247972838013921
"V858","syn",0.0655025090685088
"V859","res",0.0189294059535995
"V860","res",0.000941649827594667
"V861","res",0.0202448899476442
"V862","nonsyn",0.00284650676807713
"V863","nonsyn",0.00211236094076408
"V864","syn",0.0224539545009339
"V865","res",0.0173690913679392
"V866","res",0.0098255698267645
"V867","res",0.0414819315648838
"V868","nonsyn",0.00475226596040944
"V869","nonsyn",0.00415018943184872
"V870","syn",0.00888486621153254
"V871","nonsyn",0.00151772351375132
"V872","nonsyn",0.0073305342238156
"V873","syn",0.0888779253740306
"V874","syn",0.0629013770157116
"V875","nonsyn",0.00460255577214642
"V876","syn",0.0463499907284789
"V877","nonsyn",0.0031509724788949
"V878","nonsyn",0.0017283497936221
"V879","syn",0.0243332053807518
"V880","nonsyn",0.00208584608740812
"V881","nonsyn",0.00476863514284432
"V882","nonsyn",0.00168791148554042
"V883","nonsyn",0.00365666715532211
"V884","nonsyn",0.147513184083156
"V885","syn",0.171167851806202
"V886","stop",0
"V887","nonsyn",0.00443543879454098
"V888","syn",0.125368214712595
"V889","nonsyn",0.000853674040172896
"V890","nonsyn",0.00707665980220244
"V891","syn",0.0304445752493828
"V892","nonsyn",0.00262958327221419
"V893","nonsyn",0.00627155603777654
"V894","syn",0.0411991425337023
"V895","nonsyn",0.210062498898944
"V896","nonsyn",0.0398887097300376
"V897","syn",0.00276234029824625
"V898","nonsyn",0.0018614734842805
"V899","nonsyn",0.00707194619501811
"V900","syn",0.0510915368340713
"V901","nonsyn",0.0448453571013592
"V902","nonsyn",0.00769775746555933
"V903","nonsyn",0.00183388098088643
"V904","nonsyn",0.018618180693735
"V905","nonsyn",0.00661957604238857
"V906","syn",0.11456623914938
"V907","nonsyn",0.018234680232519
"V908","nonsyn",0.00300895211885924
"V909","syn",0.0443175478227691
"V910","syn",0.0591727748533659
"V911","nonsyn",0.00337637294293408
"V912","syn",0.135335524088443
"V913","nonsyn",0.00722228563248054
"V914","nonsyn",0.00440762399826727
"V915","syn",0.0202467168175932
"V916","stop",0
"V917","nonsyn",0.015843556036425
"V918","syn",0.0917311699157722
"V919","nonsyn",0.0109152088376465
"V920","nonsyn",0.00687901083609908
"V921","syn",0.0655767731577512
"V922","syn",0.072852400952875
"V923","nonsyn",0.00136134418171031
"V924","syn",0.0382109422139375
"V925","res",0.0198153960244947
"V926","res",0.00163198832964723
"V927","res",0.114543209665191
"V928","nonsyn",0.0578324938380384
"V929","nonsyn",0.412335013956047
"V930","syn",0.0449296604051285
"V931","nonsyn",0.00221041461154456
"V932","stop",0
"V933","stop",0
"V934","nonsyn",0.00426413255360624
"V935","nonsyn",0.00272594207575653
"V936","syn",0.207749658602005
"V937","nonsyn",0.0665800024828809
"V938","nonsyn",0.001371975019516
"V939","syn",0.0548018094132819
"V940","res",0.0340517951070067
"V941","res",0.044868518457181
"V942","res",0.0337201171927385
"V943","nonsyn",0.00367862549821688
"V944","nonsyn",0.00413728192844175
"V945","syn",0.00181159067900668
"V946","nonsyn",0.00411522633744856
"V947","nonsyn",0.000387364422452142
"V948","syn",0.00846104775333009
"V949","nonsyn",0.00454840805717999
"V950","nonsyn",0.00169212035675168
"V951","syn",0.094631372211167
"V952","res",0.012194436876922
"V953","res",0.00511745858651033
"V954","res",0.0853724519606925
"V955","nonsyn",0.00656264135195401
"V956","nonsyn",0.00182503116198237
"V957","syn",0.0858810554964885
"V958","nonsyn",0.00528755643076456
"V959","nonsyn",0.00228680662620705
"V960","syn",0.0146777724494171
"V961","stop",9.28246542281632e-05
"V962","nonsyn",0.00234081920670636
"V963","syn",0.0333822596871688
"V964","nonsyn",0.00584156229307017
"V965","nonsyn",0.00151726051892068
"V966","syn",0.0596368133489021
"V967","nonsyn",0.00111313389741227
"V968","nonsyn",0.00310708560036112
"V969","syn",0.0560403402977981
"V970","res",0.000127129417747267
"V971","res",0.000305703154964296
"V972","res",0.122480934519085
"V973","nonsyn",9.28246542281632e-05
"V974","nonsyn",0.000711215682364585
"V975","syn",0.0119289877010848
"V976","nonsyn",0.00847904558639773
"V977","nonsyn",0.00577420573096255
"V978","syn",0.146041094716393
"V979","nonsyn",0.00646010905929013
"V980","nonsyn",0.0056874662934364
"V981","syn",0.0387811490671095
"V982","nonsyn",0.00152688413691799
"V983","stop",0
"V984","stop",0.00121604059276169
