serial,num,HXB2 position,colMeansTs66,colMeansTs0,NumPats66Excluded,TypeOfSite,WTnt,TSmutrate,EstSelCoeff,isSelCoeff1,WTAA,MUTAA,SHAPE,PAIRINGPROB
V1,1,2253,0,0,0,nonsyn,c,2.41E-05,1,1,P,S,0.01,0.68
V2,2,2254,0.000105932,0.000105932,0,nonsyn,c,2.41E-05,0.227841952,0,P,L,0.04,0.64
V3,3,2255,0.001748844,0.001748844,0,syn,t,1.11E-05,0.006325208,0,P,P,0.39,0.83
V4,4,2256,0,0,0,stop,c,2.41E-05,1,1,Q,*,0.16,0.28
V5,5,2257,0.000846106,0.000846106,0,nonsyn,a,1.11E-05,0.013124473,0,Q,R,0.58,0.26
V6,6,2258,0.038485322,0.346381583,0.34375,syn,g,5.48E-05,0.000158159,0,Q,Q,0.36,0.23
V7,7,2259,0.003091838,0.003091838,0,nonsyn,a,1.11E-05,0.003591617,0,I,V,0.47,0.16
V8,8,2260,0.003570496,0.003570496,0,nonsyn,t,1.11E-05,0.003098113,0,I,T,0.21,0.28
V9,9,2261,0.000546218,0.000546218,0,syn,c,2.41E-05,0.04418708,0,I,I,0.05,0.62
V10,10,2262,0.002937203,0.002937203,0,nonsyn,a,1.11E-05,0.003780705,0,T,A,0.23,0.51
V11,11,2263,0.000183824,0.000183824,0,nonsyn,c,2.41E-05,0.131298752,0,T,I,0.07,0.25
V12,12,2264,0.002979306,0.002979306,0,syn,t,1.11E-05,0.003712878,0,T,T,0.14,0.44
V13,13,2265,0.001021635,0.001021635,0,nonsyn,c,2.41E-05,0.023624689,0,L,F,0.02,0.37
V14,14,2266,0.002886057,0.002886057,0,nonsyn,t,1.11E-05,0.003832842,0,L,P,0.87,0.4
V15,15,2267,0.001354887,0.001354887,0,syn,t,1.11E-05,0.008164373,0,L,L,0.32,0.33
V16,16,2268,0.001523912,0.001523912,0,nonsyn,t,1.11E-05,0.00725882,0,W,R,0.38,0.65
V17,17,2269,0,0,0,stop,g,5.48E-05,1,1,W,*,0.28,0.72
V18,18,2270,0,0,0,stop,g,5.48E-05,1,1,W,*,0.26,0.26
V19,19,2271,0,0,0,stop,c,2.41E-05,1,1,Q,*,0.08,0.01
V20,20,2272,0.002405318,0.002405318,0,nonsyn,a,1.11E-05,0.004616728,0,Q,R,0.36,0.15
V21,21,2273,0.012743743,0.049968185,0.05625,syn,a,1.11E-05,0.000222235,0,Q,Q,0.36,0.16
V22,22,2274,0,0,0,stop,c,2.41E-05,1,1,R,*,0.19,0.06
V23,23,2275,0.000753735,0.000753735,0,nonsyn,g,5.48E-05,0.072682415,0,R,Q,0.38,0.28
V24,24,2276,0.006263356,0.006263356,0,syn,a,1.11E-05,0.001772963,0,R,R,1.04,0.35
V25,25,2277,0.001045296,0.001045296,0,nonsyn,c,2.41E-05,0.023089915,0,P,S,0.01,0.23
V26,26,2278,0.000574449,0.000574449,0,nonsyn,c,2.41E-05,0.042015601,0,P,L,0.02,0.03
V27,27,2279,0.002962155,0.007800128,0.0125,syn,c,2.41E-05,0.003094282,0,P,P,0.03,0.03
V28,28,2280,0.002977173,0.002719151,0.1,nonsyn,c,2.41E-05,0.008876225,0,L,F,0.03,0.2
V29,29,2281,0.005614572,0.005948026,0.00625,nonsyn,t,1.11E-05,0.001859743,0,L,P,0.05,0.74
V30,30,2282,0.014864945,0.09533343,0.15,syn,c,2.41E-05,0.000253172,0,L,L,0.05,0.56
V31,31,2283,0.000462702,0.00207262,0.00625,nonsyn,g,5.48E-05,0.026431912,0,V,I,0.07,0.23
V32,32,2284,0.004993122,0.004993122,0,nonsyn,t,1.11E-05,0.002215408,0,V,A,0.05,0.25
V33,33,2285,0.006558833,0.038548669,0.04375,syn,c,2.41E-05,0.000626112,0,V,V,0.03,0.17
V34,34,2286,0.014620547,0.017644427,0.06875,nonsyn,a,1.11E-05,0.00062936,0,T,A,0.35,0.01
V35,35,2287,0.002166159,0.007848292,0.0375,nonsyn,c,2.41E-05,0.003075293,0,T,I,0.03,0.02
V36,36,2288,0.002226679,0.002197186,0.01875,syn,a,1.11E-05,0.005054054,0,T,T,0.64,0.09
V37,37,2289,0.008632268,0.132045332,0.13125,nonsyn,a,1.11E-05,8.41E-05,0,I,V,0.59,0.1
V38,38,2290,0.000584795,0.000584795,0,nonsyn,t,1.11E-05,0.018915678,0,I,T,0.25,0.66
V39,39,2291,0.001179332,0.001179332,0.00625,nonsyn,a,1.11E-05,0.009416092,0,I,M,0.62,0.65
V40,40,2292,0.001973277,0.001973277,0,nonsyn,a,1.11E-05,0.005627543,0,K,E,0.61,0.15
V41,41,2293,0.01690461,0.095763888,0.1125,nonsyn,a,1.11E-05,0.000115959,0,K,R,1.21,0.14
V42,42,2294,0.024061714,0.083240249,0.06875,syn,g,5.48E-05,0.000658135,0,K,K,0.15,0.02
V43,43,2295,0.016689093,0.171222972,0.19375,nonsyn,a,1.11E-05,6.49E-05,0,I,V,0.24,0.02
V44,44,2296,0.001219333,0.001219333,0,nonsyn,t,1.11E-05,0.009072009,0,I,T,0.73,0.29
V45,45,2297,0.000854037,0.000842418,0.0125,nonsyn,a,1.11E-05,0.01318194,0,I,M,0.32,0.3
V46,46,2298,0.000673453,0.000673453,0,nonsyn,g,5.48E-05,0.081346885,0,G,R,0,0.15
V47,47,2299,0.000930394,0.028847051,0.03125,nonsyn,g,5.48E-05,0.001899095,0,G,E,0.01,0.05
V48,48,2300,0.014892724,0.067807339,0.06875,syn,g,5.48E-05,0.000807926,0,G,G,0.02,0.04
V49,49,2301,0.000270563,0.000270563,0,nonsyn,g,5.48E-05,0.202479077,0,G,R,0.04,0.03
V50,50,2302,0.002312264,0.002312264,0,nonsyn,g,5.48E-05,0.023692494,0,G,E,0,0.03
V51,51,2303,0.023362753,0.077498409,0.0875,syn,g,5.48E-05,0.000706896,0,G,G,0.04,0.01
V52,52,2304,0,0,0,stop,c,2.41E-05,1,1,Q,*,0.03,0.01
V53,53,2305,0.002409498,0.002375561,0.0125,nonsyn,a,1.11E-05,0.004674559,0,Q,R,0.52,0.01
V54,54,2306,0.029075051,0.203272208,0.23125,syn,a,1.11E-05,5.46E-05,0,Q,Q,0.47,0.02
V55,55,2307,0.010225091,0.043963335,0.14375,syn,c,2.41E-05,0.000548998,0,L,L,0.28,0.17
V56,56,2308,0.004564988,0.011320502,0.025,nonsyn,t,1.11E-05,0.000977147,0,L,P,0.6,0.4
V57,57,2309,0.008618536,0.028065881,0.01875,syn,a,1.11E-05,0.000395665,0,L,L,0.67,0.35
V58,58,2310,0.00326332,0.00326332,0,nonsyn,a,1.11E-05,0.003402884,0,K,E,0.59,0.24
V59,59,2311,0.011818237,0.029818673,0.03125,nonsyn,a,1.11E-05,0.000372408,0,K,R,0.62,0.22
V60,60,2312,0.021349538,0.085587851,0.075,syn,g,5.48E-05,0.000640083,0,K,K,0.52,0.39
V61,61,2313,0.001453286,0.001453286,0,nonsyn,g,5.48E-05,0.037696159,0,E,K,0.41,0.41
V62,62,2314,0.00244733,0.00244733,0,nonsyn,a,1.11E-05,0.004537475,0,E,G,0.4,0.13
V63,63,2315,0.008381223,0.008381223,0,syn,a,1.11E-05,0.00132495,0,E,E,0.5,0.06
V64,64,2316,0.000404398,0.000404398,0,nonsyn,g,5.48E-05,0.135468736,0,A,T,0.02,0.27
V65,65,2317,0.000309639,0.000309639,0,nonsyn,c,2.41E-05,0.07794829,0,A,V,0,0.49
V66,66,2318,0.013242389,0.044640548,0.04375,syn,t,1.11E-05,0.000247797,0,A,A,0.04,0.63
V67,67,2319,0.001846272,0.038163269,0.0375,syn,c,2.41E-05,0.000632435,0,L,L,0.06,0.74
V68,68,2320,0.001066385,0.001059322,0.00625,nonsyn,t,1.11E-05,0.010442336,0,L,P,0.26,0.61
V69,69,2321,0.007005658,0.032215633,0.0375,syn,a,1.11E-05,0.000344699,0,L,L,0.44,0.16
V70,70,2322,0.005576509,0.032411132,0.05,syn,t,1.11E-05,0.000341296,0,L,L,0.16,0.44
V71,71,2323,0.001146751,0.001146751,0,nonsyn,t,1.11E-05,0.009646208,0,L,S,0.4,0.54
V72,72,2324,0.005956402,0.012369586,0.00625,syn,a,1.11E-05,0.000897742,0,L,L,0.59,0.45
V73,73,2325,0.000655516,0.000655516,0,nonsyn,g,5.48E-05,0.083572755,0,D,N,0.41,0.14
V74,74,2326,0.00273364,0.00273364,0,nonsyn,a,1.11E-05,0.00406224,0,D,G,0.56,0.09
V75,75,2327,0.008451085,0.042865576,0.04375,syn,t,1.11E-05,0.000258058,0,D,D,0.26,0.17
V76,76,2328,0.003376983,0.003376983,0,nonsyn,a,1.11E-05,0.00328835,0,T,A,0.5,0.16
V77,77,2329,0.000410256,0.000410256,0,nonsyn,c,2.41E-05,0.058831013,0,T,I,0.14,0.17
V78,78,2330,0.004769598,0.008073121,0.00625,syn,a,1.11E-05,0.001375515,0,T,T,0.53,0.2
V79,79,2331,0,0,0,nonsyn,g,5.48E-05,1,1,G,R,0.19,0.16
V80,80,2332,0.000916804,0.000916804,0,nonsyn,g,5.48E-05,0.059754669,0,G,E,0.4,0.22
V81,81,2333,0.009599312,0.028312228,0.025,syn,a,1.11E-05,0.000392223,0,G,G,0.66,0.22
V82,82,2334,0.000486894,0.000486894,0,nonsyn,g,5.48E-05,0.112515792,0,A,T,0.13,0.26
V83,83,2335,0.001563096,0.001563096,0,nonsyn,c,2.41E-05,0.015441023,0,A,V,0.03,0.27
V84,84,2336,0.003118345,0.003118345,0,syn,a,1.11E-05,0.003561088,0,A,A,0.37,0.16
V85,85,2337,0.000240385,0.000240385,0,nonsyn,g,5.48E-05,0.227898528,0,D,N,0.3,0.15
V86,86,2338,0.00414377,0.00414377,0,nonsyn,a,1.11E-05,0.002679854,0,D,G,0.54,0.3
V87,87,2339,0.003674824,0.003674824,0,syn,t,1.11E-05,0.003010158,0,D,D,0.26,0.71
V88,88,2340,0.000568182,0.000568182,0,nonsyn,g,5.48E-05,0.096418608,0,D,N,0.43,0.51
V89,89,2341,0.004017857,0.004017857,0,nonsyn,a,1.11E-05,0.002763836,0,D,G,0.48,0.48
V90,90,2342,0.006834223,0.011255795,0.00625,syn,t,1.11E-05,0.000982765,0,D,D,0.27,0.66
V91,91,2343,0.001415388,0.001415388,0,nonsyn,a,1.11E-05,0.007845692,0,T,A,0.51,0.36
V92,92,2344,0.000367647,0.000367647,0,nonsyn,c,2.41E-05,0.065649376,0,T,I,0.06,0.17
V93,93,2345,0.007397252,0.007397252,0,syn,a,1.11E-05,0.001501193,0,T,T,0.44,0.18
V94,94,2346,0.004330101,0.004330101,0,nonsyn,g,5.48E-05,0.012651737,0,V,I,0.35,0.14
V95,95,2347,0.000759412,0.000759412,0,nonsyn,t,1.11E-05,0.014566271,0,V,A,0.24,0.59
V96,96,2348,0.007894478,0.034135871,0.03125,syn,a,1.11E-05,0.000325309,0,V,V,0.66,0.62
V97,97,2349,0.017549192,0.036002536,0.08125,syn,t,1.11E-05,0.000307251,0,L,L,0.21,0.76
V98,98,2350,0.001215137,0.001215137,0,nonsyn,t,1.11E-05,0.009103334,0,L,S,0.67,0.84
V99,99,2351,0.003303992,0.003303992,0,syn,a,1.11E-05,0.003360995,0,L,L,1.03,0.28
V100,100,2352,0.002580357,0.002580357,0,nonsyn,g,5.48E-05,0.021230898,0,E,K,0.83,0.07
V101,101,2353,0.002494175,0.002494175,0,nonsyn,a,1.11E-05,0.004452253,0,E,G,0.94,0.07
V102,102,2354,0.004256385,0.019673969,0.03125,syn,a,1.11E-05,0.000564436,0,E,E,0.94,0.09
V103,103,2355,0.001176075,0.001176075,0,nonsyn,g,5.48E-05,0.046581457,0,E,K,0.88,0.09
V104,104,2356,0.004079807,0.004079807,0,nonsyn,a,1.11E-05,0.002721869,0,E,G,0.94,0.37
V105,105,2357,0.00852142,0.022055218,0.31875,syn,a,1.11E-05,0.000503495,0,E,E,0.69,0.96
V106,106,2358,0.003343773,0.003343773,0,nonsyn,a,1.11E-05,0.003321009,0,M,V,0.82,0.87
V107,107,2359,0.001393315,0.001393315,0,nonsyn,t,1.11E-05,0.007939193,0,M,T,0.51,0.87
V108,108,2360,0.024623573,0.111533906,0.1,nonsyn,g,5.48E-05,0.000491181,0,M,I,0.78,0.53
V109,109,2361,0.007587558,0.144414861,0.2,nonsyn,a,1.11E-05,7.69E-05,0,N,D,0.71,0.03
V110,110,2362,0.013190402,0.182938925,0.23125,nonsyn,a,1.11E-05,6.07E-05,0,N,S,0.48,0.63
V111,111,2363,0.004924868,0.004841396,0.0375,syn,t,1.11E-05,0.002284837,0,N,N,0.45,0.9
V112,112,2364,0.002430982,0.002430982,0.00625,syn,t,1.11E-05,0.004550343,0,L,L,0.38,0.97
V113,113,2365,0.002741751,0.002741751,0,nonsyn,t,1.11E-05,0.004034575,0,L,S,0.17,0.87
V114,114,2366,0.02957796,0.107233964,0.0875,syn,g,5.48E-05,0.000510876,0,L,L,0.13,0.14
V115,115,2367,0.010009312,0.035370404,0.0375,nonsyn,c,2.41E-05,0.000682373,0,P,S,0,0.19
V116,116,2368,0.002730294,0.002712904,0.0125,nonsyn,c,2.41E-05,0.008896666,0,P,L,0.08,0.16
V117,117,2369,0.004314725,0.004314725,0,syn,a,1.11E-05,0.002573675,0,P,P,0.25,0.14
V118,118,2370,0.000107956,0.000107956,0,nonsyn,g,5.48E-05,0.507457708,0,G,R,0.28,0.01
V119,119,2371,0.000778759,0.000778759,0,nonsyn,g,5.48E-05,0.070346947,0,G,E,0.33,0.04
V120,120,2372,0.017505657,0.054564587,0.0625,syn,a,1.11E-05,0.000203515,0,G,G,0.49,0.07
V121,121,2373,0.004210972,0.004210972,0,nonsyn,a,1.11E-05,0.002637087,0,R,G,0.47,0.65
V122,122,2374,0.010672354,0.23772859,0.24375,nonsyn,g,5.48E-05,0.000230445,0,R,K,0.22,0.71
V123,123,2375,0.01525387,0.07530964,0.05625,syn,a,1.11E-05,0.000147454,0,R,R,0.42,0.78
V124,124,2376,0.000649301,0.000649301,0,nonsyn,t,1.11E-05,0.017036473,0,W,R,0.17,0.9
V125,125,2377,0,0,0.00625,stop,g,5.48E-05,1,1,W,*,0.51,0.34
V126,126,2378,0,0,0.00625,stop,g,5.48E-05,1,1,W,*,0.36,0.34
V127,127,2379,0.004147587,0.004147587,0,nonsyn,a,1.11E-05,0.002677388,0,K,E,0.34,0.37
V128,128,2380,0.007275445,0.014814606,0.01875,nonsyn,a,1.11E-05,0.000749578,0,K,R,0.31,0.42
V129,129,2381,0.020826533,0.080580394,0.075,syn,a,1.11E-05,0.000137809,0,K,K,0.26,0.42
V130,130,2382,0.00013587,0.00013587,0,nonsyn,c,2.41E-05,0.177639488,0,P,S,0.05,0.68
V131,131,2383,0,0.0003125,0.00625,nonsyn,c,2.41E-05,0.07723456,0,P,L,0.08,0.78
V132,132,2384,0.003524675,0.003524675,0,syn,a,1.11E-05,0.00315056,0,P,P,0.39,0.52
V133,133,2385,0.000743788,0.000743788,0,nonsyn,a,1.11E-05,0.014929936,0,K,E,0.44,0.36
V134,134,2386,0.00657816,0.012787046,0.00625,nonsyn,a,1.11E-05,0.000868434,0,K,R,0.45,0.14
V135,135,2387,0.003616485,0.003616485,0,syn,a,1.11E-05,0.003070579,0,K,K,0.45,0.24
V136,136,2388,0.001795884,0.001960327,0.00625,res,a,1.11E-05,0.005664719,0,M,V,0.55,0.28
V137,137,2389,0.002643713,0.002643713,0,res,t,1.11E-05,0.004184191,0,M,T,0.35,0.41
V138,138,2390,0.023277067,0.035486104,0.0125,res,g,5.48E-05,0.001543796,0,M,I,0.63,0.21
V139,139,2391,0.004830822,0.004830822,0,nonsyn,a,1.11E-05,0.002298719,0,I,V,0.76,0.24
V140,140,2392,0.001686743,0.001686743,0,nonsyn,t,1.11E-05,0.006558081,0,I,T,0.58,0.3
V141,141,2393,0.001513533,0.001513533,0,nonsyn,a,1.11E-05,0.007336941,0,I,M,0.83,0.18
V142,142,2394,0.001825486,0.001825486,0,nonsyn,g,5.48E-05,0.030010254,0,G,R,0.48,0.07
V143,143,2395,0.000895419,0.000895419,0,nonsyn,g,5.48E-05,0.061181776,0,G,E,0.32,0.05
V144,144,2396,0.009746336,0.032755975,0.0375,syn,g,5.48E-05,0.001672467,0,G,G,0.05,0.02
V145,145,2397,0.000770833,0.000770833,0,nonsyn,g,5.48E-05,0.071070227,0,G,R,0.02,0.04
V146,146,2398,0.002612285,0.002612285,0,nonsyn,g,5.48E-05,0.020971407,0,G,E,0.07,0.05
V147,147,2399,0.006419663,0.011935096,0.00625,syn,a,1.11E-05,0.000930424,0,G,G,0.15,0.04
V148,148,2400,0.003484957,0.003484957,0,nonsyn,a,1.11E-05,0.003186467,0,I,V,0.14,0.51
V149,149,2401,0.001754187,0.001754187,0,nonsyn,t,1.11E-05,0.00630594,0,I,T,0.23,0.94
V150,150,2402,0.003057406,0.003057406,0,syn,t,1.11E-05,0.003618034,0,I,I,0.19,0.94
V151,151,2403,0.001272103,0.001272103,0,nonsyn,g,5.48E-05,0.043065159,0,G,R,0.1,0.52
V152,152,2404,0.000226449,0.000226449,0,nonsyn,g,5.48E-05,0.241923053,0,G,E,0.15,0.42
V153,153,2405,0.006443935,0.006988386,0.0125,syn,a,1.11E-05,0.001589022,0,G,G,0.16,0.34
V154,154,2406,0.002932619,0.002932619,0,nonsyn,g,5.48E-05,0.018680672,0,G,S,0.07,0.34
V155,155,2407,0.000254777,0.000254777,0,nonsyn,g,5.48E-05,0.215024453,0,G,D,0.04,0.67
V156,156,2408,0.015334349,0.032814111,0.03125,syn,t,1.11E-05,0.000337105,0,G,G,0.03,0.89
V157,157,2409,0.004743827,0.004743827,0,nonsyn,t,1.11E-05,0.00233183,0,F,L,0.01,0.97
V158,158,2410,0.00224806,0.00224806,0,nonsyn,t,1.11E-05,0.004920599,0,F,S,0.23,0.95
V159,159,2411,0.005785466,0.005785466,0,syn,t,1.11E-05,0.001911998,0,F,F,0.48,0.76
V160,160,2412,0.020229249,0.020229249,0,nonsyn,a,1.11E-05,0.000548943,0,I,V,0.58,0.61
V161,161,2413,0.001947494,0.001947494,0,nonsyn,t,1.11E-05,0.005680017,0,I,T,0.18,0.39
V162,162,2414,0.003916057,0.019234822,0.025,syn,c,2.41E-05,0.001254797,0,I,I,0.16,0.14
V163,163,2415,0.001014937,0.001014937,0,nonsyn,a,1.11E-05,0.010941274,0,K,E,0.62,0.1
V164,164,2416,0.009350173,0.009350173,0,nonsyn,a,1.11E-05,0.001187646,0,K,R,0.64,0.04
V165,165,2417,0.008213112,0.018565873,0.01875,syn,a,1.11E-05,0.000598124,0,K,K,0.73,0.15
V166,166,2418,0.000457555,0.000457555,0,nonsyn,g,5.48E-05,0.119730396,0,V,I,0.64,0.44
V167,167,2419,0.002930803,0.002930803,0,nonsyn,t,1.11E-05,0.003774324,0,V,A,0.25,0.61
V168,168,2420,0.006803584,0.028519353,0.03125,syn,a,1.11E-05,0.000389374,0,V,V,1.17,0.67
V169,169,2421,0.002080273,0.002066121,0.00625,nonsyn,a,1.11E-05,0.00537466,0,R,G,1.32,0.79
V170,170,2422,0.008498237,0.093515197,0.10625,nonsyn,g,5.48E-05,0.000585822,0,R,K,0.58,0.84
V171,171,2423,0.01082183,0.036822556,0.025,syn,a,1.11E-05,0.000301573,0,R,R,0.5,0.77
V172,172,2424,0,0,0,stop,c,2.41E-05,1,1,Q,*,0.11,0.89
V173,173,2425,0.003255468,0.003864826,0.0125,nonsyn,a,1.11E-05,0.002873273,0,Q,R,0.47,0.77
V174,174,2426,0.014443933,0.084099036,0.09375,syn,g,5.48E-05,0.000651414,0,Q,Q,0.51,0.79
V175,175,2427,0.00184784,0.002183513,0.00625,nonsyn,t,1.11E-05,0.005066055,0,Y,H,0.25,0.89
V176,176,2428,0.002710969,0.002710969,0,nonsyn,a,1.11E-05,0.004096211,0,Y,C,0.62,0.8
V177,177,2429,0.00337239,0.003663813,0.00625,syn,t,1.11E-05,0.003019204,0,Y,Y,0.12,0.86
V178,178,2430,0.000510648,0.000510648,0,nonsyn,g,5.48E-05,0.107281961,0,D,N,0.7,0.39
V179,179,2431,0.00405228,0.00405228,0,nonsyn,a,1.11E-05,0.002740358,0,D,G,0.83,0.35
V180,180,2432,0.008150266,0.007793692,0.04375,syn,t,1.11E-05,0.001419327,0,D,D,0.41,0.36
V181,181,2433,0,0,0.03125,stop,c,2.41E-05,1,1,Q,*,0.21,0.32
V182,182,2434,0.003763514,0.003763514,0,nonsyn,a,1.11E-05,0.00295062,0,Q,R,0.54,0.34
V183,183,2435,0.015659566,0.108209752,0.11875,syn,g,5.48E-05,0.00050627,0,Q,Q,0.49,0.17
V184,184,2436,0.027556847,0.1818568,0.1875,nonsyn,a,1.11E-05,6.11E-05,0,I,V,0.38,0.16
V185,185,2437,0.000828621,0.000828621,0,nonsyn,t,1.11E-05,0.013349654,0,I,T,0.42,0.18
V186,186,2438,0.001105807,0.015266676,0.025,nonsyn,a,1.11E-05,0.000727382,0,I,M,0.51,0.18
V187,187,2439,0.00106383,0.000980392,0.15,nonsyn,c,2.41E-05,0.024618516,0,L,F,0.22,0.02
V188,188,2440,0.150978781,0.709466537,0.75625,nonsyn,t,1.11E-05,1.56E-05,0,L,P,0.25,0.08
V189,189,2441,0.050393025,0.226187841,0.16875,syn,c,2.41E-05,0.000106707,0,L,L,0.08,0.52
V190,190,2442,0.011757882,0.169720756,0.1875,nonsyn,a,1.11E-05,6.54E-05,0,I,V,0.98,0.94
V191,191,2443,0.000900664,0.000900664,0,nonsyn,t,1.11E-05,0.012281824,0,I,T,0.66,0.93
V192,192,2444,0.001780603,0.023013328,0.025,nonsyn,a,1.11E-05,0.000482533,0,I,M,1.13,0.19
V193,193,2445,0.001691103,0.001691103,0,nonsyn,g,5.48E-05,0.03239501,0,E,K,0.36,0.14
V194,194,2446,0.003003845,0.003003845,0,nonsyn,a,1.11E-05,0.003696829,0,E,G,0.54,0.04
V195,195,2447,0.005608513,0.039012694,0.04375,syn,a,1.11E-05,0.000284643,0,E,E,0.44,0.06
V196,196,2448,0.005718883,0.005718883,0,nonsyn,a,1.11E-05,0.00194176,0,I,V,0.31,0.37
V197,197,2449,0.001413654,0.001413654,0,nonsyn,t,1.11E-05,0.00782497,0,I,T,0.1,0.66
V198,198,2450,0.041927701,0.141705341,0.15,syn,c,2.41E-05,0.000170324,0,I,I,0.02,0.46
V199,199,2451,0.004107883,0.004107883,0.00625,nonsyn,t,1.11E-05,0.002692823,0,C,R,0.13,0.16
V200,200,2452,0.001127496,0.001127496,0,nonsyn,g,5.48E-05,0.048588458,0,C,Y,0.12,0.12
V201,201,2453,0.016339406,0.078258132,0.0875,syn,t,1.11E-05,0.00014135,0,C,C,0.17,0.16
V202,202,2454,0.000593659,0.000593659,0,nonsyn,g,5.48E-05,0.09228072,0,G,R,0.43,0.16
V203,203,2455,0.000661584,0.004617976,0.0125,nonsyn,g,5.48E-05,0.011863054,0,G,E,0.63,0.42
V204,204,2456,0.022885323,0.127027197,0.19375,syn,a,1.11E-05,8.74E-05,0,G,G,0.62,0.37
V205,205,2457,0.012817115,0.044559242,0.03125,nonsyn,c,2.41E-05,0.000541656,0,H,Y,0,0.07
V206,206,2458,0.002012871,0.009256546,0.0125,nonsyn,a,1.11E-05,0.001199659,0,H,R,1.35,0.64
V207,207,2459,0.009023804,0.0232619,0.0625,syn,t,1.11E-05,0.000475533,0,H,H,0.3,0.72
V208,208,2460,0.001943788,0.010397508,0.03125,nonsyn,a,1.11E-05,0.001068015,0,K,E,1.04,0.62
V209,209,2461,0.006244516,0.04383583,0.04375,nonsyn,a,1.11E-05,0.000253325,0,K,R,0.78,0.27
V210,210,2462,0.009619581,0.068104705,0.0625,syn,a,1.11E-05,0.000163053,0,K,K,1.2,0.27
V211,211,2463,0.011216974,0.050568471,0.05,nonsyn,g,5.48E-05,0.001083349,0,A,T,0.5,0.32
V212,212,2464,0.024046465,0.084791996,0.06875,nonsyn,c,2.41E-05,0.000284647,0,A,V,0.3,0.41
V213,213,2465,0.002974007,0.016228034,0.025,syn,t,1.11E-05,0.000681648,0,A,A,0.39,0.58
V214,214,2466,0.012846513,0.062050496,0.075,nonsyn,a,1.11E-05,0.000178962,0,I,V,0.56,0.61
V215,215,2467,0.005591056,0.026025091,0.0375,nonsyn,t,1.11E-05,0.000425044,0,I,T,1.07,0.74
V216,216,2468,0.0055573,0.005482706,0.01875,nonsyn,a,1.11E-05,0.002025405,0,I,M,1.81,0.63
V217,217,2469,0.00897607,0.00897607,0,nonsyn,g,5.48E-05,0.006103261,0,G,S,0.06,0.87
V218,218,2470,0,0,0,nonsyn,g,5.48E-05,1,1,G,D,0,0.97
V219,219,2471,0.007032016,0.022828438,0.025,syn,t,1.11E-05,0.000484562,0,G,G,0.1,0.99
V220,220,2472,0.002231622,0.004896246,0.00625,nonsyn,a,1.11E-05,0.002268003,0,T,A,0.14,0.97
V221,221,2473,0.000441998,0.000441998,0,nonsyn,c,2.41E-05,0.054606189,0,T,I,0.16,0.97
V222,222,2474,0.009677735,0.010975945,0.00625,syn,a,1.11E-05,0.001011731,0,T,T,0.04,0.97
V223,223,2475,0.001868596,0.001868596,0,nonsyn,g,5.48E-05,0.029317902,0,V,I,0,0.94
V224,224,2476,0.001336146,0.001336146,0,nonsyn,t,1.11E-05,0.008278884,0,V,A,0.23,0.85
V225,225,2477,0.022488448,0.063030465,0.06875,syn,a,1.11E-05,0.00017618,0,V,V,0.33,0.42
V226,226,2478,0.004289164,0.010551496,0.00625,syn,t,1.11E-05,0.001048363,0,L,L,0.22,0.53
V227,227,2479,0.001011864,0.001011864,0,nonsyn,t,1.11E-05,0.010932104,0,L,S,0.34,0.72
V228,228,2480,0.003568829,0.0117651,0.0125,syn,a,1.11E-05,0.000943868,0,L,L,0.1,0.91
V229,229,2481,0.032325509,0.263739767,0.25625,nonsyn,g,5.48E-05,0.000207717,0,V,I,0.05,0.95
V230,230,2482,0.001631126,0.001631126,0,nonsyn,t,1.11E-05,0.006781695,0,V,A,0.23,0.93
V231,231,2483,0.006807855,0.015978839,0.0125,syn,a,1.11E-05,0.000694963,0,V,V,0.1,0.89
V232,232,2484,0,0,0,nonsyn,g,5.48E-05,1,1,G,R,0.21,0.96
V233,233,2485,0.000537803,0.000537803,0,nonsyn,g,5.48E-05,0.101865014,0,G,E,0.12,0.94
V234,234,2486,0.014403777,0.038507968,0.025,syn,a,1.11E-05,0.000288374,0,G,G,0.02,0.61
V235,235,2487,0,0,0,nonsyn,c,2.41E-05,1,1,P,S,0.14,0.29
V236,236,2488,0.000535714,0.000535714,0,nonsyn,c,2.41E-05,0.045053493,0,P,L,0.69,0.22
V237,237,2489,0.014224997,0.052246412,0.06875,syn,t,1.11E-05,0.000211724,0,P,P,1.06,0.55
V238,238,2490,0.001720252,0.001720252,0,nonsyn,a,1.11E-05,0.006455275,0,T,A,1.29,0.59
V239,239,2491,0.000247595,0.000247595,0,nonsyn,c,2.41E-05,0.097481048,0,T,I,0.09,0.36
V240,240,2492,0.007414285,0.03074736,0.0375,syn,a,1.11E-05,0.000361159,0,T,T,0.86,0.3
V241,241,2493,0.000257672,0.000257672,0,nonsyn,c,2.41E-05,0.093668577,0,P,S,0.43,0.74
V242,242,2494,0.000310722,0.000310722,0,nonsyn,c,2.41E-05,0.077676565,0,P,L,0.06,0.89
V243,243,2495,0.005278343,0.011462364,0.0125,syn,t,1.11E-05,0.000965054,0,P,P,0.28,0.95
V244,244,2496,0.000532449,0.000532449,0,res,g,5.48E-05,0.102889239,0,V,I,0.1,0.96
V245,245,2497,0.048413878,0.048413878,0,res,t,1.11E-05,0.000228484,0,V,A,0.09,0.99
V246,246,2498,0.012180881,0.030181656,0.01875,res,c,2.41E-05,0.000799684,0,V,V,0.21,1
V247,247,2499,0.002196771,0.002196771,0,nonsyn,a,1.11E-05,0.005055011,0,N,D,0.27,1
V248,248,2500,0.003686187,0.003686187,0,nonsyn,a,1.11E-05,0.003012517,0,N,S,0.18,1
V249,249,2501,0.011168507,0.029709097,0.01875,syn,c,2.41E-05,0.000812404,0,N,N,0.02,1
V250,250,2502,0.003115831,0.003115831,0,res,a,1.11E-05,0.003563961,0,I,V,0.73,0.89
V251,251,2503,0.000895668,0.000895668,0,res,t,1.11E-05,0.012350328,0,I,T,0.59,0.29
V252,252,2504,0.001553586,0.001534167,0.0125,res,a,1.11E-05,0.007238262,0,I,M,0.62,0.02
V253,253,2505,0.00203729,0.00203729,0,nonsyn,a,1.11E-05,0.005450723,0,I,V,0.38,0.05
V254,254,2506,0.00112049,0.00112049,0,nonsyn,t,1.11E-05,0.009872287,0,I,T,0.19,0.23
V255,255,2507,0.005650368,0.005650368,0,syn,t,1.11E-05,0.001957713,0,I,I,0.29,0.23
V256,256,2508,0.001576359,0.001576359,0,nonsyn,g,5.48E-05,0.034753068,0,G,R,0.52,0.25
V257,257,2509,0.000634031,0.000634031,0,nonsyn,g,5.48E-05,0.086404833,0,G,E,0.87,0.25
V258,258,2510,0.004242726,0.014903978,0.0125,syn,a,1.11E-05,0.000745083,0,G,G,0.94,0.02
V259,259,2511,0.003640107,0.003923553,0.0125,nonsyn,a,1.11E-05,0.002830266,0,R,G,0.66,0.02
V260,260,2512,0.002954764,0.002954764,0,nonsyn,g,5.48E-05,0.018540669,0,R,K,0.84,0.06
V261,261,2513,0.009213511,0.019682656,0.01875,syn,a,1.11E-05,0.000564187,0,R,R,1.31,0.07
V262,262,2514,0.011549759,0.011955761,0.00625,nonsyn,a,1.11E-05,0.000928816,0,N,D,0.53,0.17
V263,263,2515,0.004320357,0.010744096,0.00625,nonsyn,a,1.11E-05,0.001033563,0,N,S,0.24,0.18
V264,264,2516,0.011217728,0.056955695,0.06875,syn,t,1.11E-05,0.000194218,0,N,N,0.08,0.28
V265,265,2517,0.018253147,0.069268929,0.06875,syn,c,2.41E-05,0.000348436,0,L,L,0.01,0.56
V266,266,2518,0.00265525,0.00265525,0,nonsyn,t,1.11E-05,0.004166011,0,L,P,0.16,0.92
V267,267,2519,0.014167801,0.027139278,0.0125,syn,g,5.48E-05,0.002018598,0,L,L,0.05,1
V268,268,2520,0.006473289,0.012682831,0.00625,syn,t,1.11E-05,0.000872187,0,L,L,0.26,1
V269,269,2521,0.00455236,0.00455236,0,nonsyn,t,1.11E-05,0.002429905,0,L,S,0.3,1
V270,270,2522,0.010536255,0.016452502,0.00625,syn,g,5.48E-05,0.003329785,0,L,L,0.24,1
V271,271,2523,0.003800275,0.003800275,0,nonsyn,a,1.11E-05,0.002922078,0,T,A,0.14,0.91
V272,272,2524,0.000379867,0.000379867,0,nonsyn,c,2.41E-05,0.063537494,0,T,I,0.32,0.67
V273,273,2525,0.021215753,0.035656927,0.03125,syn,t,1.11E-05,0.000310229,0,T,T,1.13,0.09
V274,274,2526,0,0,0.0125,stop,c,2.41E-05,1,1,Q,*,0,0.21
V275,275,2527,0.002071953,0.002071953,0,nonsyn,a,1.11E-05,0.005359533,0,Q,R,0.81,0.6
V276,276,2528,0.014640375,0.034244087,0.03125,syn,g,5.48E-05,0.001599789,0,Q,Q,0.55,0.58
V277,277,2529,0.004994573,0.003350789,0.3375,nonsyn,a,1.11E-05,0.003314055,0,I,V,0.39,0.64
V278,278,2530,0.000654997,0.000654997,0,nonsyn,t,1.11E-05,0.016888317,0,I,T,0.21,0.62
V279,279,2531,0.016938367,0.025715703,0.01875,syn,t,1.11E-05,0.000430157,0,I,I,0.22,0.62
V280,280,2532,0,0,0,nonsyn,g,5.48E-05,1,1,G,S,0.31,0.83
V281,281,2533,0.000274327,0.000274327,0,nonsyn,g,5.48E-05,0.199700633,0,G,D,0.03,0.82
V282,282,2534,0.021389906,0.161440913,0.21875,syn,t,1.11E-05,6.85E-05,0,G,G,0,0.01
V283,283,2535,0.005055386,0.005055386,0,nonsyn,t,1.11E-05,0.002188122,0,C,R,0.18,0.33
V284,284,2536,0.000546789,0.00088551,0.00625,nonsyn,g,5.48E-05,0.061866399,0,C,Y,0.23,0.38
V285,285,2537,0.029954732,0.146816841,0.14375,syn,c,2.41E-05,0.000164394,0,C,C,0.07,0.39
V286,286,2538,0.001533846,0.001533846,0,nonsyn,a,1.11E-05,0.007239775,0,T,A,0.67,0.34
V287,287,2539,0,0,0,nonsyn,c,2.41E-05,1,1,T,I,0.12,0.03
V288,288,2540,0.006413248,0.047753491,0.0625,syn,t,1.11E-05,0.000231644,0,T,T,0.22,0.01
V289,289,2541,0.021822219,0.030102881,0.0125,syn,t,1.11E-05,0.000367466,0,L,L,0.47,0.94
V290,290,2542,0.000407038,0.000407038,0,nonsyn,t,1.11E-05,0.027176345,0,L,S,0.58,0.97
V291,291,2543,0.001093063,0.004211231,0.00625,syn,a,1.11E-05,0.002636925,0,L,L,1.07,0.95
V292,292,2544,0.002430495,0.002430495,0,nonsyn,a,1.11E-05,0.004568905,0,N,D,0.48,0.89
V293,293,2545,0.000319537,0.000319537,0,nonsyn,a,1.11E-05,0.034752423,0,N,S,0.51,0.62
V294,294,2546,0.008391553,0.014850279,0.0125,syn,t,1.11E-05,0.000744888,0,N,N,0.3,0.59
V295,295,2547,0.001092171,0.001092171,0,nonsyn,t,1.11E-05,0.010128264,0,F,L,0.18,0.54
V296,296,2548,0.001010966,0.001010966,0,nonsyn,t,1.11E-05,0.010941815,0,F,S,0.12,0.06
V297,297,2549,0.014479592,0.04328361,0.04375,syn,t,1.11E-05,0.000255566,0,F,F,0.11,0.03
V298,298,2550,0.000228938,0.000228938,0,nonsyn,c,2.41E-05,0.105425174,0,P,S,0.09,0.05
V299,299,2551,0.000125691,0.000125691,0,nonsyn,c,2.41E-05,0.192024425,0,P,L,0.15,0.05
V300,300,2552,0.021953422,0.051624521,0.03125,syn,c,2.41E-05,0.000467526,0,P,P,0.05,0.11
V301,301,2553,0.000422394,0.000422394,0,nonsyn,a,1.11E-05,0.026289937,0,I,V,0.49,0.18
V302,302,2554,0.001404492,0.001404492,0,nonsyn,t,1.11E-05,0.007876013,0,I,T,0.32,0.46
V303,303,2555,0.01596954,0.042584091,0.05625,syn,t,1.11E-05,0.000259764,0,I,I,0.64,0.7
V304,304,2556,0.003340361,0.003340361,0,nonsyn,a,1.11E-05,0.003324402,0,S,G,0.76,0.75
V305,305,2557,0.000202881,0.000202881,0,nonsyn,g,5.48E-05,0.270026886,0,S,N,0.06,0.92
V306,306,2558,0.006704057,0.012912156,0.00625,syn,t,1.11E-05,0.000856697,0,S,S,0.06,0.7
V307,307,2559,0.001857428,0.00670693,0.00625,nonsyn,c,2.41E-05,0.003598636,0,P,S,0.11,0.85
V308,308,2560,0.0003125,0.0003125,0,nonsyn,c,2.41E-05,0.07723456,0,P,L,0.03,0.83
V309,309,2561,0.004322345,0.005992454,0.0125,syn,t,1.11E-05,0.001845955,0,P,P,0,0.77
V310,310,2562,0.001309602,0.001309602,0,nonsyn,a,1.11E-05,0.008479449,0,I,V,0.05,0.86
V311,311,2563,0.002194419,0.002194419,0,nonsyn,t,1.11E-05,0.005040878,0,I,T,0.01,0.88
V312,312,2564,0.004688089,0.004688089,0,syn,t,1.11E-05,0.002359554,0,I,I,0.06,0.85
V313,313,2565,0.009371489,0.009371489,0,nonsyn,g,5.48E-05,0.005845741,0,E,K,0.07,0.67
V314,314,2566,0.002227721,0.002227721,0,nonsyn,a,1.11E-05,0.00498478,0,E,G,0.09,0.48
V315,315,2567,0.014864287,0.05856097,0.06875,syn,a,1.11E-05,0.000189626,0,E,E,0.11,0.06
V316,316,2568,0.003117478,0.003097621,0.00625,nonsyn,a,1.11E-05,0.003584912,0,T,A,0.03,0.85
V317,317,2569,0.000267094,0.000267094,0,nonsyn,c,2.41E-05,0.090364435,0,T,I,0.19,0.97
V318,318,2570,0.002156705,0.003779597,0.025,syn,t,1.11E-05,0.002926714,0,T,T,0.18,0.99
V319,319,2571,0.000907112,0.000907112,0,nonsyn,g,5.48E-05,0.06039311,0,V,I,0.13,0.96
V320,320,2572,0.001040956,0.001040956,0,nonsyn,t,1.11E-05,0.010626577,0,V,A,0.03,0.96
V321,321,2573,0.00772797,0.02195807,0.01875,syn,a,1.11E-05,0.000505723,0,V,V,0.08,0.95
V322,322,2574,0.002373758,0.002373758,0,nonsyn,c,2.41E-05,0.010167758,0,P,S,0,0.94
V323,323,2575,0.00132907,0.00132907,0,nonsyn,c,2.41E-05,0.018159917,0,P,L,0,0.84
V324,324,2576,0.001965589,0.012977725,0.0125,syn,a,1.11E-05,0.000855674,0,P,P,0.5,0.25
V325,325,2577,0.002643601,0.002643601,0,nonsyn,g,5.48E-05,0.02072298,0,V,I,0.77,0.33
V326,326,2578,0.000837446,0.007161259,0.00625,nonsyn,t,1.11E-05,0.001544672,0,V,A,0.31,0.59
V327,327,2579,0.007420197,0.025562367,0.025,syn,a,1.11E-05,0.000434416,0,V,V,0.89,0.47
V328,328,2580,0.000646518,0.000646518,0,nonsyn,a,1.11E-05,0.017176169,0,K,E,0.6,0.08
V329,329,2581,0.00391868,0.026136882,0.03125,nonsyn,a,1.11E-05,0.000424867,0,K,R,0.57,0.12
V330,330,2582,0.004429682,0.02094761,0.01875,syn,a,1.11E-05,0.000530118,0,K,K,0.63,0.46
V331,331,2583,0.005839938,0.014441388,0.0125,syn,t,1.11E-05,0.000765979,0,L,L,0.41,0.73
V332,332,2584,0.0006671,0.0006671,0,nonsyn,t,1.11E-05,0.016581915,0,L,S,0.39,0.48
V333,333,2585,0.012070822,0.030750087,0.025,syn,a,1.11E-05,0.000361127,0,L,L,0.82,0.1
V334,334,2586,0.001795284,0.001795284,0,nonsyn,a,1.11E-05,0.006185485,0,K,E,0.84,0.03
V335,335,2587,0.006992506,0.006992506,0,nonsyn,a,1.11E-05,0.001588086,0,K,R,0.84,0.06
V336,336,2588,0.02759757,0.06597913,0.05,syn,g,5.48E-05,0.000830313,0,K,K,0.4,0.07
V337,337,2589,0.000347222,0.000347222,0,nonsyn,c,2.41E-05,0.069511104,0,P,S,0.09,0.33
V338,338,2590,0.001058472,0.001058472,0,nonsyn,c,2.41E-05,0.022802502,0,P,L,0,0.4
V339,339,2591,0.00398721,0.00427479,0.00625,syn,a,1.11E-05,0.002597718,0,P,P,0.64,0.39
V340,340,2592,0,0,0,nonsyn,g,5.48E-05,1,1,G,R,0.25,0.05
V341,341,2593,0.001406181,0.001406181,0,nonsyn,g,5.48E-05,0.038958913,0,G,E,0.43,0.04
V342,342,2594,0.008442678,0.014428844,0.03125,syn,a,1.11E-05,0.000769618,0,G,G,0.56,0.07
V343,343,2595,0.006919698,0.006919698,0,nonsyn,a,1.11E-05,0.001604796,0,M,V,0.4,0.49
V344,344,2596,0.001606244,0.007846205,0.00625,nonsyn,t,1.11E-05,0.001409828,0,M,T,0.28,0.88
V345,345,2597,0.000677716,0.000677716,0,nonsyn,g,5.48E-05,0.080835211,0,M,I,0.24,0.91
V346,346,2598,0.000663871,0.000663871,0,nonsyn,g,5.48E-05,0.08252095,0,D,N,0.2,0.84
V347,347,2599,0.003601652,0.003601652,0,nonsyn,a,1.11E-05,0.003083224,0,D,G,0.25,0.71
V348,348,2600,0.005418095,0.011634232,0.00625,syn,t,1.11E-05,0.000950798,0,D,D,0.11,0.82
V349,349,2601,0,0,0,nonsyn,g,5.48E-05,1,1,G,S,0.05,0.77
V350,350,2602,0.000237417,0.000237417,0,nonsyn,g,5.48E-05,0.23074726,0,G,D,0,0.81
V351,351,2603,0.004369483,0.028192896,0.0375,syn,c,2.41E-05,0.000856095,0,G,G,0,0.69
V352,352,2604,0.001422715,0.001422715,0,nonsyn,c,2.41E-05,0.016964601,0,P,S,0.01,0.82
V353,353,2605,0.00078125,0.00078125,0,nonsyn,c,2.41E-05,0.030893824,0,P,L,0.06,0.72
V354,354,2606,0.001246224,0.007206153,0.0125,syn,a,1.11E-05,0.001541003,0,P,P,0.31,0.5
V355,355,2607,0,0,0,nonsyn,a,1.11E-05,1,1,K,E,0.34,0.31
V356,356,2608,0.03409118,0.089613678,0.075,nonsyn,a,1.11E-05,0.000123917,0,K,R,0.64,0.05
V357,357,2609,0.012303177,0.025889935,0.01875,syn,a,1.11E-05,0.00042892,0,K,K,0.61,0.56
V358,358,2610,0.001135758,0.013682586,0.01875,nonsyn,g,5.48E-05,0.00400387,0,V,I,0.54,0.73
V359,359,2611,0.0019123,0.002833508,0.00625,nonsyn,t,1.11E-05,0.003903924,0,V,A,0.4,0.72
V360,360,2612,0.013967603,0.044711372,0.05,syn,t,1.11E-05,0.000247405,0,V,V,0.33,0.32
V361,361,2613,0.001748894,0.001748894,0.00625,nonsyn,a,1.11E-05,0.006349556,0,K,E,0.74,0.25
V362,362,2614,0.002651061,0.002651061,0,nonsyn,a,1.11E-05,0.004188776,0,K,R,0.75,0.03
V363,363,2615,0.012746973,0.034995952,0.03125,syn,a,1.11E-05,0.000317314,0,K,K,0.95,0.08
V364,364,2616,0,0,0,stop,c,2.41E-05,1,1,Q,*,0.08,0.13
V365,365,2617,0.002028388,0.002028388,0,nonsyn,a,1.11E-05,0.005474642,0,Q,R,0.1,0.19
V366,366,2618,0.005899084,0.022482532,0.025,syn,a,1.11E-05,0.000493926,0,Q,Q,0.21,0.35
V367,367,2619,0.001202711,0.001202711,0,nonsyn,t,1.11E-05,0.009197386,0,W,R,0.16,0.7
V368,368,2620,0,0,0,stop,g,5.48E-05,1,1,W,*,0.1,0.59
V369,369,2621,0,0,0,stop,g,5.48E-05,1,1,W,*,0.09,0.63
V370,370,2622,0.000591635,0.000591635,0,nonsyn,c,2.41E-05,0.040795115,0,P,S,0,0.6
V371,371,2623,0,0,0,nonsyn,c,2.41E-05,1,1,P,L,0,0.26
V372,372,2624,0.002855129,0.002801595,0.01875,syn,a,1.11E-05,0.003963707,0,P,P,0.03,0.5
V373,373,2625,0.017976641,0.035912441,0.025,syn,t,1.11E-05,0.000308021,0,L,L,0.05,0.84
V374,374,2626,0.002512098,0.002512098,0,nonsyn,t,1.11E-05,0.004403411,0,L,S,0.12,0.72
V375,375,2627,0.014464807,0.074530595,0.0875,syn,g,5.48E-05,0.000735044,0,L,L,0.37,0.24
V376,376,2628,0.007425369,0.009484749,0.025,nonsyn,a,1.11E-05,0.001170795,0,T,A,0.61,0.21
V377,377,2629,0.000178063,0.000178063,0,nonsyn,c,2.41E-05,0.135546653,0,T,I,0,0.22
V378,378,2630,0.003571759,0.008994394,0.01875,syn,a,1.11E-05,0.001234625,0,T,T,0.73,0.22
V379,379,2631,0.006478767,0.006478767,0,nonsyn,g,5.48E-05,0.008455822,0,E,K,0.64,0.13
V380,380,2632,0.006233808,0.008710325,0.00625,nonsyn,a,1.11E-05,0.001274889,0,E,G,0.95,0.13
V381,381,2633,0.009655813,0.028767159,0.03125,syn,a,1.11E-05,0.00038602,0,E,E,1.28,0.1
V382,382,2634,0.000911144,0.001193065,0.00625,nonsyn,g,5.48E-05,0.045918133,0,E,K,0.03,0.07
V383,383,2635,0.00490761,0.005328629,0.00625,nonsyn,a,1.11E-05,0.00208397,0,E,G,0.95,0.04
V384,384,2636,0.018037373,0.066981845,0.06875,syn,a,1.11E-05,0.000165787,0,E,E,0.57,0.04
V385,385,2637,0.001661107,0.001661107,0,nonsyn,a,1.11E-05,0.00668512,0,K,E,0.63,0.06
V386,386,2638,0.002919781,0.002919781,0,nonsyn,a,1.11E-05,0.003803265,0,K,R,0.56,0.08
V387,387,2639,0.008646542,0.036955174,0.04375,syn,a,1.11E-05,0.000300491,0,K,K,0.54,0.21
V388,388,2640,0.002682811,0.002682811,0,nonsyn,a,1.11E-05,0.004139204,0,I,V,0.72,0.28
V389,389,2641,0.000287687,0.000287687,0,nonsyn,t,1.11E-05,0.038450817,0,I,T,0.38,0.52
V390,390,2642,0,0,0.0125,nonsyn,a,1.11E-05,1,1,I,M,0.96,0.34
V391,391,2643,0.001523888,0.001523888,0,nonsyn,a,1.11E-05,0.007287085,0,K,E,0.68,0.26
V392,392,2644,0.003166723,0.003166723,0,nonsyn,a,1.11E-05,0.003506685,0,K,R,0.77,0.1
V393,393,2645,0.011788489,0.019365074,0.01875,syn,a,1.11E-05,0.00057344,0,K,K,0.68,0.06
V394,394,2646,0.001572232,0.001572232,0,nonsyn,g,5.48E-05,0.034844279,0,A,T,0.59,0.32
V395,395,2647,0.000371981,0.000371981,0,nonsyn,c,2.41E-05,0.06488443,0,A,V,0.01,0.34
V396,396,2648,0.005740242,0.011882612,0.01875,syn,a,1.11E-05,0.000934534,0,A,A,0.58,0.63
V397,397,2649,0.006177472,0.02043543,0.01875,syn,t,1.11E-05,0.000541305,0,L,L,0.37,0.84
V398,398,2650,0.001169691,0.001169691,0,nonsyn,t,1.11E-05,0.009457026,0,L,S,0.48,0.81
V399,399,2651,0.005815546,0.069763447,0.06875,syn,a,1.11E-05,0.000159176,0,L,L,1.06,0.18
V400,400,2652,0.01202833,0.112119657,0.18125,nonsyn,g,5.48E-05,0.000488615,0,V,I,0.65,0.68
V401,401,2653,0.001621244,0.001621244,0.0375,nonsyn,t,1.11E-05,0.006823033,0,V,A,0.45,0.71
V402,402,2654,0.013294103,0.013197066,0.06875,syn,a,1.11E-05,0.000841452,0,V,V,1.02,0.66
V403,403,2655,0.002744821,0.002744821,0,nonsyn,g,5.48E-05,0.019958786,0,E,K,0.35,0.06
V404,404,2656,0.001227015,0.001227015,0,nonsyn,a,1.11E-05,0.009050172,0,E,G,0.35,0.03
V405,405,2657,0.013177401,0.039845803,0.0375,syn,a,1.11E-05,0.000278692,0,E,E,0.35,0.03
V406,406,2658,0.002677237,0.002677237,0,nonsyn,a,1.11E-05,0.004147821,0,I,V,0.27,0.07
V407,407,2659,0.002617579,0.002617579,0,nonsyn,t,1.11E-05,0.004225966,0,I,T,0.1,0.2
V408,408,2660,0.014307265,0.068300531,0.075,syn,t,1.11E-05,0.000161958,0,I,I,0.21,0.19
V409,409,2661,0.001754457,0.001754457,0,nonsyn,t,1.11E-05,0.006304971,0,C,R,0.19,0.35
V410,410,2662,0.000254777,0.000254777,0,nonsyn,g,5.48E-05,0.215024453,0,C,Y,0.31,0.39
V411,411,2663,0.009757141,0.032846546,0.025,syn,t,1.11E-05,0.000336772,0,C,C,0.35,0.94
V412,412,2664,0.00935214,0.067224114,0.08125,nonsyn,a,1.11E-05,0.000165189,0,T,A,0.5,0.66
V413,413,2665,0.001350066,0.0013413,0.00625,nonsyn,c,2.41E-05,0.017994336,0,T,I,0.09,0.65
V414,414,2666,0.007834619,0.007784073,0.00625,syn,a,1.11E-05,0.001426592,0,T,T,0.54,0.4
V415,415,2667,0.000120948,0.000119417,0.0125,nonsyn,g,5.48E-05,0.458755354,0,E,K,0.71,0.47
V416,416,2668,0.000652896,0.001220006,0.0125,nonsyn,a,1.11E-05,0.009102169,0,E,G,0.75,0.44
V417,417,2669,0.011146497,0.042791331,0.075,syn,a,1.11E-05,0.000259508,0,E,E,0.48,0.39
V418,418,2670,0.002234192,0.00183546,0.23125,res,a,1.11E-05,0.006050091,0,M,V,0.49,0.47
V419,419,2671,0.001388629,0.001388629,0,res,t,1.11E-05,0.007965988,0,M,T,0.2,0.56
V420,420,2672,0.000573679,0.000573679,0,res,g,5.48E-05,0.095494695,0,M,I,0.52,0.42
V421,421,2673,0.005233958,0.005233958,0,nonsyn,g,5.48E-05,0.010466898,0,E,K,0.73,0.36
V422,422,2674,0.003346246,0.003346246,0,nonsyn,a,1.11E-05,0.003318555,0,E,G,0.83,0.24
V423,423,2675,0.015025923,0.065901901,0.0625,syn,a,1.11E-05,0.000168503,0,E,E,0.71,0.05
V424,424,2676,0.007193917,0.018958267,0.03125,nonsyn,a,1.11E-05,0.000585744,0,K,E,0.79,0.04
V425,425,2677,0.00895773,0.00895773,0,nonsyn,a,1.11E-05,0.001239678,0,K,R,0.72,0.05
V426,426,2678,0.01485157,0.045114736,0.05625,syn,g,5.48E-05,0.001214311,0,K,K,0.69,0.04
V427,427,2679,0.002022563,0.002022563,0,nonsyn,g,5.48E-05,0.027086083,0,E,K,0.65,0.05
V428,428,2680,0.003718475,0.003695089,0.00625,nonsyn,a,1.11E-05,0.003005259,0,E,G,0.66,0.08
V429,429,2681,0.007134108,0.016330755,0.025,syn,a,1.11E-05,0.000679987,0,E,E,0.65,0.1
V430,430,2682,0.001319994,0.001319994,0,nonsyn,g,5.48E-05,0.041502701,0,G,R,0.52,0.16
V431,431,2683,0.002574139,0.002574139,0,nonsyn,g,5.48E-05,0.021282182,0,G,E,0.55,0.16
V432,432,2684,0.070155371,0.466358934,0.525,syn,g,5.48E-05,0.00011747,0,G,G,0.71,0.02
V433,433,2685,0.002330041,0.002330041,0,nonsyn,a,1.11E-05,0.004765882,0,K,E,0.67,0.02
V434,434,2686,0.003607294,0.003607294,0,nonsyn,a,1.11E-05,0.003078402,0,K,R,0.46,0.02
V435,435,2687,0.009788472,0.046665782,0.04375,syn,a,1.11E-05,0.000237962,0,K,K,0.45,0.04
V436,436,2688,0.002729645,0.002729645,0,nonsyn,a,1.11E-05,0.004068184,0,I,V,0.32,0.5
V437,437,2689,0.00167839,0.00167839,0,nonsyn,t,1.11E-05,0.006590719,0,I,T,0.13,0.88
V438,438,2690,0.00233419,0.031916777,0.03125,syn,t,1.11E-05,0.000346583,0,I,I,0.12,0.93
V439,439,2691,0.002622344,0.00258915,0.025,nonsyn,t,1.11E-05,0.004272368,0,S,P,0.19,0.62
V440,440,2692,0,0,0.0125,nonsyn,c,2.41E-05,1,1,S,L,0.19,0.24
V441,441,2693,0.002347771,0.008425312,0.00625,syn,a,1.11E-05,0.001318016,0,S,S,1.46,0.09
V442,442,2694,0.000681373,0.000681373,0,nonsyn,a,1.11E-05,0.016297533,0,K,E,0.94,0.05
V443,443,2695,0.00431633,0.062934388,0.08125,nonsyn,a,1.11E-05,0.000176449,0,K,R,0.57,0.09
V444,444,2696,0.006099637,0.021206696,0.01875,syn,a,1.11E-05,0.000523641,0,K,K,0.65,0.28
V445,445,2697,0.001718149,0.014354628,0.0125,nonsyn,a,1.11E-05,0.000773597,0,I,V,1.1,0.33
V446,446,2698,0.001037626,0.001037626,0,nonsyn,t,1.11E-05,0.010660677,0,I,T,0.13,0.6
V447,447,2699,0.003537826,0.003448261,0.025,syn,t,1.11E-05,0.003207936,0,I,I,0.04,0.4
V448,448,2700,0.000222469,0.000222469,0,nonsyn,g,5.48E-05,0.246250934,0,G,R,0.04,0.57
V449,449,2701,0.000532258,0.000532258,0,nonsyn,g,5.48E-05,0.1029262,0,G,E,0.12,0.67
V450,450,2702,0.014017892,0.044683018,0.04375,syn,g,5.48E-05,0.001226043,0,G,G,0.06,0.66
V451,451,2703,0.000484414,0.000484414,0,nonsyn,c,2.41E-05,0.049824739,0,P,S,0.19,0.74
V452,452,2704,0.002194398,0.002194398,0,nonsyn,c,2.41E-05,0.010998827,0,P,L,0.01,0.97
V453,453,2705,0.006005313,0.01221778,0.00625,syn,t,1.11E-05,0.000905385,0,P,P,0.03,0.97
V454,454,2706,0.001956672,0.001956672,0,nonsyn,g,5.48E-05,0.02799821,0,E,K,0.38,0.97
V455,455,2707,0.004795315,0.004795315,0,nonsyn,a,1.11E-05,0.002315739,0,E,G,0.32,0.91
V456,456,2708,0.011812973,0.02409148,0.01875,syn,a,1.11E-05,0.000460939,0,E,E,0.29,0.91
V457,457,2709,0.00258009,0.002749968,0.00625,nonsyn,a,1.11E-05,0.004038119,0,N,D,0.28,0.91
V458,458,2710,0.005550658,0.005550658,0,nonsyn,a,1.11E-05,0.00200061,0,N,S,0.34,0.91
V459,459,2711,0.008852581,0.073380866,0.075,syn,t,1.11E-05,0.000150745,0,N,N,0.13,0.91
V460,460,2712,0.000126502,0.000126502,0,nonsyn,c,2.41E-05,0.190793499,0,P,S,0.07,0.94
V461,461,2713,0.000376798,0.000376798,0,nonsyn,c,2.41E-05,0.064055072,0,P,L,0.09,0.98
V462,462,2714,0.004979058,0.016956346,0.04375,syn,a,1.11E-05,0.000654899,0,P,P,0.7,0.98
V463,463,2715,0.001627289,0.001627289,0,nonsyn,t,1.11E-05,0.006797686,0,Y,H,0.41,0.88
V464,464,2716,0.004600933,0.004600933,0,nonsyn,a,1.11E-05,0.002413576,0,Y,C,1.06,0.21
V465,465,2717,0.015047809,0.091293103,0.0875,syn,c,2.41E-05,0.000264377,0,Y,Y,0,0.09
V466,466,2718,0.002388685,0.002388685,0,nonsyn,a,1.11E-05,0.004648875,0,N,D,0.41,0.09
V467,467,2719,0.003268587,0.003268587,0,nonsyn,a,1.11E-05,0.003397401,0,N,S,0.47,0.08
V468,468,2720,0.005870252,0.018189115,0.0125,syn,t,1.11E-05,0.000608155,0,N,N,0.44,0.08
V469,469,2721,0.001456707,0.001456707,0,nonsyn,a,1.11E-05,0.007623153,0,T,A,0.41,0.08
V470,470,2722,0.000628931,0.000628931,0,nonsyn,c,2.41E-05,0.038375922,0,T,I,0.02,0.08
V471,471,2723,0.008536407,0.014733054,0.00625,syn,t,1.11E-05,0.000750815,0,T,T,0.05,0.07
V472,472,2724,0.000174703,0.000174703,0,nonsyn,c,2.41E-05,0.138153319,0,P,S,0.01,0.06
V473,473,2725,0.000386335,0.000386335,0,nonsyn,c,2.41E-05,0.062473744,0,P,L,0.2,0.06
V474,474,2726,0.00411593,0.010340206,0.00625,syn,a,1.11E-05,0.001073934,0,P,P,0.25,0.06
V475,475,2727,0.016607282,0.110192666,0.1125,nonsyn,g,5.48E-05,0.000497159,0,V,I,0.09,0.03
V476,476,2728,0.002398696,0.002398696,0,nonsyn,t,1.11E-05,0.004611589,0,V,A,0.09,0.82
V477,477,2729,0.012530685,0.044259807,0.04375,syn,a,1.11E-05,0.000250898,0,V,V,0.04,0.82
V478,478,2730,0.002327019,0.002327019,0,nonsyn,t,1.11E-05,0.004753635,0,F,L,0,0.93
V479,479,2731,0.00227368,0.00227368,0,nonsyn,t,1.11E-05,0.004865152,0,F,S,0.22,0.21
V480,480,2732,0.008379423,0.008379423,0,syn,t,1.11E-05,0.001320115,0,F,F,0.07,0.16
V481,481,2733,0.001119598,0.001119598,0,res,g,5.48E-05,0.04893123,0,A,T,0.09,0.01
V482,482,2734,0.005134016,0.010504732,0.00625,res,c,2.41E-05,0.002297612,0,A,V,0.04,0.01
V483,483,2735,0.032852224,0.118794424,0.13125,res,c,2.41E-05,0.000203173,0,A,A,0.05,0.01
V484,484,2736,0.003586022,0.003586022,0,nonsyn,a,1.11E-05,0.003096663,0,I,V,0.75,0.73
V485,485,2737,0.000240385,0.000240385,0,nonsyn,t,1.11E-05,0.046017088,0,I,T,0.59,0.8
V486,486,2738,0.000496767,0.000496767,0,nonsyn,a,1.11E-05,0.02235393,0,I,M,0.8,0.89
V487,487,2739,0.002502396,0.002502396,0.00625,nonsyn,a,1.11E-05,0.004437628,0,K,E,0.54,0.15
V488,488,2740,0.006549634,0.034663947,0.03125,nonsyn,a,1.11E-05,0.000320353,0,K,R,0.66,0.16
V489,489,2741,0.001326165,0.007343465,0.0125,syn,g,5.48E-05,0.007460143,0,K,K,0.22,0.08
V490,490,2742,0.00497241,0.00497241,0,res,a,1.11E-05,0.002233263,0,K,E,0.76,0.04
V491,491,2743,0.001268523,0.001268523,0,res,a,1.11E-05,0.008754038,0,K,R,0.46,0.01
V492,492,2744,0.012144825,0.043015299,0.03125,res,a,1.11E-05,0.000258157,0,K,K,0.61,0
V493,493,2745,0.004974555,0.004974555,0,nonsyn,a,1.11E-05,0.0022323,0,K,E,0.54,0
V494,494,2746,0.002952404,0.002952404,0,nonsyn,a,1.11E-05,0.00376124,0,K,R,0.77,0
V495,495,2747,0.041710436,0.168507084,0.175,syn,a,1.11E-05,6.59E-05,0,K,K,1.74,0
V496,496,2748,0.012853819,0.117300916,0.13125,res,g,5.48E-05,0.000467032,0,D,N,0.25,0.01
V497,497,2749,0.008117636,0.014958204,0.00625,res,a,1.11E-05,0.000742382,0,D,G,0.22,0.01
V498,498,2750,0.012778937,0.069870476,0.06875,res,c,2.41E-05,0.000345436,0,D,D,0.08,0.01
V499,499,2751,0.004552311,0.028611155,0.03125,nonsyn,a,1.11E-05,0.000388125,0,S,G,0.17,0.08
V500,500,2752,0.004347265,0.004319036,0.00625,nonsyn,g,5.48E-05,0.012684149,0,S,N,0.09,0.08
V501,501,2753,0.0057576,0.038069618,0.05,syn,t,1.11E-05,0.000290568,0,S,S,0.05,0.09
V502,502,2754,0.001552396,0.002344332,0.04375,nonsyn,a,1.11E-05,0.004736828,0,T,A,0.09,0.32
V503,503,2755,0.001256637,0.001151917,0.09375,nonsyn,c,2.41E-05,0.020952725,0,T,I,0.01,0.46
V504,504,2756,0.009238035,0.021411197,0.025,syn,t,1.11E-05,0.000516636,0,T,T,0.56,0.51
V505,505,2757,0.00157563,0.001564129,0.00625,res,a,1.11E-05,0.007099605,0,K,E,0.65,0.46
V506,506,2758,0.024860039,0.186554421,0.18125,res,a,1.11E-05,5.95E-05,0,K,R,1.24,0.39
V507,507,2759,0.016506698,0.059504205,0.05625,res,a,1.11E-05,0.00018662,0,K,K,1.53,0.25
V508,508,2760,0.002872173,0.002872173,0,nonsyn,t,1.11E-05,0.00385137,0,W,R,0.36,0.29
V509,509,2761,0,0,0,stop,g,5.48E-05,1,1,W,*,0.04,0.28
V510,510,2762,0,0,0,stop,g,5.48E-05,1,1,W,*,0.09,0.27
V511,511,2763,0.003914207,0.003914207,0,nonsyn,a,1.11E-05,0.002837024,0,R,G,0.38,0.22
V512,512,2764,0.003295486,0.003295486,0,nonsyn,g,5.48E-05,0.016623739,0,R,K,0.09,0.2
V513,513,2765,0.00797963,0.039752662,0.0375,syn,a,1.11E-05,0.000279345,0,R,R,0.68,0.17
V514,514,2766,0.003015539,0.003015539,0,nonsyn,a,1.11E-05,0.003682493,0,K,E,0.83,0.38
V515,515,2767,0.002513729,0.002513729,0,nonsyn,a,1.11E-05,0.004417619,0,K,R,0.57,0.43
V516,516,2768,0.013595397,0.062496708,0.05,syn,a,1.11E-05,0.000177685,0,K,K,0.29,0.43
V517,517,2769,0.015168356,0.055259321,0.04375,syn,t,1.11E-05,0.00020018,0,L,L,0.18,0.85
V518,518,2770,0.001079015,0.001079015,0,nonsyn,t,1.11E-05,0.010251754,0,L,S,0.58,0.68
V519,519,2771,0.006486118,0.016659373,0.0125,syn,a,1.11E-05,0.000666574,0,L,L,1.96,0.49
V520,520,2772,0.000347541,0.006241581,0.00625,res,g,5.48E-05,0.008777151,0,V,I,0.24,0.46
V521,521,2773,0.002478107,0.002478107,0,res,t,1.11E-05,0.00446381,0,V,A,0.12,0.43
V522,522,2774,0.005995767,0.014774986,0.0125,res,a,1.11E-05,0.000751588,0,V,V,0.29,0.37
V523,523,2775,0.000383444,0.000383444,0,nonsyn,g,5.48E-05,0.142871803,0,D,N,0.21,0.51
V524,524,2776,0.00173464,0.00173464,0,nonsyn,a,1.11E-05,0.00640173,0,D,G,0.28,0.73
V525,525,2777,0.017088153,0.050068118,0.04375,syn,t,1.11E-05,0.000220935,0,D,D,0.12,0.95
V526,526,2778,0.0019306,0.0019306,0,res,t,1.11E-05,0.005729722,0,F,L,0.14,0.97
V527,527,2779,0.002320273,0.002320273,0,res,t,1.11E-05,0.004767457,0,F,S,0.17,0.91
V528,528,2780,0.023476017,0.091054083,0.075,res,c,2.41E-05,0.000265071,0,F,F,0.05,0.76
V529,529,2781,0.002843637,0.002843637,0,nonsyn,a,1.11E-05,0.003905105,0,R,G,0.84,0.66
V530,530,2782,0,0,0,nonsyn,g,5.48E-05,1,1,R,K,0.32,0.54
V531,531,2783,0.024626924,0.065989212,0.05,syn,a,1.11E-05,0.000168281,0,R,R,0.5,0.46
V532,532,2784,0.002467141,0.002467141,0,nonsyn,g,5.48E-05,0.022205179,0,E,K,0.5,0.15
V533,533,2785,0.005243677,0.005243677,0,nonsyn,a,1.11E-05,0.002117732,0,E,G,0.56,0.17
V534,534,2786,0.017553604,0.064391092,0.05625,syn,a,1.11E-05,0.000172457,0,E,E,0.5,0.17
V535,535,2787,0,0,0,nonsyn,c,2.41E-05,1,1,L,F,0.04,0.21
V536,536,2788,0.003186291,0.003186291,0,nonsyn,t,1.11E-05,0.003471686,0,L,P,0.21,0.54
V537,537,2789,0.005218191,0.041207282,0.05,syn,t,1.11E-05,0.000268443,0,L,L,0.35,0.49
V538,538,2790,0.001313308,0.001313308,0,nonsyn,a,1.11E-05,0.008455518,0,N,D,0.72,0.13
V539,539,2791,0.003137532,0.003137532,0,nonsyn,a,1.11E-05,0.00353931,0,N,S,0.98,0.14
V540,540,2792,0.005744381,0.043723531,0.05,syn,t,1.11E-05,0.000252994,0,N,N,0.35,0.82
V541,541,2793,0.002125016,0.002125016,0,nonsyn,a,1.11E-05,0.005225703,0,K,E,0.6,0.85
V542,542,2794,0.007175713,0.007175713,0,nonsyn,a,1.11E-05,0.00154754,0,K,R,0.5,0.79
V543,543,2795,0.03922197,0.122125539,0.1,syn,g,5.48E-05,0.000448582,0,K,K,0.62,0.78
V544,544,2796,0.003041274,0.003041274,0,nonsyn,a,1.11E-05,0.003651331,0,R,G,0.45,0.8
V545,545,2797,0.012194763,0.202816877,0.225,nonsyn,g,5.48E-05,0.000270112,0,R,K,0.3,0.85
V546,546,2798,0.009987127,0.028065845,0.03125,syn,a,1.11E-05,0.000395666,0,R,R,0.3,0.59
V547,547,2799,0.002426902,0.002426902,0,nonsyn,a,1.11E-05,0.00457567,0,T,A,0.23,0.75
V548,548,2800,0.001674271,0.001674271,0,nonsyn,c,2.41E-05,0.014415706,0,T,I,0.09,0.83
V549,549,2801,0.010710616,0.028892145,0.01875,syn,t,1.11E-05,0.000382865,0,T,T,0.18,0.8
V550,550,2802,0,0,0,stop,c,2.41E-05,1,1,Q,*,0.09,0.53
V551,551,2803,0.001590022,0.001590022,0,nonsyn,a,1.11E-05,0.006983994,0,Q,R,0.87,0.48
V552,552,2804,0.010461487,0.010461487,0,syn,a,1.11E-05,0.001061484,0,Q,Q,0.73,0.35
V553,553,2805,0.000671311,0.000671311,0,nonsyn,g,5.48E-05,0.081606468,0,D,N,0.37,0.11
V554,554,2806,0.007728235,0.007728235,0,nonsyn,a,1.11E-05,0.0014369,0,D,G,0.38,0.06
V555,555,2807,0.0118289,0.082363454,0.1,syn,c,2.41E-05,0.00029304,0,D,D,0.16,0.12
V556,556,2808,0.006983892,0.006983892,0,nonsyn,t,1.11E-05,0.001583902,0,F,L,0.12,0.22
V557,557,2809,0.001233896,0.001233896,0,nonsyn,t,1.11E-05,0.008964939,0,F,S,0.12,0.22
V558,558,2810,0.024084188,0.105908854,0.1,syn,c,2.41E-05,0.000227892,0,F,F,0.03,0.31
V559,559,2811,0.00159528,0.00159528,0,nonsyn,t,1.11E-05,0.006934082,0,W,R,0.1,0.63
V560,560,2812,0,0,0,stop,g,5.48E-05,1,1,W,*,0.2,0.61
V561,561,2813,0,0,0,stop,g,5.48E-05,1,1,W,*,0.23,0.43
V562,562,2814,0.000237113,0.000237113,0,nonsyn,g,5.48E-05,0.231042788,0,E,K,0.4,0.25
V563,563,2815,0.002283396,0.002283396,0,nonsyn,a,1.11E-05,0.00486324,0,E,G,0.52,0.13
V564,564,2816,0.010799089,0.041741287,0.0375,syn,a,1.11E-05,0.000266036,0,E,E,0.38,0.35
V565,565,2817,0.01044692,0.040908693,0.03125,nonsyn,g,5.48E-05,0.00133916,0,V,I,0.09,0.54
V566,566,2818,0.001704983,0.002040027,0.00625,nonsyn,t,1.11E-05,0.00542238,0,V,A,0.11,0.69
V567,567,2819,0.013223249,0.058638603,0.0625,syn,t,1.11E-05,0.000188644,0,V,V,0.15,0.75
V568,568,2820,0,0,0,stop,c,2.41E-05,1,1,Q,*,0.09,0.7
V569,569,2821,0.003258347,0.003258347,0,nonsyn,a,1.11E-05,0.003408078,0,Q,R,0.62,0.17
V570,570,2822,0.012492055,0.054255387,0.05625,syn,a,1.11E-05,0.000204675,0,Q,Q,0.52,0.13
V571,571,2823,0.013219354,0.043155387,0.03125,syn,t,1.11E-05,0.000256325,0,L,L,0.28,0.37
V572,572,2824,0.000453331,0.000453331,0,nonsyn,t,1.11E-05,0.024401166,0,L,S,0.37,0.73
V573,573,2825,0.011009845,0.019058855,0.0125,syn,a,1.11E-05,0.000582653,0,L,L,0.81,0.62
V574,574,2826,0.000838913,0.000838913,0,nonsyn,g,5.48E-05,0.065302747,0,G,R,0.68,0.16
V575,575,2827,0.000696915,0.000696915,0,nonsyn,g,5.48E-05,0.078608337,0,G,E,0.51,0.13
V576,576,2828,0.031998481,0.062161048,0.04375,syn,a,1.11E-05,0.000178644,0,G,G,0.34,0.11
V577,577,2829,0.004229374,0.004229374,0,nonsyn,a,1.11E-05,0.002625613,0,I,V,0.55,0.12
V578,578,2830,0.000816919,0.001124313,0.00625,nonsyn,t,1.11E-05,0.009838718,0,I,T,0.58,0.49
V579,579,2831,0.000985692,0.000985692,0,nonsyn,a,1.11E-05,0.011265888,0,I,M,0.7,0.45
V580,580,2832,0.001046406,0.001046406,0,nonsyn,c,2.41E-05,0.02306543,0,P,S,0.09,0.28
V581,581,2833,0.001164304,0.001164304,0,nonsyn,c,2.41E-05,0.020729813,0,P,L,0.17,0.25
V582,582,2834,0.008791465,0.014766732,0.03125,syn,a,1.11E-05,0.000752008,0,P,P,0.23,0.09
V583,583,2835,0,0,0,nonsyn,c,2.41E-05,1,1,H,Y,0.03,0.03
V584,584,2836,0.003248697,0.003248697,0,nonsyn,a,1.11E-05,0.003418201,0,H,R,0.21,0.03
V585,585,2837,0.016149234,0.058052294,0.05,syn,t,1.11E-05,0.000190549,0,H,H,0.05,0.12
V586,586,2838,0.000971296,0.000971296,0,nonsyn,c,2.41E-05,0.024849075,0,P,S,0.01,0.18
V587,587,2839,0,0,0,nonsyn,c,2.41E-05,1,1,P,L,0.03,0.13
V588,588,2840,0.040603249,0.317216999,0.35,syn,c,2.41E-05,7.61E-05,0,P,P,0.13,0.08
V589,589,2841,0.000588047,0.000565284,0.0375,nonsyn,g,5.48E-05,0.096912849,0,A,T,0.27,0.03
V590,590,2842,0.000816907,0.000811568,0.00625,nonsyn,c,2.41E-05,0.029739732,0,A,V,0.12,0
V591,591,2843,0.006974778,0.029187125,0.03125,syn,a,1.11E-05,0.000380466,0,A,A,0.6,0.01
V592,592,2844,0,0,0,nonsyn,g,5.48E-05,1,1,G,R,0.55,0.16
V593,593,2845,0.000414747,0.000414747,0,nonsyn,g,5.48E-05,0.132088623,0,G,E,0.25,0.17
V594,594,2846,0.017358088,0.05885015,0.1,syn,g,5.48E-05,0.000930895,0,G,G,0.06,0.09
V595,595,2847,0.006207566,0.037084705,0.0375,res,t,1.11E-05,0.000298285,0,L,L,0.04,0.45
V596,596,2848,0.00129993,0.00129993,0,res,t,1.11E-05,0.008509533,0,L,S,0.37,0.6
V597,597,2849,0.008890043,0.039626094,0.0375,res,a,1.11E-05,0.000280237,0,L,L,0.86,0.29
V598,598,2850,0.015201195,0.017106421,0.0125,res,a,1.11E-05,0.000649154,0,K,E,1.28,0.24
V599,599,2851,0.001279632,0.001279632,0,res,a,1.11E-05,0.00867804,0,K,R,0.49,0.28
V600,600,2852,0.017214881,0.036226441,0.03125,res,a,1.11E-05,0.000306536,0,K,K,0.01,0.33
V601,601,2853,0.002378135,0.002288394,0.0375,nonsyn,a,1.11E-05,0.004852618,0,K,E,0.2,0.33
V602,602,2854,0.023013918,0.033798552,0.0125,nonsyn,a,1.11E-05,0.000328556,0,K,R,1.21,0.24
V603,603,2855,0.00191202,0.00191202,0,syn,g,5.48E-05,0.028652048,0,K,K,0.02,0.74
V604,604,2856,0.004082437,0.004082437,0,res,a,1.11E-05,0.002720115,0,K,E,0.81,0.72
V605,605,2857,0.000661676,0.020658955,0.025,res,a,1.11E-05,0.000537525,0,K,R,0.82,0.47
V606,606,2858,0.004514411,0.019409833,0.0625,res,a,1.11E-05,0.000572117,0,K,K,0.88,0.49
V607,607,2859,0.00102783,0.001021156,0.00625,nonsyn,a,1.11E-05,0.010874633,0,K,E,0.72,0.47
V608,608,2860,0.001659195,0.002056847,0.00625,nonsyn,a,1.11E-05,0.005398894,0,K,R,0.64,0.29
V609,609,2861,0.00579957,0.03031406,0.05625,syn,a,1.11E-05,0.000366322,0,K,K,0.72,0.09
V610,610,2862,0.000572917,0.000572917,0,nonsyn,t,1.11E-05,0.019307869,0,S,P,0.41,0.42
V611,611,2863,0,0,0,nonsyn,c,2.41E-05,1,1,S,L,0.24,0.37
V612,612,2864,0.006359658,0.006359658,0,syn,a,1.11E-05,0.001746116,0,S,S,0.66,0.67
V613,613,2865,0.005729861,0.012778909,0.0125,res,g,5.48E-05,0.004287009,0,V,I,0.7,0.79
V614,614,2866,0.000611432,0.000611432,0,res,t,1.11E-05,0.018091637,0,V,A,0.19,0.77
V615,615,2867,0.007814002,0.047413988,0.04375,res,a,1.11E-05,0.000234207,0,V,V,0.54,0.36
V616,616,2868,0.000632208,0.000977638,0.00625,nonsyn,a,1.11E-05,0.011358708,0,T,A,0.45,0.01
V617,617,2869,0.000914182,0.000914182,0,nonsyn,c,2.41E-05,0.026401524,0,T,I,0.33,0.01
V618,618,2870,0.00537458,0.01434261,0.025,syn,a,1.11E-05,0.000774245,0,T,T,0.82,0.03
V619,619,2871,0.034785871,0.034785871,0,res,g,5.48E-05,0.001574872,0,V,I,0.65,0.04
V620,620,2872,0.002497538,0.002497538,0,res,t,1.11E-05,0.004429082,0,V,A,0.37,0.43
V621,621,2873,0.010660401,0.030806684,0.0375,res,a,1.11E-05,0.000360464,0,V,V,0.31,0.82
V622,622,2874,0.017475877,0.042203299,0.05,syn,c,2.41E-05,0.000571894,0,L,L,0.07,0.86
V623,623,2875,0.002196939,0.002196939,0,nonsyn,t,1.11E-05,0.005035096,0,L,P,0.02,0.87
V624,624,2876,0.037019553,0.130225275,0.1375,syn,g,5.48E-05,0.000420681,0,L,L,0.03,0.28
V625,625,2877,0.001033166,0.001033166,0,nonsyn,g,5.48E-05,0.053024674,0,D,N,0.07,0.18
V626,626,2878,0.001189205,0.001189205,0,nonsyn,a,1.11E-05,0.009337922,0,D,G,0.2,0.79
V627,627,2879,0.008105504,0.008105504,0,syn,t,1.11E-05,0.001364727,0,D,D,0.03,0.87
V628,628,2880,9.25E-05,9.25E-05,0,nonsyn,g,5.48E-05,0.59231704,0,V,M,0.14,0.87
V629,629,2881,0.003423877,0.003423877,0,nonsyn,t,1.11E-05,0.003230782,0,V,A,0.07,0.8
V630,630,2882,0.015798023,0.026513715,0.01875,syn,g,5.48E-05,0.002066225,0,V,V,0.08,0.66
V631,631,2883,0.00216216,0.00216216,0,nonsyn,g,5.48E-05,0.025337306,0,G,S,0.79,0.38
V632,632,2884,0.000990509,0.000990509,0,nonsyn,g,5.48E-05,0.055308256,0,G,D,0.08,0.35
V633,633,2885,0.007890942,0.022674966,0.05,syn,t,1.11E-05,0.000487842,0,G,G,0.08,0.15
V634,634,2886,0.000339605,0.000339605,0,nonsyn,g,5.48E-05,0.161314763,0,D,N,0.32,0.27
V635,635,2887,0.003244264,0.003244264,0,nonsyn,a,1.11E-05,0.003422872,0,D,G,0.35,0.25
V636,636,2888,0.005393192,0.011609484,0.00625,syn,t,1.11E-05,0.000952824,0,D,D,0.11,0.33
V637,637,2889,0.001104902,0.001104902,0,nonsyn,g,5.48E-05,0.049582058,0,A,T,0.28,0.33
V638,638,2890,0.001347709,0.001347709,0,nonsyn,c,2.41E-05,0.017908764,0,A,V,0.1,0.49
V639,639,2891,0.003150127,0.003130439,0.00625,syn,a,1.11E-05,0.00354733,0,A,A,0.44,0.56
V640,640,2892,0.001005939,0.001005939,0,nonsyn,t,1.11E-05,0.010996487,0,Y,H,0.15,0.53
V641,641,2893,0.001756492,0.001756492,0,nonsyn,a,1.11E-05,0.006322089,0,Y,C,0.53,0.21
V642,642,2894,0.012360639,0.087814671,0.08125,syn,t,1.11E-05,0.000125968,0,Y,Y,0.2,0.44
V643,643,2895,0.001513718,0.001513718,0,res,t,1.11E-05,0.007307702,0,F,L,0.35,0.65
V644,644,2896,0.003429585,0.003429585,0,res,t,1.11E-05,0.003225405,0,F,S,0.35,0.65
V645,645,2897,0.026504378,0.093307248,0.0875,res,t,1.11E-05,0.000118552,0,F,F,0.3,0.63
V646,646,2898,0.002416567,0.002416567,0,nonsyn,t,1.11E-05,0.004577485,0,S,P,0.3,0.69
V647,647,2899,0,0,0,nonsyn,c,2.41E-05,1,1,S,L,0.21,0.51
V648,648,2900,0.002314471,0.002314471,0,syn,a,1.11E-05,0.004797944,0,S,S,0.35,0.17
V649,649,2901,0.009241895,0.068502762,0.0625,nonsyn,g,5.48E-05,0.000799724,0,V,I,0.27,0.29
V650,650,2902,0.003367216,0.003367216,0,nonsyn,t,1.11E-05,0.003285147,0,V,A,0.13,0.28
V651,651,2903,0.009656771,0.024491812,0.0375,syn,t,1.11E-05,0.000451653,0,V,V,0.11,0.18
V652,652,2904,0,0.000333333,0.00625,nonsyn,c,2.41E-05,0.0724074,0,P,S,0.05,0.17
V653,653,2905,0.000119048,0.000119048,0,nonsyn,c,2.41E-05,0.20274072,0,P,L,0.02,0.23
V654,654,2906,0.02743812,0.126729204,0.15,syn,c,2.41E-05,0.000190452,0,P,P,0.04,0.66
V655,655,2907,0.016001167,0.033871391,0.025,syn,t,1.11E-05,0.000326582,0,L,L,0.38,0.83
V656,656,2908,0.002370505,0.002370505,0,nonsyn,t,1.11E-05,0.004666432,0,L,S,0.73,0.79
V657,657,2909,0.006202436,0.018782152,0.0125,syn,a,1.11E-05,0.000591237,0,L,L,1.08,0.57
V658,658,2910,0.000880179,0.000857317,0.025,nonsyn,g,5.48E-05,0.063900871,0,D,N,0.54,0.48
V659,659,2911,0.002530339,0.002530339,0,nonsyn,a,1.11E-05,0.004388622,0,D,G,0.9,0.46
V660,660,2912,0.011194446,0.050504248,0.04375,syn,t,1.11E-05,0.000219027,0,D,D,0.39,0.44
V661,661,2913,0.035709861,0.226627293,0.23125,nonsyn,a,1.11E-05,4.90E-05,0,K,E,0.87,0.07
V662,662,2914,0.003822819,0.008815403,0.0375,nonsyn,a,1.11E-05,0.001259693,0,K,R,0.54,0.18
V663,663,2915,0.017683241,0.051216824,0.04375,syn,a,1.11E-05,0.000216817,0,K,K,0.77,0.27
V664,664,2916,0.028416195,0.057704924,0.025,nonsyn,g,5.48E-05,0.00094937,0,D,N,0.75,0.26
V665,665,2917,0.005133145,0.005133145,0,nonsyn,a,1.11E-05,0.002163333,0,D,G,0.52,0.34
V666,666,2918,0.011373367,0.045823634,0.2625,syn,c,2.41E-05,0.000526711,0,D,D,0.11,0.85
V667,667,2919,0.002864114,0.002864114,0,nonsyn,t,1.11E-05,0.003862207,0,F,L,0.28,0.78
V668,668,2920,0.002613659,0.002613659,0,nonsyn,t,1.11E-05,0.004232304,0,F,S,0.4,0.31
V669,669,2921,0.010309811,0.089935846,0.0875,syn,c,2.41E-05,0.000268367,0,F,F,0.21,0.02
V670,670,2922,0.003989146,0.003989146,0,nonsyn,a,1.11E-05,0.002783729,0,R,G,0.7,0.04
V671,671,2923,0.000460087,0.000460087,0,nonsyn,g,5.48E-05,0.119071503,0,R,K,0.33,0.06
V672,672,2924,0.02162115,0.183852163,0.18125,syn,g,5.48E-05,0.000297975,0,R,R,0.24,0.4
V673,673,2925,0.004134389,0.004134389,0,nonsyn,a,1.11E-05,0.002685935,0,K,E,0.28,0.45
V674,674,2926,0.002597309,0.002597309,0,nonsyn,a,1.11E-05,0.004275463,0,K,R,0.32,0.27
V675,675,2927,0.024079272,0.047368336,0.04375,syn,g,5.48E-05,0.001156538,0,K,K,0.38,0.28
V676,676,2928,0.000422297,0.000422297,0,nonsyn,t,1.11E-05,0.026194342,0,Y,H,0.2,0.24
V677,677,2929,0.001034987,0.001034987,0,nonsyn,a,1.11E-05,0.01072931,0,Y,C,0.5,0.1
V678,678,2930,0.027273047,0.118432717,0.10625,syn,t,1.11E-05,9.34E-05,0,Y,Y,0.19,0.02
V679,679,2931,0.003162773,0.003162773,0,nonsyn,a,1.11E-05,0.003511064,0,T,A,0.36,0.04
V680,680,2932,0.000388032,0.000388032,0,nonsyn,c,2.41E-05,0.062200574,0,T,I,0.07,0.1
V681,681,2933,0.006747673,0.006494636,0.0375,syn,t,1.11E-05,0.001703221,0,T,T,0.16,0.12
V682,682,2934,0.000560826,0.000560826,0,nonsyn,g,5.48E-05,0.097683194,0,A,T,0.21,0.1
V683,683,2935,0.002244842,0.002244842,0,nonsyn,c,2.41E-05,0.010751668,0,A,V,0.16,0.03
V684,684,2936,0.002579759,0.002547512,0.0125,syn,a,1.11E-05,0.004359038,0,A,A,0.35,0.2
V685,685,2937,0.003371446,0.003371446,0,nonsyn,t,1.11E-05,0.003281026,0,F,L,0.09,0.26
V686,686,2938,0.001412501,0.001412501,0,nonsyn,t,1.11E-05,0.007831357,0,F,S,0.26,0.21
V687,687,2939,0.028147934,0.092968038,0.08125,syn,t,1.11E-05,0.000118985,0,F,F,0.66,0.09
V688,688,2940,0.000631313,0.000631313,0,nonsyn,a,1.11E-05,0.017589845,0,T,A,0.5,0.19
V689,689,2941,0.000927644,0.000927644,0,nonsyn,c,2.41E-05,0.026018392,0,T,I,0.12,0.23
V690,690,2942,0.015754456,0.054683415,0.06875,syn,c,2.41E-05,0.000441373,0,T,T,0.09,0.09
V691,691,2943,0.004332003,0.004332003,0,nonsyn,a,1.11E-05,0.00256341,0,I,V,0.35,0.36
V692,692,2944,0.001289759,0.001289759,0,nonsyn,t,1.11E-05,0.008576641,0,I,T,0.26,0.51
V693,693,2945,0.003230053,0.004439677,0.0125,nonsyn,a,1.11E-05,0.00250124,0,I,M,0.6,0.29
V694,694,2946,0.000388391,0.000388391,0,nonsyn,c,2.41E-05,0.062142981,0,P,S,0.03,0.4
V695,695,2947,0.002116402,0.002116402,0,nonsyn,c,2.41E-05,0.011404166,0,P,L,0.12,0.45
V696,696,2948,0.015185945,0.05205495,0.05625,syn,t,1.11E-05,0.000212502,0,P,P,0.16,0.47
V697,697,2949,0.003649906,0.003649906,0,nonsyn,a,1.11E-05,0.003042462,0,S,G,0.45,0.22
V698,698,2950,0.001419007,0.001419007,0,nonsyn,g,5.48E-05,0.038606773,0,S,N,0.25,0.74
V699,699,2951,0.00464985,0.053936421,0.05625,syn,t,1.11E-05,0.00020509,0,S,S,0.1,0.86
V700,700,2952,0.022272126,0.140740835,0.15625,nonsyn,a,1.11E-05,7.89E-05,0,I,V,0.78,0.29
V701,701,2953,0.050563587,0.222263393,0.175,nonsyn,t,1.11E-05,4.98E-05,0,I,T,0.5,0.2
V702,702,2954,0.042809849,0.042809849,0.0125,nonsyn,a,1.11E-05,0.000259396,0,I,M,1.34,0.29
V703,703,2955,0.005012709,0.005012709,0,nonsyn,a,1.11E-05,0.002215309,0,N,D,0.85,0.27
V704,704,2956,0.001495707,0.001806632,0.00625,nonsyn,a,1.11E-05,0.006146629,0,N,S,0.85,0.42
V705,705,2957,0.018691736,0.058325362,0.04375,syn,c,2.41E-05,0.000413813,0,N,N,0.2,0.41
V706,706,2958,0.001845354,0.001845354,0,nonsyn,a,1.11E-05,0.006017653,0,N,D,0.99,0.26
V707,707,2959,0.003917009,0.004521304,0.00625,nonsyn,a,1.11E-05,0.002456083,0,N,S,0.69,0.11
V708,708,2960,0.004848567,0.011068263,0.00625,syn,t,1.11E-05,0.000999416,0,N,N,0.4,0.36
V709,709,2961,0.002639778,0.002639778,0,nonsyn,g,5.48E-05,0.020752995,0,E,K,1.02,0.33
V710,710,2962,0.00777581,0.007677382,0.0125,nonsyn,a,1.11E-05,0.001446418,0,E,G,0.8,0.12
V711,711,2963,0.017271176,0.036443265,0.025,syn,g,5.48E-05,0.001503249,0,E,E,0.56,0.06
V712,712,2964,0.003836209,0.006469213,0.0125,nonsyn,a,1.11E-05,0.001716546,0,T,A,0.5,0.11
V713,713,2965,0.000337593,0.000337593,0.01875,nonsyn,c,2.41E-05,0.071493688,0,T,I,0.28,0.09
V714,714,2966,0.006218398,0.018425444,0.03125,syn,a,1.11E-05,0.000602683,0,T,T,0.21,0.11
V715,715,2967,0.00158742,0.00158742,0,nonsyn,c,2.41E-05,0.015204419,0,P,S,0.04,0.12
V716,716,2968,0.000591635,0.000591635,0,nonsyn,c,2.41E-05,0.040795115,0,P,L,0.08,0.14
V717,717,2969,0.003215032,0.019860342,0.0375,syn,a,1.11E-05,0.000559139,0,P,P,0.35,0.37
V718,718,2970,0.000190476,0.000190476,0,nonsyn,g,5.48E-05,0.287612325,0,G,R,0.21,0.56
V719,719,2971,0.000513514,0.000513514,0,nonsyn,g,5.48E-05,0.106683268,0,G,E,0.22,0.59
V720,720,2972,0.022699704,0.091751779,0.0875,syn,g,5.48E-05,0.000597082,0,G,G,0.28,0.42
V721,721,2973,0.03068219,0.108969197,0.09375,nonsyn,a,1.11E-05,0.000101907,0,I,V,0.43,0.49
V722,722,2974,0.003013805,0.012295663,0.0125,nonsyn,t,1.11E-05,0.000899651,0,I,T,0.39,0.51
V723,723,2975,0.006740752,0.039714578,0.05,syn,t,1.11E-05,0.000278532,0,I,I,0.9,0.18
V724,724,2976,0.002950084,0.002950084,0,nonsyn,a,1.11E-05,0.003764198,0,R,G,1.21,0.22
V725,725,2977,0.000555808,0.000555808,0,nonsyn,g,5.48E-05,0.098565219,0,R,K,0.67,0.21
V726,726,2978,0.01902769,0.095332347,0.09375,syn,a,1.11E-05,0.000116484,0,R,R,1.03,0.29
V727,727,2979,0.001743094,0.001743094,0,nonsyn,t,1.11E-05,0.006346072,0,Y,H,0.45,0.52
V728,728,2980,0.001107695,0.001107695,0,nonsyn,a,1.11E-05,0.010025049,0,Y,C,0.98,0.44
V729,729,2981,0.014092525,0.03920326,0.0375,syn,t,1.11E-05,0.000282165,0,Y,Y,0.4,0.1
V730,730,2982,0,0,0,stop,c,2.41E-05,1,1,Q,*,0.46,0.07
V731,731,2983,0.00129592,0.00129592,0,nonsyn,a,1.11E-05,0.008568971,0,Q,R,0.74,0.1
V732,732,2984,0.021359267,0.041257978,0.025,syn,g,5.48E-05,0.001327823,0,Q,Q,0.55,0.09
V733,733,2985,0.002759372,0.002759372,0,nonsyn,t,1.11E-05,0.00400881,0,Y,H,0.3,0.45
V734,734,2986,0.000702821,0.000702821,0,nonsyn,a,1.11E-05,0.015800191,0,Y,C,0.6,0.43
V735,735,2987,0.011660346,0.054566912,0.05,syn,c,2.41E-05,0.000442316,0,Y,Y,0.3,0.18
V736,736,2988,0.001979894,0.001979894,0,nonsyn,a,1.11E-05,0.005608736,0,N,D,0.61,0.11
V737,737,2989,0.001873118,0.001873118,0,nonsyn,a,1.11E-05,0.005928458,0,N,S,0.67,0.11
V738,738,2990,0.005047899,0.026756808,0.025,syn,t,1.11E-05,0.00041342,0,N,N,0.54,0.21
V739,739,2991,0.001214777,0.001214777,0,nonsyn,g,5.48E-05,0.045097406,0,V,M,0.3,0.41
V740,740,2992,0.003653895,0.003653895,0,nonsyn,t,1.11E-05,0.003027399,0,V,A,0.19,0.5
V741,741,2993,0.023690154,0.068900017,0.0625,syn,g,5.48E-05,0.000795113,0,V,V,0.04,0.3
V742,742,2994,0.000591017,0.000591017,0,nonsyn,c,2.41E-05,0.040837774,0,L,F,0,0.5
V743,743,2995,0.008520648,0.008520648,0,nonsyn,t,1.11E-05,0.001298235,0,L,P,0.13,0.55
V744,744,2996,0.014627231,0.091109497,0.18125,syn,t,1.11E-05,0.000121412,0,L,L,0.22,0.12
V745,745,2997,0,0,0,nonsyn,c,2.41E-05,1,1,P,S,0.26,0.52
V746,746,2998,0.000234412,0.000234412,0,nonsyn,c,2.41E-05,0.102963323,0,P,L,0.33,0.56
V747,747,2999,0.012004302,0.026747974,0.0375,syn,a,1.11E-05,0.00041516,0,P,P,0.43,0.66
V748,748,3000,0,0,0,res,c,2.41E-05,1,1,Q,*,0.25,0.27
V749,749,3001,0.004348215,0.004348215,0,res,a,1.11E-05,0.002553853,0,Q,R,0.61,0.23
V750,750,3002,0.013829211,0.108223815,0.125,res,g,5.48E-05,0.000506204,0,Q,Q,0.34,0.08
V751,751,3003,0.000989396,0.000989396,0,nonsyn,g,5.48E-05,0.055370457,0,G,R,0.23,0.25
V752,752,3004,0.001550817,0.001550817,0,nonsyn,g,5.48E-05,0.035325446,0,G,E,0.26,0.93
V753,753,3005,0.011478035,0.023762822,0.01875,syn,a,1.11E-05,0.000467314,0,G,G,0.6,0.92
V754,754,3006,0.002688429,0.003921626,0.00625,nonsyn,t,1.11E-05,0.002820717,0,W,R,0.18,0.94
V755,755,3007,0,0,0,stop,g,5.48E-05,1,1,W,*,0.31,0.86
V756,756,3008,0,0,0,stop,g,5.48E-05,1,1,W,*,0.24,0.82
V757,757,3009,0.003633187,0.003633187,0,nonsyn,a,1.11E-05,0.003056463,0,K,E,0.62,0.58
V758,758,3010,0.004107378,0.004107378,0,nonsyn,a,1.11E-05,0.002703599,0,K,R,0.77,0.37
V759,759,3011,0.010858475,0.056146454,0.075,syn,a,1.11E-05,0.000197781,0,K,K,0.76,0.25
V760,760,3012,0.000178063,0.000178063,0,nonsyn,g,5.48E-05,0.307663013,0,G,R,0.37,0.44
V761,761,3013,0.000960666,0.000960666,0,nonsyn,g,5.48E-05,0.057026374,0,G,E,0.37,0.38
V762,762,3014,0.010246723,0.042338553,0.04375,syn,a,1.11E-05,0.000262283,0,G,G,0.52,0.31
V763,763,3015,0.004606143,0.004606143,0,nonsyn,t,1.11E-05,0.002401532,0,S,P,0.21,0.46
V764,764,3016,0.000895621,0.000895621,0,nonsyn,c,2.41E-05,0.026948684,0,S,L,0.21,0.27
V765,765,3017,0.009106508,0.01576351,0.0125,syn,a,1.11E-05,0.000704456,0,S,S,0.68,0.1
V766,766,3018,0.000572913,0.000572913,0,nonsyn,c,2.41E-05,0.042128234,0,P,S,0.09,0.39
V767,767,3019,0.000524109,0.000524109,0,nonsyn,c,2.41E-05,0.046051106,0,P,L,0.11,0.41
V768,768,3020,0.006379945,0.01259007,0.00625,syn,a,1.11E-05,0.000882021,0,P,P,0.46,0.24
V769,769,3021,0.001745016,0.001668672,0.04375,nonsyn,g,5.48E-05,0.032830478,0,A,T,0.46,0.17
V770,770,3022,0.000462833,0.000462833,0,nonsyn,c,2.41E-05,0.052147956,0,A,V,0.15,0.14
V771,771,3023,0.003804001,0.010109343,0.00625,syn,a,1.11E-05,0.001098459,0,A,A,0.75,0.12
V772,772,3024,0.003759086,0.006899852,0.00625,nonsyn,a,1.11E-05,0.001609411,0,I,V,1.14,0.26
V773,773,3025,0.001941842,0.001941842,0,nonsyn,t,1.11E-05,0.005696551,0,I,T,0.64,0.47
V774,774,3026,0.000646518,0.000638436,0.0125,nonsyn,a,1.11E-05,0.017393589,0,I,M,0.65,0.66
V775,775,3027,0.002259745,0.002259745,0,nonsyn,t,1.11E-05,0.004895154,0,F,L,0.28,0.84
V776,776,3028,0.003724739,0.003724739,0,nonsyn,t,1.11E-05,0.002969819,0,F,S,0.14,0.73
V777,777,3029,0.0234647,0.094846092,0.1,syn,c,2.41E-05,0.000254473,0,F,F,0.05,0.57
V778,778,3030,0,0,0,stop,c,2.41E-05,1,1,Q,*,0.05,0.55
V779,779,3031,0.00097933,0.00097933,0,nonsyn,a,1.11E-05,0.01133908,0,Q,R,0.3,0.53
V780,780,3032,0.007401701,0.053916424,0.075,syn,a,1.11E-05,0.000205961,0,Q,Q,0.33,0.58
V781,781,3033,0.003914787,0.006627172,0.25625,nonsyn,a,1.11E-05,0.001675632,0,S,G,0.15,0.62
V782,782,3034,0.001060803,0.002962617,0.08125,nonsyn,g,5.48E-05,0.018491525,0,S,N,0.27,0.66
V783,783,3035,0.014618247,0.052442267,0.05625,syn,t,1.11E-05,0.000210933,0,S,S,0.18,0.86
V784,784,3036,0.003073994,0.003073994,0,nonsyn,a,1.11E-05,0.003612467,0,S,G,0.34,0.78
V785,785,3037,0.001061571,0.001061571,0,nonsyn,g,5.48E-05,0.051605869,0,S,N,0.22,0.65
V786,786,3038,0.014097554,0.052414921,0.05,syn,c,2.41E-05,0.000460476,0,S,S,0.11,0.47
V787,787,3039,0.002864167,0.002864167,0,nonsyn,a,1.11E-05,0.003877113,0,M,V,0.62,0.55
V788,788,3040,0.003718319,0.003718319,0,nonsyn,t,1.11E-05,0.002974947,0,M,T,0.36,0.63
V789,789,3041,0.002120619,0.002120619,0,nonsyn,g,5.48E-05,0.025833636,0,M,I,0.81,0.65
V790,790,3042,0.003669131,0.003669131,0.0125,nonsyn,a,1.11E-05,0.00302652,0,T,A,0.88,0.66
V791,791,3043,0.004419124,0.034128083,0.04375,nonsyn,c,2.41E-05,0.000707212,0,T,I,0.4,0.49
V792,792,3044,0.006095281,0.012428921,0.01875,syn,a,1.11E-05,0.000893457,0,T,T,1.16,0.43
V793,793,3045,0.003296225,0.003296225,0,nonsyn,a,1.11E-05,0.003368914,0,K,E,0.85,0.42
V794,794,3046,0.013472687,0.051037729,0.0625,nonsyn,a,1.11E-05,0.000217578,0,K,R,0.66,0.35
V795,795,3047,0.020143609,0.031726526,0.0125,syn,a,1.11E-05,0.000350013,0,K,K,0.83,0.3
V796,796,3048,0.000708241,0.000708241,0,nonsyn,a,1.11E-05,0.01567926,0,I,V,0.73,0.4
V797,797,3049,0.003614068,0.003614068,0,nonsyn,t,1.11E-05,0.003060761,0,I,T,0.22,0.63
V798,798,3050,0.026616378,0.057849915,0.06875,syn,c,2.41E-05,0.000417214,0,I,I,0.06,0.56
V799,799,3051,0.010336191,0.018433201,0.0125,syn,t,1.11E-05,0.000600102,0,L,L,0.22,0.71
V800,800,3052,0.001450552,0.001450552,0,nonsyn,t,1.11E-05,0.007625922,0,L,S,0.42,0.67
V801,801,3053,0.006117828,0.018619491,0.0125,syn,a,1.11E-05,0.000596402,0,L,L,0.83,0.88
V802,802,3054,0.0005078,0.0005078,0,nonsyn,g,5.48E-05,0.107883717,0,E,K,0.61,0.76
V803,803,3055,0.002777443,0.002777443,0,nonsyn,a,1.11E-05,0.003998174,0,E,G,0.69,0.39
V804,804,3056,0.012361315,0.054826739,0.14375,syn,g,5.48E-05,0.000999208,0,E,E,0.03,0.2
V805,805,3057,0.00013245,0.00013245,0,nonsyn,c,2.41E-05,0.18222529,0,P,S,0.01,0.17
V806,806,3058,0.000174277,0.000174277,0,nonsyn,c,2.41E-05,0.13849122,0,P,L,0.1,0.22
V807,807,3059,0.019400494,0.045745281,0.06875,syn,t,1.11E-05,0.000241813,0,P,P,0.05,0.58
V808,808,3060,0.008630464,0.008630464,0,nonsyn,t,1.11E-05,0.001281716,0,F,L,0.2,0.78
V809,809,3061,0.003288484,0.003288484,0,nonsyn,t,1.11E-05,0.0033638,0,F,S,1.24,0.62
V810,810,3062,0.012134797,0.044344542,0.05,syn,t,1.11E-05,0.000249451,0,F,F,1.54,0.75
V811,811,3063,0.001265701,0.001265701,0,nonsyn,a,1.11E-05,0.008773558,0,R,G,1.88,0.69
V812,812,3064,0.000689806,0.000689806,0,nonsyn,g,5.48E-05,0.079418435,0,R,K,0.35,0.45
V813,813,3065,0.006415479,0.035541919,0.03125,syn,a,1.11E-05,0.00031244,0,R,R,0.94,0.18
V814,814,3066,0.003400418,0.010830771,0.03125,nonsyn,a,1.11E-05,0.001025292,0,K,E,0.83,0
V815,815,3067,0.01121492,0.017763166,0.00625,nonsyn,a,1.11E-05,0.000625153,0,K,R,0.89,0
V816,816,3068,0.009995214,0.066113331,0.075,syn,a,1.11E-05,0.000167965,0,K,K,0.66,0.3
V817,817,3069,0,0,0.01875,stop,c,2.41E-05,1,1,Q,*,0.17,0.34
V818,818,3070,0.001852097,0.001852097,0,nonsyn,a,1.11E-05,0.005995745,0,Q,R,1.02,0.31
V819,819,3071,0.007892873,0.094702682,0.125,syn,a,1.11E-05,0.000117259,0,Q,Q,1.11,0.51
V820,820,3072,0.001733243,0.001722132,0.00625,nonsyn,a,1.11E-05,0.006448228,0,N,D,1.14,0.61
V821,821,3073,0.004861509,0.004861509,0,nonsyn,a,1.11E-05,0.002284208,0,N,S,0.24,0.55
V822,822,3074,0.008141564,0.059311742,0.05625,syn,t,1.11E-05,0.000186503,0,N,N,0.01,0.16
V823,823,3075,0.001216247,0.001216247,0,nonsyn,c,2.41E-05,0.019844492,0,P,S,0.1,0.04
V824,824,3076,0,0,0,nonsyn,c,2.41E-05,1,1,P,L,0.1,0.02
V825,825,3077,0.003482293,0.003482293,0,syn,a,1.11E-05,0.003188904,0,P,P,1.14,0.02
V826,826,3078,0.001275683,0.011606815,0.01875,nonsyn,g,5.48E-05,0.004719925,0,D,N,2.16,0.02
V827,827,3079,0.006319335,0.006319335,0,nonsyn,a,1.11E-05,0.001757258,0,D,G,0.42,0.14
V828,828,3080,0.021358551,0.059313246,0.23125,syn,c,2.41E-05,0.000406921,0,D,D,0.03,0.76
V829,829,3081,0.006040382,0.011567418,0.05625,nonsyn,a,1.11E-05,0.000959998,0,I,V,0.65,0.89
V830,830,3082,0.000560178,0.000560178,0,nonsyn,t,1.11E-05,0.019746933,0,I,T,0.34,0.83
V831,831,3083,0.007777703,0.086669746,0.1,nonsyn,a,1.11E-05,0.000128127,0,I,M,0.14,0.07
V832,832,3084,0.005704579,0.020631714,0.01875,nonsyn,g,5.48E-05,0.002655296,0,V,I,0.01,0.09
V833,833,3085,0.002302711,0.002302711,0,nonsyn,t,1.11E-05,0.004803815,0,V,A,0,0.71
V834,834,3086,0.019647053,0.049101593,0.1,syn,t,1.11E-05,0.000225284,0,V,V,0.03,0.83
V835,835,3087,0.000798838,0.000798838,0,nonsyn,a,1.11E-05,0.013901065,0,I,V,0.01,0.92
V836,836,3088,0.001858247,0.001858247,0,nonsyn,t,1.11E-05,0.005952815,0,I,T,0.05,0.93
V837,837,3089,0.003563509,0.060446778,0.0875,syn,c,2.41E-05,0.00039929,0,I,I,0.01,0.39
V838,838,3090,0.00201946,0.00201946,0,res,t,1.11E-05,0.005477602,0,Y,H,0,0.4
V839,839,3091,0.002385076,0.002385076,0,res,a,1.11E-05,0.004655911,0,Y,C,0.08,0.4
V840,840,3092,0.011320796,0.056537483,0.05625,res,t,1.11E-05,0.000195654,0,Y,Y,0.05,0.38
V841,841,3093,0,0,0,stop,c,2.41E-05,1,1,Q,*,1.13,0.52
V842,842,3094,0.002169268,0.002169268,0,nonsyn,a,1.11E-05,0.0051191,0,Q,R,0.88,0.47
V843,843,3095,0.007464838,0.040032694,0.0375,syn,a,1.11E-05,0.000277391,0,Q,Q,0.96,0.85
V844,844,3096,0.000670646,0.000670646,0,nonsyn,t,1.11E-05,0.01649425,0,Y,H,0.28,0.98
V845,845,3097,0.000612677,0.000612677,0,nonsyn,a,1.11E-05,0.018124897,0,Y,C,1.09,0.95
V846,846,3098,0.027982682,0.078991691,0.06875,syn,c,2.41E-05,0.000305549,0,Y,Y,0.26,0.01
V847,847,3099,0.03878836,0.36254146,0.40625,res,a,1.11E-05,3.06E-05,0,M,V,0.12,0.08
V848,848,3100,0.001784446,0.001784446,0,res,t,1.11E-05,0.006199011,0,M,T,0.11,0.62
V849,849,3101,0.010005161,0.014500167,0.00625,res,g,5.48E-05,0.003778115,0,M,I,0,0.67
V850,850,3102,0.001106965,0.001106965,0,nonsyn,g,5.48E-05,0.049489658,0,D,N,0.05,0.59
V851,851,3103,0.00253613,0.00253613,0,nonsyn,a,1.11E-05,0.0043786,0,D,G,0.12,0.85
V852,852,3104,0.003751821,0.003751821,0,syn,t,1.11E-05,0.002948382,0,D,D,0.1,0.94
V853,853,3105,0.000981241,0.000981241,0,nonsyn,g,5.48E-05,0.055830628,0,D,N,0.01,0.86
V854,854,3106,0.00317465,0.00317465,0,nonsyn,a,1.11E-05,0.003497929,0,D,G,0.06,0.66
V855,855,3107,0.012146089,0.080176017,0.0875,syn,t,1.11E-05,0.000137969,0,D,D,0.19,0.07
V856,856,3108,0.013473084,0.04489825,0.0375,syn,t,1.11E-05,0.000246375,0,L,L,0.38,0.28
V857,857,3109,0.003991196,0.003991196,0,nonsyn,t,1.11E-05,0.00277155,0,L,S,0.7,0.29
V858,858,3110,0.013180545,0.071873617,0.075,syn,g,5.48E-05,0.000762217,0,L,L,0.97,0.15
V859,859,3111,0.002136402,0.002136402,0,res,t,1.11E-05,0.005177771,0,Y,H,0.1,0.87
V860,860,3112,0.001006388,0.001006388,0,res,a,1.11E-05,0.011034211,0,Y,C,0.69,0.88
V861,861,3113,0.009774911,0.015338817,0.00625,res,t,1.11E-05,0.000721164,0,Y,Y,0.08,0.9
V862,862,3114,0.00320636,0.00320636,0,nonsyn,g,5.48E-05,0.017085821,0,V,I,0.09,0.87
V863,863,3115,0.00187673,0.00187673,0,nonsyn,t,1.11E-05,0.005894188,0,V,A,0.19,0.82
V864,864,3116,0.00679478,0.013716257,0.025,syn,a,1.11E-05,0.000809601,0,V,V,0.75,0.06
V865,865,3117,0.002277787,0.002247618,0.01875,res,g,5.48E-05,0.024373943,0,G,R,0.14,0.05
V866,866,3118,0.006816258,0.006816258,0,res,g,5.48E-05,0.008037152,0,G,E,0.04,0.02
V867,867,3119,0.005320869,0.039095879,0.1,res,a,1.11E-05,0.000284038,0,G,G,0.08,0.02
V868,868,3120,0.005245939,0.005245939,0,nonsyn,t,1.11E-05,0.002108641,0,S,P,0,0.33
V869,869,3121,0.000280638,0.000280638,0,nonsyn,c,2.41E-05,0.086003463,0,S,F,0,0.36
V870,870,3122,0.004385227,0.009495701,0.05625,syn,t,1.11E-05,0.001164927,0,S,S,0.06,0.77
V871,871,3123,0.001363019,0.001602314,0.00625,nonsyn,g,5.48E-05,0.034190109,0,D,N,0.17,0.58
V872,872,3124,0.003915276,0.003915276,0,nonsyn,a,1.11E-05,0.00283625,0,D,G,0.22,0.33
V873,873,3125,0.019436901,0.082712278,0.075,syn,c,2.41E-05,0.000291804,0,D,D,0,0.35
V874,874,3126,0.005843975,0.067038885,0.0625,syn,t,1.11E-05,0.000165006,0,L,L,0.06,0.52
V875,875,3127,0.000818846,0.000818846,0,nonsyn,t,1.11E-05,0.013509011,0,L,S,0.23,0.52
V876,876,3128,0.011264475,0.052076176,0.04375,syn,a,1.11E-05,0.00021324,0,L,L,1.1,0.41
V877,877,3129,0.0037593,0.0037593,0,nonsyn,g,5.48E-05,0.014572738,0,E,K,0.67,0.1
V878,878,3130,0.001627128,0.001627128,0,nonsyn,a,1.11E-05,0.006824723,0,E,G,0.67,0.09
V879,879,3131,0.003235042,0.026252617,0.0375,syn,a,1.11E-05,0.000422994,0,E,E,0.47,0.01
V880,880,3132,0.002240737,0.002240737,0,nonsyn,a,1.11E-05,0.004955825,0,I,V,0.47,0.05
V881,881,3133,0.000817058,0.005276237,0.00625,nonsyn,t,1.11E-05,0.002096532,0,I,T,0.28,0.47
V882,882,3134,0.001815444,0.001815444,0,nonsyn,a,1.11E-05,0.006116794,0,I,M,0.57,0.68
V883,883,3135,0.004374525,0.004374525,0,nonsyn,g,5.48E-05,0.012523257,0,G,R,0.47,0.61
V884,884,3136,0.007312206,0.139697558,0.175,nonsyn,g,5.48E-05,0.000392156,0,G,E,0.03,0.62
V885,885,3137,0.047153331,0.164652564,0.15,syn,g,5.48E-05,0.000332721,0,G,G,0.05,0.58
V886,886,3138,0,0,0.0125,stop,c,2.41E-05,1,1,Q,*,0,0.64
V887,887,3139,0.009140096,0.009140096,0,nonsyn,a,1.11E-05,0.001214943,0,Q,R,0.16,0.61
V888,888,3140,0.033473981,0.133222927,0.15,syn,g,5.48E-05,0.000411215,0,Q,Q,0.2,0.84
V889,889,3141,0.000675021,0.000675021,0,nonsyn,c,2.41E-05,0.035755641,0,H,Y,0.14,0.88
V890,890,3142,0.003111785,0.003111785,0,nonsyn,a,1.11E-05,0.003568595,0,H,R,0.54,0.91
V891,891,3143,0.00982327,0.032494355,0.025,syn,t,1.11E-05,0.000340422,0,H,H,0.34,0.97
V892,892,3144,0.002910809,0.00289215,0.00625,nonsyn,a,1.11E-05,0.0038396,0,R,G,1.29,0.81
V893,893,3145,0.002499774,0.002499774,0,nonsyn,g,5.48E-05,0.021915304,0,R,K,0.71,0.05
V894,894,3146,0.004337882,0.041967512,0.05,syn,a,1.11E-05,0.000264602,0,R,R,0.78,0.05
V895,895,3147,0.055311037,0.191856353,0.2,nonsyn,a,1.11E-05,5.79E-05,0,T,A,0.44,0.03
V896,896,3148,0.024613897,0.041870879,0.06875,nonsyn,c,2.41E-05,0.000576434,0,T,I,0.14,0.05
V897,897,3149,0.002087961,0.002057918,0.0125,syn,a,1.11E-05,0.005396084,0,T,T,0.7,0.16
V898,898,3150,0.002040461,0.002040461,0,nonsyn,a,1.11E-05,0.00544225,0,K,E,0.69,0.24
V899,899,3151,0.003528765,0.003483524,0.0125,nonsyn,a,1.11E-05,0.003187777,0,K,R,0.64,0.16
V900,900,3152,0.008827033,0.052718785,0.05,syn,a,1.11E-05,0.00021064,0,K,K,0.69,0.08
V901,901,3153,0.010865236,0.041428475,0.03125,nonsyn,a,1.11E-05,0.000268045,0,I,V,0.79,0.1
V902,902,3154,0.004164422,0.004164422,0,nonsyn,t,1.11E-05,0.002656263,0,I,T,0.49,0.29
V903,903,3155,0.001753805,0.001753805,0,nonsyn,a,1.11E-05,0.006331774,0,I,M,0.7,0.3
V904,904,3156,0.01426167,0.018983246,0.00625,nonsyn,g,5.48E-05,0.002885876,0,E,K,0.37,0.25
V905,905,3157,0.005241535,0.005353764,0.00625,nonsyn,a,1.11E-05,0.002074186,0,E,G,0.7,0.13
V906,906,3158,0.02566938,0.119704102,0.125,syn,g,5.48E-05,0.000457656,0,E,E,0.35,0.1
V907,907,3159,0.003701645,0.015308196,0.01875,nonsyn,g,5.48E-05,0.003578691,0,E,K,0.31,0.07
V908,908,3160,0.003298274,0.003298274,0,nonsyn,a,1.11E-05,0.003366821,0,E,G,0.37,0.04
V909,909,3161,0.011061062,0.041254028,0.05,syn,a,1.11E-05,0.000269179,0,E,E,0.36,0.08
V910,910,3162,0.007243955,0.058193222,0.05625,syn,c,2.41E-05,0.000414753,0,L,L,0,0.21
V911,911,3163,0.003024189,0.003024189,0,nonsyn,t,1.11E-05,0.003657774,0,L,P,0,0.23
V912,912,3164,0.031502775,0.127575787,0.125,syn,g,5.48E-05,0.000429418,0,L,L,0.16,0.18
V913,913,3165,0.003128687,0.003128687,0,nonsyn,a,1.11E-05,0.003549316,0,R,G,0.07,0.29
V914,914,3166,0.000543981,0.000543981,0,nonsyn,g,5.48E-05,0.100708024,0,R,K,0.3,0.31
V915,915,3167,0.00978523,0.021205116,0.01875,syn,a,1.11E-05,0.00052368,0,R,R,0.63,0.27
V916,916,3168,0,0,0.25,stop,c,2.41E-05,1,1,Q,*,0,0.03
V917,917,3169,0.014274592,0.014153621,0.075,nonsyn,a,1.11E-05,0.000784584,0,Q,R,0.54,0.05
V918,918,3170,0.025729502,0.098946737,0.10625,syn,a,1.11E-05,0.000112229,0,Q,Q,0.49,0.22
V919,919,3171,0.001592769,0.006665596,0.0125,nonsyn,c,2.41E-05,0.003620952,0,H,Y,0.08,0.22
V920,920,3172,0.003323824,0.00330238,0.00625,nonsyn,a,1.11E-05,0.003362636,0,H,R,0.62,0.09
V921,921,3173,0.021627299,0.070098617,0.0625,syn,t,1.11E-05,0.000157803,0,H,H,0.17,0.43
V922,922,3174,0.008646792,0.066842082,0.06875,syn,c,2.41E-05,0.000361087,0,L,L,0.22,0.67
V923,923,3175,0.001590139,0.001590139,0,nonsyn,t,1.11E-05,0.006956501,0,L,P,0.17,0.64
V924,924,3176,0.010852797,0.037442948,0.0375,syn,g,5.48E-05,0.001463114,0,L,L,0.12,0.04
V925,925,3177,0.002808878,0.014657705,0.0125,res,t,1.11E-05,0.000754675,0,L,L,0.22,0.06
V926,926,3178,0.001126114,0.001005189,0.1,res,t,1.11E-05,0.011004698,0,L,S,0.3,0.08
V927,927,3179,0.036004864,0.11883703,0.0875,res,g,5.48E-05,0.000460995,0,L,L,1,0.03
V928,928,3180,0.00514163,0.064784393,0.08125,nonsyn,a,1.11E-05,0.00017141,0,R,G,1.16,0.19
V929,929,3181,0.042106327,0.43545846,0.4875,nonsyn,g,5.48E-05,0.000125806,0,R,K,0.12,0.2
V930,930,3182,0.023019816,0.046921543,0.05625,syn,g,5.48E-05,0.001167551,0,R,R,0,0.14
V931,931,3183,0.002362381,0.002362381,0,nonsyn,t,1.11E-05,0.00468248,0,W,R,0.03,0.99
V932,932,3184,0,0,0,stop,g,5.48E-05,1,1,W,*,0.01,0.94
V933,933,3185,0,0,0,stop,g,5.48E-05,1,1,W,*,0,0.89
V934,934,3186,0.000443262,0.000443262,0,nonsyn,g,5.48E-05,0.123591125,0,G,R,0,0.23
V935,935,3187,0.000973143,0.000973143,0,nonsyn,g,5.48E-05,0.056295195,0,G,E,0.05,0.22
V936,936,3188,0.050846398,0.211643346,0.2,syn,a,1.11E-05,5.25E-05,0,G,G,0.48,0.04
V937,937,3189,0.012051668,0.077678807,0.0625,nonsyn,t,1.11E-05,0.000142404,0,F,L,0.49,0.04
V938,938,3190,0.00131295,0.00131295,0,nonsyn,t,1.11E-05,0.008425152,0,F,S,0.31,0.02
V939,939,3191,0.018219198,0.062232187,0.1,syn,t,1.11E-05,0.00017775,0,F,F,0.71,0.01
V940,940,3192,0.001677538,0.007076987,0.26875,res,a,1.11E-05,0.001569128,0,T,A,1.95,0.01
V941,941,3193,0.003015826,0.01028281,0.26875,res,c,2.41E-05,0.002347199,0,T,I,0.01,0.16
V942,942,3194,0.008502736,0.023002635,0.04375,res,c,2.41E-05,0.001049262,0,T,T,0,0.16
V943,943,3195,0.002212168,0.002212168,0,nonsyn,a,1.11E-05,0.005019827,0,T,A,0.43,0.02
V944,944,3196,0.000258282,0.000258282,0,nonsyn,c,2.41E-05,0.093447502,0,T,I,0,0.07
V945,945,3197,0.002070673,0.00196714,0.05,syn,a,1.11E-05,0.0056451,0,T,T,0.15,0.07
V946,946,3198,0.000235905,0.000235905,0,nonsyn,c,2.41E-05,0.102311656,0,P,S,0.01,0.87
V947,947,3199,0.000421906,0.000421906,0,nonsyn,c,2.41E-05,0.057206517,0,P,L,0.11,0.9
V948,948,3200,0.003576604,0.009042745,0.025,syn,a,1.11E-05,0.001228023,0,P,P,0.62,0.86
V949,949,3201,0,0,0,nonsyn,g,5.48E-05,1,1,D,N,0.55,0.15
V950,950,3202,0.001808199,0.001808199,0,nonsyn,a,1.11E-05,0.006141304,0,D,G,0.54,0.15
V951,951,3203,0.017424256,0.10052964,0.1125,syn,c,2.41E-05,0.000240086,0,D,D,0,0
V952,952,3204,0.007281137,0.007199192,0.075,res,a,1.11E-05,0.001542493,0,K,E,0.68,0
V953,953,3205,0.002429511,0.002429511,0,res,a,1.11E-05,0.004570754,0,K,R,0.65,0
V954,954,3206,0.017173917,0.09018845,0.0875,res,a,1.11E-05,0.000123128,0,K,K,0.56,0
V955,955,3207,0.00282149,0.00282149,0,nonsyn,a,1.11E-05,0.003935757,0,K,E,0.4,0
V956,956,3208,0.002180847,0.002180847,0,nonsyn,a,1.11E-05,0.005091921,0,K,R,0.75,0
V957,957,3209,0.022690314,0.091939097,0.0875,syn,a,1.11E-05,0.000120783,0,K,K,0.53,0
V958,958,3210,0.005685551,0.005685551,0,nonsyn,c,2.41E-05,0.004245112,0,H,Y,0.06,0.48
V959,959,3211,0.002467774,0.002467774,0,nonsyn,a,1.11E-05,0.004499886,0,H,R,0.77,0.68
V960,960,3212,0.00541448,0.015597417,0.01875,syn,t,1.11E-05,0.000709207,0,H,H,0.36,0.95
V961,961,3213,0,0,0,stop,c,2.41E-05,1,1,Q,*,0.1,0.7
V962,962,3214,0.002413925,0.002413925,0,nonsyn,a,1.11E-05,0.004600268,0,Q,R,0.64,0.69
V963,963,3215,0.013474159,0.028232679,0.01875,syn,g,5.48E-05,0.001940422,0,Q,Q,0.5,0.57
V964,964,3216,0.01264941,0.01264941,0,nonsyn,a,1.11E-05,0.000877883,0,K,E,0.72,0.27
V965,965,3217,0.001449841,0.001449841,0,nonsyn,a,1.11E-05,0.007659252,0,K,R,0.95,0.07
V966,966,3218,0.0090279,0.064213411,0.06875,syn,a,1.11E-05,0.000172934,0,K,K,0.84,0.12
V967,967,3219,0.001131708,0.001131708,0,nonsyn,g,5.48E-05,0.04840762,0,E,K,0.5,0.28
V968,968,3220,0.003216534,0.003216534,0,nonsyn,a,1.11E-05,0.003452381,0,E,G,0.3,0.17
V969,969,3221,0.010770085,0.035400609,0.04375,syn,a,1.11E-05,0.000313687,0,E,E,0.32,0.15
V970,970,3222,0,0,0,res,c,2.41E-05,1,1,P,S,0.08,0.15
V971,971,3223,0.000675676,0.000675676,0,res,c,2.41E-05,0.035720984,0,P,L,0,0.03
V972,972,3224,0.024886345,0.130138288,0.15625,res,t,1.11E-05,8.50E-05,0,P,P,0,0.98
V973,973,3225,0,0,0,nonsyn,c,2.41E-05,1,1,P,S,0.07,0.99
V974,974,3226,0.000602297,0.000602297,0,nonsyn,c,2.41E-05,0.040072951,0,P,L,0.04,0.98
V975,975,3227,0.00393951,0.012663127,0.03125,syn,a,1.11E-05,0.000876932,0,P,P,0.06,0.93
V976,976,3228,0.00426138,0.00426138,0,nonsyn,t,1.11E-05,0.002595826,0,F,L,0.12,0.96
V977,977,3229,0.002199688,0.002199688,0,nonsyn,t,1.11E-05,0.005028805,0,F,S,0.03,0.97
V978,978,3230,0.021310234,0.131891407,0.11875,syn,c,2.41E-05,0.000182998,0,F,F,0.02,0.96
V979,979,3231,0.00101383,0.00101383,0,nonsyn,c,2.41E-05,0.023806564,0,L,F,0,0.96
V980,980,3232,0.001638577,0.001606657,0.01875,nonsyn,t,1.11E-05,0.006884979,0,L,P,0.03,0.96
V981,981,3233,0.00924287,0.034484555,0.08125,syn,t,1.11E-05,0.000320775,0,L,L,0.99,0.96
V982,982,3234,0.001311104,0.001631857,0.00625,nonsyn,t,1.11E-05,0.006778656,0,W,R,0.5,0.92
V983,983,3235,0,0,0,stop,g,5.48E-05,1,1,W,*,0.35,0.89
V984,984,3236,0,0,0,stop,g,5.48E-05,1,1,W,*,0.05,0.98