"","num","colMeansTsLehman","TypeOfSite","WTnt","TSmutrate","EstSelCoeff","WTAA","MUTAA"
"V1",1,NA,"nonsyn","c",2.41358e-05,NA,"P","S"
"V2",2,NA,"nonsyn","c",2.41358e-05,NA,"P","L"
"V3",3,NA,"syn","c",2.41358e-05,NA,"P","P"
"V4",4,NA,"nonsyn","a",1.11047e-05,NA,"I","V"
"V5",5,NA,"nonsyn","t",1.10618e-05,NA,"I","T"
"V6",6,NA,"syn","t",1.10618e-05,NA,"I","I"
"V7",7,NA,"nonsyn","a",1.11047e-05,NA,"S","G"
"V8",8,NA,"nonsyn","g",5.47833e-05,NA,"S","N"
"V9",9,NA,"syn","t",1.10618e-05,NA,"S","S"
"V10",10,NA,"nonsyn","c",2.41358e-05,NA,"P","S"
"V11",11,NA,"nonsyn","c",2.41358e-05,NA,"P","L"
"V12",12,NA,"syn","t",1.10618e-05,NA,"P","P"
"V13",13,NA,"nonsyn","a",1.11047e-05,NA,"I","V"
"V14",14,NA,"nonsyn","t",1.10618e-05,NA,"I","T"
"V15",15,NA,"syn","t",1.10618e-05,NA,"I","I"
"V16",16,NA,"nonsyn","g",5.47833e-05,NA,"E","K"
"V17",17,NA,"nonsyn","a",1.11047e-05,NA,"E","G"
"V18",18,NA,"syn","a",1.11047e-05,NA,"E","E"
"V19",19,NA,"nonsyn","a",1.11047e-05,NA,"T","A"
"V20",20,NA,"nonsyn","c",2.41358e-05,NA,"T","I"
"V21",21,NA,"syn","t",1.10618e-05,NA,"T","T"
"V22",22,NA,"nonsyn","g",5.47833e-05,NA,"V","I"
"V23",23,NA,"nonsyn","t",1.10618e-05,NA,"V","A"
"V24",24,NA,"syn","a",1.11047e-05,NA,"V","V"
"V25",25,NA,"nonsyn","c",2.41358e-05,NA,"P","S"
"V26",26,NA,"nonsyn","c",2.41358e-05,NA,"P","L"
"V27",27,NA,"syn","a",1.11047e-05,NA,"P","P"
"V28",28,NA,"nonsyn","g",5.47833e-05,NA,"V","I"
"V29",29,NA,"nonsyn","t",1.10618e-05,NA,"V","A"
"V30",30,NA,"syn","a",1.11047e-05,NA,"V","V"
"V31",31,NA,"nonsyn","a",1.11047e-05,NA,"K","E"
"V32",32,NA,"nonsyn","a",1.11047e-05,NA,"K","R"
"V33",33,NA,"syn","a",1.11047e-05,NA,"K","K"
"V34",34,NA,"syn","t",1.10618e-05,NA,"L","L"
"V35",35,NA,"nonsyn","t",1.10618e-05,NA,"L","S"
"V36",36,NA,"syn","a",1.11047e-05,NA,"L","L"
"V37",37,NA,"nonsyn","a",1.11047e-05,NA,"K","E"
"V38",38,NA,"nonsyn","a",1.11047e-05,NA,"K","R"
"V39",39,NA,"syn","g",5.47833e-05,NA,"K","K"
"V40",40,NA,"nonsyn","c",2.41358e-05,NA,"P","S"
"V41",41,NA,"nonsyn","c",2.41358e-05,NA,"P","L"
"V42",42,NA,"syn","a",1.11047e-05,NA,"P","P"
"V43",43,NA,"nonsyn","g",5.47833e-05,NA,"G","R"
"V44",44,NA,"nonsyn","g",5.47833e-05,NA,"G","E"
"V45",45,NA,"syn","a",1.11047e-05,NA,"G","G"
"V46",46,NA,"nonsyn","a",1.11047e-05,NA,"M","V"
"V47",47,NA,"nonsyn","t",1.10618e-05,NA,"M","T"
"V48",48,NA,"nonsyn","g",5.47833e-05,NA,"M","I"
"V49",49,NA,"nonsyn","g",5.47833e-05,NA,"D","N"
"V50",50,NA,"nonsyn","a",1.11047e-05,NA,"D","G"
"V51",51,NA,"syn","t",1.10618e-05,NA,"D","D"
"V52",52,NA,"nonsyn","g",5.47833e-05,NA,"G","S"
"V53",53,NA,"nonsyn","g",5.47833e-05,NA,"G","D"
"V54",54,NA,"syn","c",2.41358e-05,NA,"G","G"
"V55",55,NA,"nonsyn","c",2.41358e-05,NA,"P","S"
"V56",56,NA,"nonsyn","c",2.41358e-05,NA,"P","L"
"V57",57,NA,"syn","a",1.11047e-05,NA,"P","P"
"V58",58,NA,"nonsyn","a",1.11047e-05,NA,"K","E"
"V59",59,NA,"nonsyn","a",1.11047e-05,NA,"K","R"
"V60",60,NA,"syn","a",1.11047e-05,NA,"K","K"
"V61",61,NA,"nonsyn","g",5.47833e-05,NA,"V","I"
"V62",62,NA,"nonsyn","t",1.10618e-05,NA,"V","A"
"V63",63,NA,"syn","t",1.10618e-05,NA,"V","V"
"V64",64,NA,"nonsyn","a",1.11047e-05,NA,"K","E"
"V65",65,NA,"nonsyn","a",1.11047e-05,NA,"K","R"
"V66",66,NA,"syn","a",1.11047e-05,NA,"K","K"
"V67",67,NA,"stop","c",2.41358e-05,NA,"Q","*"
"V68",68,NA,"nonsyn","a",1.11047e-05,NA,"Q","R"
"V69",69,NA,"syn","a",1.11047e-05,NA,"Q","Q"
"V70",70,NA,"nonsyn","t",1.10618e-05,NA,"W","R"
"V71",71,NA,"stop","g",5.47833e-05,NA,"W","*"
"V72",72,NA,"stop","g",5.47833e-05,NA,"W","*"
"V73",73,NA,"nonsyn","c",2.41358e-05,NA,"P","S"
"V74",74,NA,"nonsyn","c",2.41358e-05,NA,"P","L"
"V75",75,NA,"syn","a",1.11047e-05,NA,"P","P"
"V76",76,NA,"syn","t",1.10618e-05,NA,"L","L"
"V77",77,NA,"nonsyn","t",1.10618e-05,NA,"L","S"
"V78",78,NA,"syn","g",5.47833e-05,NA,"L","L"
"V79",79,NA,"nonsyn","a",1.11047e-05,NA,"T","A"
"V80",80,NA,"nonsyn","c",2.41358e-05,NA,"T","I"
"V81",81,NA,"syn","a",1.11047e-05,NA,"T","T"
"V82",82,NA,"nonsyn","g",5.47833e-05,NA,"E","K"
"V83",83,NA,"nonsyn","a",1.11047e-05,NA,"E","G"
"V84",84,NA,"syn","a",1.11047e-05,NA,"E","E"
"V85",85,NA,"nonsyn","g",5.47833e-05,NA,"E","K"
"V86",86,NA,"nonsyn","a",1.11047e-05,NA,"E","G"
"V87",87,NA,"syn","a",1.11047e-05,NA,"E","E"
"V88",88,NA,"nonsyn","a",1.11047e-05,NA,"K","E"
"V89",89,NA,"nonsyn","a",1.11047e-05,NA,"K","R"
"V90",90,NA,"syn","a",1.11047e-05,NA,"K","K"
"V91",91,NA,"nonsyn","a",1.11047e-05,NA,"I","V"
"V92",92,NA,"nonsyn","t",1.10618e-05,NA,"I","T"
"V93",93,NA,"nonsyn","a",1.11047e-05,NA,"I","M"
"V94",94,NA,"nonsyn","a",1.11047e-05,NA,"K","E"
"V95",95,NA,"nonsyn","a",1.11047e-05,NA,"K","R"
"V96",96,NA,"syn","a",1.11047e-05,NA,"K","K"
"V97",97,NA,"nonsyn","g",5.47833e-05,NA,"A","T"
"V98",98,NA,"nonsyn","c",2.41358e-05,NA,"A","V"
"V99",99,NA,"syn","a",1.11047e-05,NA,"A","A"
"V100",100,NA,"syn","t",1.10618e-05,NA,"L","L"
"V101",101,NA,"nonsyn","t",1.10618e-05,NA,"L","S"
"V102",102,NA,"syn","a",1.11047e-05,NA,"L","L"
"V103",103,NA,"nonsyn","g",5.47833e-05,NA,"V","I"
"V104",104,NA,"nonsyn","t",1.10618e-05,NA,"V","A"
"V105",105,NA,"syn","a",1.11047e-05,NA,"V","V"
"V106",106,NA,"nonsyn","g",5.47833e-05,NA,"E","K"
"V107",107,NA,"nonsyn","a",1.11047e-05,NA,"E","G"
"V108",108,NA,"syn","a",1.11047e-05,NA,"E","E"
"V109",109,NA,"nonsyn","a",1.11047e-05,NA,"I","V"
"V110",110,NA,"nonsyn","t",1.10618e-05,NA,"I","T"
"V111",111,NA,"syn","t",1.10618e-05,NA,"I","I"
"V112",112,NA,"nonsyn","t",1.10618e-05,NA,"C","R"
"V113",113,NA,"nonsyn","g",5.47833e-05,NA,"C","Y"
"V114",114,NA,"syn","t",1.10618e-05,NA,"C","C"
"V115",115,NA,"nonsyn","a",1.11047e-05,NA,"T","A"
"V116",116,NA,"nonsyn","c",2.41358e-05,NA,"T","I"
"V117",117,NA,"syn","a",1.11047e-05,NA,"T","T"
"V118",118,NA,"nonsyn","g",5.47833e-05,NA,"E","K"
"V119",119,NA,"nonsyn","a",1.11047e-05,NA,"E","G"
"V120",120,NA,"syn","a",1.11047e-05,NA,"E","E"
"V121",121,NA,"res","a",1.11047e-05,NA,"M","V"
"V122",122,NA,"res","t",1.10618e-05,NA,"M","T"
"V123",123,NA,"res","g",5.47833e-05,NA,"M","I"
"V124",124,NA,"nonsyn","g",5.47833e-05,NA,"E","K"
"V125",125,NA,"nonsyn","a",1.11047e-05,NA,"E","G"
"V126",126,NA,"syn","a",1.11047e-05,NA,"E","E"
"V127",127,NA,"nonsyn","a",1.11047e-05,NA,"K","E"
"V128",128,NA,"nonsyn","a",1.11047e-05,NA,"K","R"
"V129",129,NA,"syn","g",5.47833e-05,NA,"K","K"
"V130",130,NA,"nonsyn","g",5.47833e-05,NA,"E","K"
"V131",131,NA,"nonsyn","a",1.11047e-05,NA,"E","G"
"V132",132,NA,"syn","a",1.11047e-05,NA,"E","E"
"V133",133,NA,"nonsyn","g",5.47833e-05,NA,"G","R"
"V134",134,NA,"nonsyn","g",5.47833e-05,NA,"G","E"
"V135",135,NA,"syn","g",5.47833e-05,NA,"G","G"
"V136",136,NA,"nonsyn","a",1.11047e-05,NA,"K","E"
"V137",137,NA,"nonsyn","a",1.11047e-05,NA,"K","R"
"V138",138,NA,"syn","a",1.11047e-05,NA,"K","K"
"V139",139,NA,"nonsyn","a",1.11047e-05,NA,"I","V"
"V140",140,NA,"nonsyn","t",1.10618e-05,NA,"I","T"
"V141",141,NA,"syn","t",1.10618e-05,NA,"I","I"
"V142",142,NA,"nonsyn","t",1.10618e-05,NA,"S","P"
"V143",143,NA,"nonsyn","c",2.41358e-05,NA,"S","L"
"V144",144,NA,"syn","a",1.11047e-05,NA,"S","S"
"V145",145,NA,"nonsyn","a",1.11047e-05,NA,"K","E"
"V146",146,NA,"nonsyn","a",1.11047e-05,NA,"K","R"
"V147",147,NA,"syn","a",1.11047e-05,NA,"K","K"
"V148",148,0,"nonsyn","a",1.11047e-05,1,"I","V"
"V149",149,0,"nonsyn","t",1.10618e-05,1,"I","T"
"V150",150,0,"syn","t",1.10618e-05,1,"I","I"
"V151",151,0,"nonsyn","g",5.47833e-05,1,"G","R"
"V152",152,0,"nonsyn","g",5.47833e-05,1,"G","E"
"V153",153,0,"syn","g",5.47833e-05,1,"G","G"
"V154",154,0.000230414746543779,"nonsyn","c",2.41358e-05,0.104749372,"P","S"
"V155",155,0.000496277915632755,"nonsyn","c",2.41358e-05,0.048633637,"P","L"
"V156",156,0.000686341798215513,"syn","t",1.10618e-05,0.0161170426,"P","P"
"V157",157,8.4724222655257e-05,"nonsyn","g",5.47833e-05,0.646607289900001,"E","K"
"V158",158,0,"nonsyn","a",1.11047e-05,1,"E","G"
"V159",159,0,"syn","a",1.11047e-05,1,"E","E"
"V160",160,0,"nonsyn","a",1.11047e-05,1,"N","D"
"V161",161,0,"nonsyn","a",1.11047e-05,1,"N","S"
"V162",162,0.00092713694348916,"syn","t",1.10618e-05,0.0119311392752513,"N","N"
"V163",163,0.000399195385990731,"nonsyn","c",2.41358e-05,0.0604611196597357,"P","S"
"V164",164,8.60835686751458e-05,"nonsyn","c",2.41358e-05,0.280376387404215,"P","L"
"V165",165,2.40096038415366e-05,"syn","a",1.11047e-05,0.462510755,"P","P"
"V166",166,2.85828617161151e-05,"nonsyn","t",1.10618e-05,0.387008134799999,"Y","H"
"V167",167,2.85828617161151e-05,"nonsyn","a",1.11047e-05,0.388509034199999,"Y","C"
"V168",168,0.182971451251736,"syn","c",2.41358e-05,0.000131910196016282,"Y","Y"
"V169",169,2.85686926780624e-05,"nonsyn","a",1.11047e-05,0.388701720626061,"N","D"
"V170",170,0.000773019124187758,"nonsyn","a",1.11047e-05,0.0143653625797009,"N","S"
"V171",171,0.122731914063044,"syn","t",1.10618e-05,9.01297766310222e-05,"N","N"
"V172",172,0.000133679135333292,"nonsyn","a",1.11047e-05,0.0830698072089824,"T","A"
"V173",173,0.000412301426262583,"nonsyn","c",2.41358e-05,0.0585392105450264,"T","I"
"V174",174,0.0288044801982834,"syn","t",1.10618e-05,0.000384030537050247,"T","T"
"V175",175,0.000212720210095161,"nonsyn","c",2.41358e-05,0.113462655895285,"P","S"
"V176",176,0.000295436337224901,"nonsyn","c",2.41358e-05,0.0816954347143379,"P","L"
"V177",177,0.000813567702657198,"syn","a",1.11047e-05,0.013649386478508,"P","P"
"V178",178,0.768810187470951,"nonsyn","g",5.47833e-05,7.12572503496775e-05,"V","I"
"V179",179,0.000200431563012933,"nonsyn","t",1.10618e-05,0.0551899103799647,"V","A"
"V180",180,0.0297623991759375,"syn","a",1.11047e-05,0.000373111721751854,"V","V"
"V181",181,0.000894584407929633,"nonsyn","t",1.10618e-05,0.0123652948810059,"F","L"
"V182",182,0.000644756143090107,"nonsyn","t",1.10618e-05,0.0171565639483238,"F","S"
"V183",183,0.00117481506799013,"syn","t",1.10618e-05,0.00941577981198736,"F","F"
"V184",184,0.000935135501562404,"res","g",5.47833e-05,0.0585832747323455,"A","T"
"V185",185,0.029335659072477,"res","c",2.41358e-05,0.000822746130924477,"A","V"
"V186",186,0.734663652495188,"res","c",2.41358e-05,3.2852857110905e-05,"A","A"
"V187",187,0.000918717790312956,"nonsyn","a",1.11047e-05,0.012087172053365,"I","V"
"V188",188,0.000340337790360008,"nonsyn","t",1.10618e-05,0.0325024146989345,"I","T"
"V189",189,0.000421418152620132,"nonsyn","a",1.11047e-05,0.0263507870530907,"I","M"
"V190",190,0.000528411151538188,"nonsyn","a",1.11047e-05,0.0210152642836446,"K","E"
"V191",191,0.00326618785530274,"nonsyn","a",1.11047e-05,0.00339989629866856,"K","R"
"V192",192,0.052901619394692,"syn","g",5.47833e-05,0.00103556943297461,"K","K"
"V193",193,0.0026697571625503,"res","a",1.11047e-05,0.00415944197313893,"K","E"
"V194",194,0.0183068095162659,"res","a",1.11047e-05,0.000606588493212501,"K","R"
"V195",195,0.0758372385961066,"res","a",1.11047e-05,0.000146428063647482,"K","K"
"V196",196,0.0102736133518287,"nonsyn","a",1.11047e-05,0.00108089526242716,"K","E"
"V197",197,0.0186773732682281,"nonsyn","a",1.11047e-05,0.000594553625958211,"K","R"
"V198",198,0.229349023813121,"syn","a",1.11047e-05,4.84183443006427e-05,"K","K"
"V199",199,0.0099882512554767,"res","g",5.47833e-05,0.0054847739207563,"D","N"
"V200",200,0.00395794783823388,"res","a",1.11047e-05,0.00280567113409841,"D","G"
"V201",201,0.368920008539093,"res","c",2.41358e-05,6.54228543894291e-05,"D","D"
"V202",202,0.0194445341129677,"nonsyn","a",1.11047e-05,0.000571096223518887,"S","G"
"V203",203,0.000301271250413005,"nonsyn","g",5.47833e-05,0.181840450839232,"S","N"
"V204",204,0.636792789929001,"syn","t",1.10618e-05,1.73711137672167e-05,"S","S"
"V205",205,0.000921797722468804,"nonsyn","a",1.11047e-05,0.0120467861107954,"T","A"
"V206",206,0.000554259620089932,"nonsyn","c",2.41358e-05,0.0435460190949574,"T","I"
"V207",207,0.0802607900456915,"syn","t",1.10618e-05,0.000137823213473262,"T","T"
"V208",208,0.000573793106805891,"res","a",1.11047e-05,0.019353142915599,"K","E"
"V209",209,0.0168178721702314,"res","a",1.11047e-05,0.000660291616418394,"K","R"
"V210",210,0.290510963029296,"res","a",1.11047e-05,3.82247192471018e-05,"K","K"
"V211",211,0.000469421166864045,"nonsyn","t",1.10618e-05,0.0235647661009793,"W","R"
"V212",212,0.000804927210958864,"stop","g",5.47833e-05,0.0680599428794807,"W","*"
"V213",213,0.00108532533877096,"stop","g",5.47833e-05,0.0504763853224299,"W","*"
"V214",214,0.00155483887259197,"nonsyn","a",1.11047e-05,0.00714202622261952,"R","G"
"V215",215,0.00264733606928727,"nonsyn","g",5.47833e-05,0.0206937459265416,"R","K"
"V216",216,0.205066928562811,"syn","a",1.11047e-05,5.41515888389516e-05,"R","R"
"V217",217,0.000790438094506931,"nonsyn","a",1.11047e-05,0.0140487915210198,"K","E"
"V218",218,0.000880299082807406,"nonsyn","a",1.11047e-05,0.0126146899580827,"K","R"
"V219",219,0.0639493024139837,"syn","a",1.11047e-05,0.00017364849311588,"K","K"
"V220",220,0.0476091721142694,"syn","t",1.10618e-05,0.00023234598521163,"L","L"
"V221",221,0.000218425741805394,"nonsyn","t",1.10618e-05,0.0506432983061837,"L","S"
"V222",222,0.0348069180900022,"syn","a",1.11047e-05,0.000319037151502065,"L","L"
"V223",223,0.000575543169185828,"res","g",5.47833e-05,0.0951853882263902,"V","I"
"V224",224,0.00421659708053144,"res","t",1.10618e-05,0.00262339507160258,"V","A"
"V225",225,0.0950614102256614,"res","a",1.11047e-05,0.00011681606630534,"V","V"
"V226",226,0.00061238440469089,"nonsyn","g",5.47833e-05,0.0894590057819201,"D","N"
"V227",227,0.000597840409904832,"nonsyn","a",1.11047e-05,0.0185746895258681,"D","G"
"V228",228,0.0610081163855291,"syn","t",1.10618e-05,0.000181316858401218,"D","D"
"V229",229,0.0006895240032784,"res","t",1.10618e-05,0.0160426612379058,"F","L"
"V230",230,0.00079717001050455,"res","t",1.10618e-05,0.0138763373612094,"F","S"
"V231",231,0.239866952212365,"res","c",2.41358e-05,0.00010062161451333,"F","F"
"V232",232,0.00313848408366024,"nonsyn","a",1.11047e-05,0.00353823683790972,"R","G"
"V233",233,0.000316754022602746,"nonsyn","g",5.47833e-05,0.17295218400022,"R","K"
"V234",234,0.109443877294775,"syn","a",1.11047e-05,0.000101464789757866,"R","R"
"V235",235,0.0113487986510724,"nonsyn","g",5.47833e-05,0.0048272334089585,"E","K"
"V236",236,0.0162869000339341,"nonsyn","a",1.11047e-05,0.000681817901311062,"E","G"
"V237",237,0.561938229313702,"syn","a",1.11047e-05,1.97614246917535e-05,"E","E"
"V238",238,0.000262776076187215,"nonsyn","c",2.41358e-05,0.0918493051201678,"L","F"
"V239",239,0.000230508881006231,"nonsyn","t",1.10618e-05,0.0479886065634972,"L","P"
"V240",240,0.717661971865233,"syn","t",1.10618e-05,1.54136633034211e-05,"L","L"
"V241",241,0.000873274988340392,"nonsyn","a",1.11047e-05,0.0127161548747707,"N","D"
"V242",242,0.00111314301833284,"nonsyn","a",1.11047e-05,0.00997598674843378,"N","S"
"V243",243,0.0173787080309797,"syn","t",1.10618e-05,0.000636514519967823,"N","N"
"V244",244,0.000188932010584039,"nonsyn","a",1.11047e-05,0.0587761701454,"K","E"
"V245",245,0.00904615222852636,"nonsyn","a",1.11047e-05,0.00122756059366127,"K","R"
"V246",246,0.751656344062139,"syn","g",5.47833e-05,7.28834399293929e-05,"K","K"
"V247",247,0.0144706319710412,"nonsyn","a",1.11047e-05,0.000767395648111489,"R","G"
"V248",248,0.0015642622712268,"nonsyn","g",5.47833e-05,0.0350218125231873,"R","K"
"V249",249,0.0374319260836618,"syn","a",1.11047e-05,0.000296663868569855,"R","R"
"V250",250,0.000774992331698291,"nonsyn","a",1.11047e-05,0.0143287869386598,"T","A"
"V251",251,0.000359511650169499,"nonsyn","c",2.41358e-05,0.0671349592944226,"T","I"
"V252",252,0.121760865645943,"syn","t",1.10618e-05,9.08485656809104e-05,"T","T"
"V253",253,0.00036191432887132,"stop","c",2.41358e-05,0.0666892633824994,"Q","*"
"V254",254,0.00520865748019793,"nonsyn","a",1.11047e-05,0.00213196971431073,"Q","R"
"V255",255,0.192609385246132,"syn","a",1.11047e-05,5.76539922278943e-05,"Q","Q"
"V256",256,0.000344325166957232,"nonsyn","g",5.47833e-05,0.159103386151279,"D","N"
"V257",257,0.00197310865232875,"nonsyn","a",1.11047e-05,0.00562802255562244,"D","G"
"V258",258,0.214732465711502,"syn","c",2.41358e-05,0.000112399398572673,"D","D"
"V259",259,0.000664881827435306,"nonsyn","t",1.10618e-05,0.0166372422038807,"F","L"
"V260",260,0.000260801725414597,"nonsyn","t",1.10618e-05,0.0424145966918548,"F","S"
"V261",261,0.541632444339593,"syn","c",2.41358e-05,4.45612153633606e-05,"F","F"
"V262",262,0.000680444628803206,"nonsyn","t",1.10618e-05,0.0162567232244245,"W","R"
"V263",263,0.000287407636089398,"stop","g",5.47833e-05,0.190611845758196,"W","*"
"V264",264,0.000476232659863391,"stop","g",5.47833e-05,0.115034739565562,"W","*"
"V265",265,0.000504990928690903,"nonsyn","g",5.47833e-05,0.108483730870207,"E","K"
"V266",266,0.00372383490358677,"nonsyn","a",1.11047e-05,0.00298206023830542,"E","G"
"V267",267,0.0607921427169565,"syn","a",1.11047e-05,0.000182666698420265,"E","E"
"V268",268,0.0195908953869281,"nonsyn","g",5.47833e-05,0.0027963652971448,"V","I"
"V269",269,0.000857644461843828,"nonsyn","t",1.10618e-05,0.0128978854200475,"V","A"
"V270",270,0.0537868044916091,"syn","t",1.10618e-05,0.00020566010761479,"V","V"
"V271",271,0.000408275074428959,"stop","c",2.41358e-05,0.059116516073772,"Q","*"
"V272",272,0.000946652304144807,"nonsyn","a",1.11047e-05,0.0117304948726997,"Q","R"
"V273",273,0.0788863479351168,"syn","a",1.11047e-05,0.000140768336862717,"Q","Q"
"V274",274,0.161702254007457,"syn","t",1.10618e-05,6.84084465482457e-05,"L","L"
"V275",275,0.000150498012796041,"nonsyn","t",1.10618e-05,0.0735013027380716,"L","S"
"V276",276,0.0671264862836148,"syn","a",1.11047e-05,0.00016542948416936,"L","L"
"V277",277,0.000407729831415985,"nonsyn","g",5.47833e-05,0.134361765509641,"G","R"
"V278",278,0.000698195952534705,"nonsyn","g",5.47833e-05,0.0784640755952777,"G","E"
"V279",279,0.129630994517977,"syn","a",1.11047e-05,8.56639266040658e-05,"G","G"
"V280",280,0.00108200570105262,"nonsyn","a",1.11047e-05,0.0102630697686684,"I","V"
"V281",281,0.000351858901837074,"nonsyn","t",1.10618e-05,0.0314381700796705,"I","T"
"V282",282,0.000763112430623438,"nonsyn","a",1.11047e-05,0.0145518531141313,"I","M"
"V283",283,0.000176886459751079,"nonsyn","c",2.41358e-05,0.13644797930811,"P","S"
"V284",284,0.00020887062066199,"nonsyn","c",2.41358e-05,0.115553829080914,"P","L"
"V285",285,0.551659590934263,"syn","a",1.11047e-05,2.01296237435003e-05,"P","P"
"V286",286,0.000314357473998989,"nonsyn","c",2.41358e-05,0.0767781967864955,"H","Y"
"V287",287,0.00095914816144815,"nonsyn","a",1.11047e-05,0.0115776690675545,"H","R"
"V288",288,0.112199731911494,"syn","t",1.10618e-05,9.85902533949529e-05,"H","H"
"V289",289,0.342265280985288,"nonsyn","c",2.41358e-05,7.0517815685306e-05,"P","S"
"V290",290,0.020547547574633,"nonsyn","c",2.41358e-05,0.00117463166406276,"P","L"
"V291",291,0.635525550211801,"syn","c",2.41358e-05,3.79777020639946e-05,"P","P"
"V292",292,0.000379337794806174,"nonsyn","g",5.47833e-05,0.144418248722071,"A","T"
"V293",293,0.0183708376007108,"nonsyn","c",2.41358e-05,0.00131381053627441,"A","V"
"V294",294,0.428146564865288,"syn","a",1.11047e-05,2.59366789582768e-05,"A","A"
"V295",295,0.228374615686613,"nonsyn","g",5.47833e-05,0.000239883490707988,"G","R"
"V296",296,0.00133678604118537,"nonsyn","g",5.47833e-05,0.0409813525217707,"G","E"
"V297",297,0.349277330757158,"syn","g",5.47833e-05,0.000156847568324121,"G","G"
"V298",298,0.394436173261731,"res","t",1.10618e-05,2.80445880724531e-05,"L","L"
"V299",299,0.00966361148852012,"res","t",1.10618e-05,0.00114468591924881,"L","S"
"V300",300,0.0288713066678036,"res","a",1.11047e-05,0.000384627551768677,"L","L"
"V301",301,0.00441465538974206,"res","a",1.11047e-05,0.00251541717747732,"K","E"
"V302",302,0.0233278290129409,"res","a",1.11047e-05,0.000476028009029034,"K","R"
"V303",303,0.137908918425451,"res","a",1.11047e-05,8.0521986009214e-05,"K","K"
"V304",304,0.00117363715787506,"nonsyn","a",1.11047e-05,0.00946178290750927,"K","E"
"V305",305,0.00492529993264112,"nonsyn","a",1.11047e-05,0.00225462411464661,"K","R"
"V306",306,0.032537750433102,"syn","g",5.47833e-05,0.00168368431347567,"K","K"
"V307",307,0.0315340418266051,"res","a",1.11047e-05,0.000352149593162239,"K","E"
"V308",308,0.0529178690056788,"res","a",1.11047e-05,0.000209847830395595,"K","R"
"V309",309,0.096691496762002,"res","a",1.11047e-05,0.000114846707020508,"K","K"
"V310",310,0.0134458379085675,"nonsyn","a",1.11047e-05,0.000825883821857187,"K","E"
"V311",311,0.0187946047138457,"nonsyn","a",1.11047e-05,0.00059084509459352,"K","R"
"V312",312,0.0954453901241053,"syn","a",1.11047e-05,0.000116346111483864,"K","K"
"V313",313,0.000419361365342195,"nonsyn","t",1.10618e-05,0.0263777279315506,"S","P"
"V314",314,0.000249600158182259,"nonsyn","c",2.41358e-05,0.0966978553850754,"S","L"
"V315",315,0.00150747572507293,"syn","a",1.11047e-05,0.00736642044399276,"S","S"
"V316",316,0.000647721355227698,"res","g",5.47833e-05,0.0845784990070948,"V","I"
"V317",317,0.000412752935947479,"res","t",1.10618e-05,0.0268000516449569,"V","A"
"V318",318,0.0945787778698724,"res","a",1.11047e-05,0.000117412174803935,"V","V"
"V319",319,0.00122062837621217,"nonsyn","a",1.11047e-05,0.009097527319871,"T","A"
"V320",320,0.000501623271041903,"nonsyn","c",2.41358e-05,0.0481153913570805,"T","I"
"V321",321,0.00163434265752985,"syn","a",1.11047e-05,0.00679459717265393,"T","T"
"V322",322,0.00119455729314272,"res","g",5.47833e-05,0.0458607555405503,"V","I"
"V323",323,0.000634944088378646,"res","t",1.10618e-05,0.0174216914567182,"V","A"
"V324",324,0.0409060361678764,"res","a",1.11047e-05,0.000271468493168755,"V","V"
"V325",325,0.0849762596725835,"syn","c",2.41358e-05,0.00028402991721448,"L","L"
"V326",326,0.000386044943225607,"nonsyn","t",1.10618e-05,0.028654176655114,"L","P"
"V327",327,0.524880592528536,"syn","g",5.47833e-05,0.000104372881717896,"L","L"
"V328",328,0.000776601373516495,"nonsyn","g",5.47833e-05,0.0705423681546404,"D","N"
"V329",329,0.00117455598756372,"nonsyn","a",1.11047e-05,0.00945438115984026,"D","G"
"V330",330,0.0098826107802644,"syn","t",1.10618e-05,0.00111931960551259,"D","D"
"V331",331,0.00901840850124606,"nonsyn","g",5.47833e-05,0.00607460839597482,"V","M"
"V332",332,0.00106460272567541,"nonsyn","t",1.10618e-05,0.0103905426251676,"V","A"
"V333",333,0.0459576804706957,"syn","g",5.47833e-05,0.00119203796707999,"V","V"
"V334",334,0.000211033691173958,"nonsyn","g",5.47833e-05,0.259595042361466,"G","S"
"V335",335,0.000133165551154841,"nonsyn","g",5.47833e-05,0.411392432388909,"G","D"
"V336",336,0.000837093668624198,"syn","t",1.10618e-05,0.0132145307205352,"G","G"
"V337",337,0.000298971650730061,"nonsyn","g",5.47833e-05,0.183239112692539,"D","N"
"V338",338,0.0069941545277175,"nonsyn","a",1.11047e-05,0.00158771156055998,"D","G"
"V339",339,0.501178044010719,"syn","t",1.10618e-05,2.20715973738136e-05,"D","D"
"V340",340,0.000758737458044618,"nonsyn","g",5.47833e-05,0.0722032363357741,"A","T"
"V341",341,0.000391856247651168,"nonsyn","c",2.41358e-05,0.0615935056405833,"A","V"
"V342",342,0.00972644457271878,"syn","a",1.11047e-05,0.00114170187440815,"A","A"
"V343",343,0.0009559989551497,"nonsyn","t",1.10618e-05,0.0115709331484236,"Y","H"
"V344",344,0.000305876499396583,"nonsyn","a",1.11047e-05,0.036304521667754,"Y","C"
"V345",345,0.0180387633011506,"syn","t",1.10618e-05,0.000613223856609641,"Y","Y"
"V346",346,0.000637100979121739,"res","t",1.10618e-05,0.0173627107201263,"F","L"
"V347",347,0.00152782303649483,"res","t",1.10618e-05,0.00724023642514142,"F","S"
"V348",348,0.087113114776451,"res","t",1.10618e-05,0.00012698202823291,"F","F"
"V349",349,0.0011727242416232,"nonsyn","t",1.10618e-05,0.00943256701566011,"S","P"
"V350",350,0.000176497147151965,"nonsyn","c",2.41358e-05,0.136748952543799,"S","L"
"V351",351,0.0092119049999798,"syn","a",1.11047e-05,0.00120547270081751,"S","S"
"V352",352,0.019784510589739,"nonsyn","g",5.47833e-05,0.00276899950350112,"V","I"
"V353",353,0.000941611691118614,"nonsyn","t",1.10618e-05,0.0117477300933454,"V","A"
"V354",354,0.131357443094809,"syn","t",1.10618e-05,8.42114442804431e-05,"V","V"
"V355",355,0.10072922979517,"nonsyn","c",2.41358e-05,0.000239610687474524,"P","S"
"V356",356,0.000113951047066552,"nonsyn","c",2.41358e-05,0.211808496905726,"P","L"
"V357",357,0.573398091660588,"syn","c",2.41358e-05,4.2092571201452e-05,"P","P"
"V358",358,0.0440324815301856,"syn","t",1.10618e-05,0.000251219091352297,"L","L"
"V359",359,0.000438031336206947,"nonsyn","t",1.10618e-05,0.0252534444128761,"L","S"
"V360",360,0.0288594575368054,"syn","a",1.11047e-05,0.000384785472347768,"L","L"
"V361",361,0.000782844647545352,"nonsyn","g",5.47833e-05,0.0699797848420829,"D","N"
"V362",362,0.00108035147596909,"nonsyn","a",1.11047e-05,0.010278784494684,"D","G"
"V363",363,0.0302197207782009,"syn","t",1.10618e-05,0.000366045738184962,"D","D"
"V364",364,0.846431403514484,"nonsyn","a",1.11047e-05,1.31194328966198e-05,"K","E"
"V365",365,0.0238725822726127,"nonsyn","a",1.11047e-05,0.000465165430081673,"K","R"
"V366",366,0.0354446282059902,"syn","a",1.11047e-05,0.000313297121794137,"K","K"
"V367",367,0.385336502082482,"nonsyn","g",5.47833e-05,0.000142170024651009,"D","N"
"V368",368,0.306362125326547,"nonsyn","a",1.11047e-05,3.62469740284105e-05,"D","G"
"V369",369,0.190884420742424,"syn","c",2.41358e-05,0.000126441958469562,"D","D"
"V370",370,0.000186342442595022,"nonsyn","t",1.10618e-05,0.0593627508899869,"F","L"
"V371",371,0.000176914830692342,"nonsyn","t",1.10618e-05,0.0625261316799192,"F","S"
"V372",372,0.896532713663704,"syn","c",2.41358e-05,2.69212708383707e-05,"F","F"
"V373",373,0.000360102053541634,"nonsyn","a",1.11047e-05,0.0308376469691976,"R","G"
"V374",374,0.0394184375142701,"nonsyn","g",5.47833e-05,0.00138978872463343,"R","K"
"V375",375,0.870670169766671,"syn","g",5.47833e-05,6.29208417863693e-05,"R","R"
"V376",376,0.000469676648045521,"nonsyn","a",1.11047e-05,0.023643287453635,"K","E"
"V377",377,0.00967229469810298,"nonsyn","a",1.11047e-05,0.00114809363719842,"K","R"
"V378",378,0.453513397329242,"syn","g",5.47833e-05,0.000120797533926497,"K","K"
"V379",379,0.000471398096515884,"nonsyn","t",1.10618e-05,0.0234659411689569,"Y","H"
"V380",380,0.000489538323981795,"nonsyn","a",1.11047e-05,0.0226840258586434,"Y","C"
"V381",381,0.0452543046427786,"syn","t",1.10618e-05,0.000244436415216584,"Y","Y"
"V382",382,0.000691750180121355,"nonsyn","a",1.11047e-05,0.0160530496689598,"T","A"
"V383",383,0.000367970483505521,"nonsyn","c",2.41358e-05,0.0655916740116408,"T","I"
"V384",384,0.058623733369882,"syn","t",1.10618e-05,0.000188691496841499,"T","T"
"V385",385,0.000475495600743923,"nonsyn","g",5.47833e-05,0.11521305331593,"A","T"
"V386",386,0.000262502254767909,"nonsyn","c",2.41358e-05,0.0919451149908773,"A","V"
"V387",387,0.195382194281824,"syn","a",1.11047e-05,5.68357830191135e-05,"A","A"
"V388",388,0.000100398699765161,"nonsyn","t",1.10618e-05,0.110178717711228,"F","L"
"V389",389,0.0150806765603205,"nonsyn","t",1.10618e-05,0.000733508205401425,"F","S"
"V390",390,0.939467420332689,"syn","t",1.10618e-05,1.17745434919741e-05,"F","F"
"V391",391,0.00116864696833242,"nonsyn","a",1.11047e-05,0.00950218526288193,"T","A"
"V392",392,0.000361060479192971,"nonsyn","c",2.41358e-05,0.0668469727120162,"T","I"
"V393",393,0.111341958367154,"syn","c",2.41358e-05,0.000216771829362039,"T","T"
"V394",394,0.00958646941341724,"nonsyn","a",1.11047e-05,0.0011583722349813,"I","V"
"V395",395,0.000795224162023189,"nonsyn","t",1.10618e-05,0.0139102916237566,"I","T"
"V396",396,0.000790601503693179,"nonsyn","a",1.11047e-05,0.0140458877805393,"I","M"
"V397",397,0.000416013508020515,"nonsyn","c",2.41358e-05,0.0580168661225534,"P","S"
"V398",398,0.000306803221114842,"nonsyn","c",2.41358e-05,0.0786686655775545,"P","L"
"V399",399,0.0616734340848044,"syn","t",1.10618e-05,0.000179360857136468,"P","P"
"V400",400,0.000471411678946551,"nonsyn","a",1.11047e-05,0.0235562683232951,"S","G"
"V401",401,0.00920912838012379,"nonsyn","g",5.47833e-05,0.00594880402777744,"S","N"
"V402",402,0.0521732755633799,"syn","t",1.10618e-05,0.000212020423877013,"S","S"
"V403",403,0.0346164282109209,"nonsyn","a",1.11047e-05,0.000320792773082714,"I","V"
"V404",404,0.467332167022287,"nonsyn","t",1.10618e-05,2.3670101868833e-05,"I","T"
"V405",405,0.010029267899884,"nonsyn","a",1.11047e-05,0.0011072293721587,"I","M"
"V406",406,0.00102313175998261,"nonsyn","a",1.11047e-05,0.0108536362903921,"N","D"
"V407",407,0.000782984409990191,"nonsyn","a",1.11047e-05,0.0141825301478724,"N","S"
"V408",408,0.0693195593778361,"syn","c",2.41358e-05,0.00034818167075247,"N","N"
"V409",409,0.000418631448180073,"nonsyn","a",1.11047e-05,0.0265261963674152,"N","D"
"V410",410,0.000885330272315674,"nonsyn","a",1.11047e-05,0.0125430027044647,"N","S"
"V411",411,0.00134705837044696,"syn","t",1.10618e-05,0.00821181935592711,"N","N"
"V412",412,0.00534277163175801,"nonsyn","g",5.47833e-05,0.0102537229318136,"E","K"
"V413",413,0.00162880576839768,"nonsyn","a",1.11047e-05,0.00681769442094013,"E","G"
"V414",414,0.144810827955007,"syn","g",5.47833e-05,0.000378309417697835,"E","E"
"V415",415,0.0195917582468145,"nonsyn","a",1.11047e-05,0.000566804666539081,"T","A"
"V416",416,0.00976012347864622,"nonsyn","c",2.41358e-05,0.00247289904198505,"T","I"
"V417",417,0.0121634808541651,"syn","a",1.11047e-05,0.000912954123341879,"T","T"
"V418",418,0.00045698742430336,"nonsyn","c",2.41358e-05,0.0528150200999361,"P","S"
"V419",419,0.000485442124195903,"nonsyn","c",2.41358e-05,0.0497192122335471,"P","L"
"V420",420,0.035750873281276,"syn","a",1.11047e-05,0.000310613391528422,"P","P"
"V421",421,0.0048306189639248,"nonsyn","g",5.47833e-05,0.0113408448087343,"G","R"
"V422",422,2.38065085325155e-05,"nonsyn","g",5.47833e-05,1,"G","E"
"V423",423,0.929786398891016,"syn","g",5.47833e-05,5.8920306927851e-05,"G","G"
"V424",424,0.0572382083290888,"nonsyn","a",1.11047e-05,0.000194008518508371,"I","V"
"V425",425,0.0351096021778402,"nonsyn","t",1.10618e-05,0.000315064806031376,"I","T"
"V426",426,0.623667813891364,"syn","t",1.10618e-05,1.77366857060974e-05,"I","I"
"V427",427,0.000569533470715797,"nonsyn","a",1.11047e-05,0.0194978883085545,"R","G"
"V428",428,0.000137848442584475,"nonsyn","g",5.47833e-05,0.397416894764176,"R","K"
"V429",429,0.54215117985479,"syn","a",1.11047e-05,2.0482663162283e-05,"R","R"
"V430",430,0.00064998481426718,"nonsyn","t",1.10618e-05,0.017018551444885,"Y","H"
"V431",431,0.00055482606623485,"nonsyn","a",1.11047e-05,0.0200147409716319,"Y","C"
"V432",432,0.0785301882190785,"syn","t",1.10618e-05,0.000140860479910484,"Y","Y"
"V433",433,0.000319277359898172,"stop","c",2.41358e-05,0.0755950876306974,"Q","*"
"V434",434,0.0010146927094228,"nonsyn","a",1.11047e-05,0.0109439043928056,"Q","R"
"V435",435,0.0962090667512321,"syn","g",5.47833e-05,0.000569419305788021,"Q","Q"
"V436",436,0.000896195442662565,"nonsyn","t",1.10618e-05,0.0123430665604991,"Y","H"
"V437",437,0.000545632503672981,"nonsyn","a",1.11047e-05,0.0203519766972231,"Y","C"
"V438",438,0.130071564462579,"syn","c",2.41358e-05,0.000185557851170028,"Y","Y"
"V439",439,0.000824076080003967,"nonsyn","a",1.11047e-05,0.0134753334909885,"N","D"
"V440",440,0.000850518488637778,"nonsyn","a",1.11047e-05,0.0130563887185871,"N","S"
"V441",441,0.018361230536591,"syn","t",1.10618e-05,0.000602454175277392,"N","N"
"V442",442,0.000289325196316188,"nonsyn","g",5.47833e-05,0.189348527876329,"V","M"
"V443",443,0.00122481396134286,"nonsyn","t",1.10618e-05,0.00903141240149819,"V","A"
"V444",444,0.102615457052592,"syn","g",5.47833e-05,0.000533869863016084,"V","V"
"V445",445,0.000431177523411469,"nonsyn","c",2.41358e-05,0.0559764799636075,"L","F"
"V446",446,0.00218136655750012,"nonsyn","t",1.10618e-05,0.00507104134422828,"L","P"
"V447",447,0.0476898639628546,"syn","t",1.10618e-05,0.000231952852887481,"L","L"
"V448",448,0.000269424931551715,"nonsyn","c",2.41358e-05,0.0895826524330663,"P","S"
"V449",449,0.000234847637931977,"nonsyn","c",2.41358e-05,0.102772164167948,"P","L"
"V450",450,0.00440047247654622,"syn","a",1.11047e-05,0.00252352447587985,"P","P"
"V451",451,0.000373336025098499,"res","c",2.41358e-05,0.0646489981609253,"Q","*"
"V452",452,0.00126664178869563,"res","a",1.11047e-05,0.00876704061014401,"Q","R"
"V453",453,0.305671673107659,"res","g",5.47833e-05,0.000179222691599248,"Q","Q"
"V454",454,0.000361903759672924,"nonsyn","g",5.47833e-05,0.151375327102187,"G","R"
"V455",455,0.000417087431520089,"nonsyn","g",5.47833e-05,0.131347280833518,"G","E"
"V456",456,0.0444308541130817,"syn","a",1.11047e-05,0.000249932174874182,"G","G"
"V457",457,0.00097620947439937,"nonsyn","t",1.10618e-05,0.0113313794734537,"W","R"
"V458",458,0.000563487909552112,"stop","g",5.47833e-05,0.0972217843033127,"W","*"
"V459",459,0.000839192167341761,"stop","g",5.47833e-05,0.0652809953809894,"W","*"
"V460",460,0.0108880783517023,"nonsyn","a",1.11047e-05,0.00101989530579231,"K","E"
"V461",461,0.00118436132951635,"nonsyn","a",1.11047e-05,0.00937610822242459,"K","R"
"V462",462,0.0623010226969983,"syn","a",1.11047e-05,0.000178242659899948,"K","K"
"V463",463,0.000301390575850208,"nonsyn","g",5.47833e-05,0.181768457243426,"G","R"
"V464",464,0.000290249104607277,"nonsyn","g",5.47833e-05,0.188745801900491,"G","E"
"V465",465,0.139306825247077,"syn","a",1.11047e-05,7.97139693644193e-05,"G","G"
"V466",466,0.0010032242313728,"nonsyn","t",1.10618e-05,0.0110262488226218,"S","P"
"V467",467,0.000304913248585933,"nonsyn","c",2.41358e-05,0.079156284982474,"S","L"
"V468",468,0.0264642346724412,"syn","a",1.11047e-05,0.000419611605529026,"S","S"
"V469",469,0.000156613200892066,"nonsyn","c",2.41358e-05,0.154110891435224,"P","S"
"V470",470,0.000206036395731504,"nonsyn","c",2.41358e-05,0.117143380975527,"P","L"
"V471",471,0.323784368202987,"syn","a",1.11047e-05,3.42965908503595e-05,"P","P"
"V472",472,0.00517041352969712,"nonsyn","g",5.47833e-05,0.0105955354799656,"A","T"
"V473",473,0.000421640612723328,"nonsyn","c",2.41358e-05,0.0572425882888977,"A","V"
"V474",474,0.0373261137220184,"syn","a",1.11047e-05,0.000297504853644847,"A","A"
"V475",475,0.0271092964719595,"nonsyn","a",1.11047e-05,0.000409627007896945,"I","V"
"V476",476,0.000393031974302837,"nonsyn","t",1.10618e-05,0.0281447839444145,"I","T"
"V477",477,0.000352182539515816,"nonsyn","a",1.11047e-05,0.0315310918459128,"I","M"
"V478",478,0.000944654869172185,"nonsyn","t",1.10618e-05,0.0117098851241762,"F","L"
"V479",479,0.000794817294678087,"nonsyn","t",1.10618e-05,0.0139174123085485,"F","S"
"V480",480,0.14975333461597,"syn","c",2.41358e-05,0.000161170367670905,"F","F"
"V481",481,9.49667845565165e-05,"stop","c",2.41358e-05,0.254149912653264,"Q","*"
"V482",482,0.00839788440977897,"nonsyn","a",1.11047e-05,0.00132232112972037,"Q","R"
"V483",483,0.673474980782212,"syn","a",1.11047e-05,1.64886600347089e-05,"Q","Q"
"V484",484,0.0151083392310121,"nonsyn","a",1.11047e-05,0.000735004677231894,"S","G"
"V485",485,0.0196929503585752,"nonsyn","g",5.47833e-05,0.0027818736655752,"S","N"
"V486",486,0.0616246960483086,"syn","t",1.10618e-05,0.000179502710915255,"S","S"
"V487",487,0.000970190906305028,"nonsyn","a",1.11047e-05,0.0114458916568207,"S","G"
"V488",488,0.000444768440264241,"nonsyn","g",5.47833e-05,0.123172633308813,"S","N"
"V489",489,0.0293586362101101,"syn","c",2.41358e-05,0.00082210221984659,"S","S"
"V490",490,0.00129917022742444,"nonsyn","a",1.11047e-05,0.00854753269863231,"M","V"
"V491",491,0.00122087773023715,"nonsyn","t",1.10618e-05,0.00906053057241966,"M","T"
"V492",492,0.000398737803706053,"nonsyn","g",5.47833e-05,0.137391788515708,"M","I"
"V493",493,0.00228553477426841,"nonsyn","a",1.11047e-05,0.00485868783315912,"T","A"
"V494",494,0.0670324142696303,"nonsyn","c",2.41358e-05,0.000360061624856842,"T","I"
"V495",495,0.00240307563242559,"syn","a",1.11047e-05,0.00462103641273715,"T","T"
"V496",496,0.00911780914229786,"nonsyn","a",1.11047e-05,0.00121791318799215,"K","E"
"V497",497,0.0344189299623197,"nonsyn","a",1.11047e-05,0.00032263350464866,"K","R"
"V498",498,0.037447994019518,"syn","a",1.11047e-05,0.000296536578013023,"K","K"
"V499",499,0.000592066797756035,"nonsyn","a",1.11047e-05,0.0187558228937806,"I","V"
"V500",500,0.000732511479258476,"nonsyn","t",1.10618e-05,0.01510119679107,"I","T"
"V501",501,0.0586490354458334,"syn","c",2.41358e-05,0.000411529359631006,"I","I"
"V502",502,0.0440213353684977,"syn","t",1.10618e-05,0.000251282699795517,"L","L"
"V503",503,0.000212426733723042,"nonsyn","t",1.10618e-05,0.0520734834365158,"L","S"
"V504",504,0.0335389526533057,"syn","a",1.11047e-05,0.000331098591980196,"L","L"
"V505",505,0.00218376291470195,"nonsyn","g",5.47833e-05,0.0250866518664536,"E","K"
"V506",506,0.0106310593874993,"nonsyn","a",1.11047e-05,0.00104455253190078,"E","G"
"V507",507,0.30262889472495,"syn","g",5.47833e-05,0.000181024683878223,"E","E"
"V508",508,9.54278709573595e-05,"nonsyn","c",2.41358e-05,0.252921916394684,"P","S"
"V509",509,0.0165687175940266,"nonsyn","c",2.41358e-05,0.00145670899772602,"P","L"
"V510",510,0.784230762442847,"syn","t",1.10618e-05,1.41052870274343e-05,"P","P"
"V511",511,0.026725099619853,"nonsyn","t",1.10618e-05,0.000413910524463776,"F","L"
"V512",512,0.00506261401329738,"nonsyn","t",1.10618e-05,0.00218499770492976,"F","S"
"V513",513,0.0867221578491198,"syn","t",1.10618e-05,0.000127554482895196,"F","F"
"V514",514,0.0272385683961254,"nonsyn","a",1.11047e-05,0.000407682953028457,"R","G"
"V515",515,0.000973603867037941,"nonsyn","g",5.47833e-05,0.056268572727295,"R","K"
"V516",516,0.104310071491983,"syn","a",1.11047e-05,0.000106458559956537,"R","R"
"V517",517,0.0714364793282403,"nonsyn","a",1.11047e-05,0.000155448590194031,"K","E"
"V518",518,0.0460123354688507,"nonsyn","a",1.11047e-05,0.000241341802950159,"K","R"
"V519",519,0.136581951741974,"syn","a",1.11047e-05,8.13043001536443e-05,"K","K"
"V520",520,0.0413689025241654,"stop","c",2.41358e-05,0.000583428578650381,"Q","*"
"V521",521,0.0649360373239851,"nonsyn","a",1.11047e-05,0.000171009819163978,"Q","R"
"V522",522,0.0464344108816997,"syn","a",1.11047e-05,0.000239148075514327,"Q","Q"
"V523",523,0.000528460494485713,"nonsyn","a",1.11047e-05,0.02101330206491,"N","D"
"V524",524,0.000799899304796788,"nonsyn","a",1.11047e-05,0.0138826223918536,"N","S"
"V525",525,0.0720614731433965,"syn","t",1.10618e-05,0.000153505049473356,"N","N"
"V526",526,0.000690091052047845,"nonsyn","c",2.41358e-05,0.0349748050324331,"P","S"
"V527",527,0.000435247714011286,"nonsyn","c",2.41358e-05,0.0554530195634162,"P","L"
"V528",528,0.00115760653180284,"syn","a",1.11047e-05,0.00959281041953494,"P","P"
"V529",529,0.000108455277416563,"nonsyn","g",5.47833e-05,0.505123414046368,"D","N"
"V530",530,0.00184799942992405,"nonsyn","a",1.11047e-05,0.00600903865022101,"D","G"
"V531",531,0.151447700676264,"syn","c",2.41358e-05,0.000159367226390534,"D","D"
"V532",532,0.0407401137536293,"nonsyn","a",1.11047e-05,0.000272574103920138,"I","V"
"V533",533,0.000237968408724002,"nonsyn","t",1.10618e-05,0.0464843214244862,"I","T"
"V534",534,0.144213838383649,"nonsyn","a",1.11047e-05,7.7001625672416e-05,"I","M"
"V535",535,0.392302025600318,"nonsyn","g",5.47833e-05,0.000139645723001731,"V","I"
"V536",536,0.0259696112964153,"nonsyn","t",1.10618e-05,0.000425951696917655,"V","A"
"V537",537,0.0581251901767133,"syn","t",1.10618e-05,0.000190309914967499,"V","V"
"V538",538,0.000472477379730381,"nonsyn","a",1.11047e-05,0.0235031357614134,"I","V"
"V539",539,0.00111493179230316,"nonsyn","t",1.10618e-05,0.00992150378737444,"I","T"
"V540",540,0.1140751718262,"syn","c",2.41358e-05,0.000211578028887586,"I","I"
"V541",541,0.000856332056216418,"res","t",1.10618e-05,0.0129176525854643,"Y","H"
"V542",542,0.000394088009862003,"res","a",1.11047e-05,0.0281782234478245,"Y","C"
"V543",543,0.0690513165899432,"res","t",1.10618e-05,0.000160196800673473,"Y","Y"
"V544",544,0.00024178292826586,"stop","c",2.41358e-05,0.0998242521633321,"Q","*"
"V545",545,0.000846893625111663,"nonsyn","a",1.11047e-05,0.0131122725106543,"Q","R"
"V546",546,0.0226817084441722,"syn","a",1.11047e-05,0.000489588340637243,"Q","Q"
"V547",547,0.000466050395960282,"nonsyn","t",1.10618e-05,0.0237352013771118,"Y","H"
"V548",548,0.00069976633698495,"nonsyn","a",1.11047e-05,0.015869154334926,"Y","C"
"V549",549,0.105218883231435,"syn","c",2.41358e-05,0.000229386582130053,"Y","Y"
"V550",550,0.011318826501253,"res","a",1.11047e-05,0.00098108227021332,"M","V"
"V551",551,0.000902187138325261,"res","t",1.10618e-05,0.0122610925495282,"M","T"
"V552",552,0.00213905001509997,"res","g",5.47833e-05,0.0256110421043332,"M","I"
"V553",553,0.000640247801315855,"nonsyn","g",5.47833e-05,0.0855657760751507,"D","N"
"V554",554,0.000880221387266984,"nonsyn","a",1.11047e-05,0.0126158034338147,"D","G"
"V555",555,0.00974330513397701,"syn","t",1.10618e-05,0.00113532316271458,"D","D"
"V556",556,0.000694133436505073,"nonsyn","g",5.47833e-05,0.0789232979120429,"D","N"
"V557",557,0.000290784789011448,"nonsyn","a",1.11047e-05,0.0381887238247625,"D","G"
"V558",558,0.717465668773401,"syn","t",1.10618e-05,1.54178805780513e-05,"D","D"
"V559",559,0.0364322534544163,"syn","t",1.10618e-05,0.000303626565780248,"L","L"
"V560",560,0.000651021091868169,"nonsyn","t",1.10618e-05,0.0169914617793059,"L","S"
"V561",561,0.17367584022197,"syn","g",5.47833e-05,0.000315434201613667,"L","L"
"V562",562,0.0105099067071284,"res","t",1.10618e-05,0.00105251172139304,"Y","H"
"V563",563,0.000702425906520495,"res","a",1.11047e-05,0.0158090695358999,"Y","C"
"V564",564,0.0182877782847003,"res","t",1.10618e-05,0.000604873912390679,"Y","Y"
"V565",565,0.00996678788292995,"nonsyn","g",5.47833e-05,0.00549658532352504,"V","I"
"V566",566,0.000830338045348688,"nonsyn","t",1.10618e-05,0.0133220440300971,"V","A"
"V567",567,0.0607903974424568,"syn","a",1.11047e-05,0.000182671942727657,"V","V"
"V568",568,0.000786739112695856,"res","g",5.47833e-05,0.0696333754302343,"G","R"
"V569",569,0.00091517207022736,"res","g",5.47833e-05,0.0598612018244722,"G","E"
"V570",570,0.0802531031812402,"res","a",1.11047e-05,0.000138370973330734,"G","G"
"V571",571,0.0010792213967318,"nonsyn","t",1.10618e-05,0.0102497967826605,"S","P"
"V572",572,0.000253275961807578,"nonsyn","c",2.41358e-05,0.0952944757479068,"S","F"
"V573",573,0.00977222177846305,"syn","t",1.10618e-05,0.0011319636670935,"S","S"
"V574",574,0.000367876923322325,"nonsyn","g",5.47833e-05,0.148917468117455,"D","N"
"V575",575,0.000464815576583975,"nonsyn","a",1.11047e-05,0.0238905504880252,"D","G"
"V576",576,0.649506168189827,"syn","c",2.41358e-05,3.71602321610993e-05,"D","D"
"V577",577,0.0271691760242259,"syn","t",1.10618e-05,0.000407145214493679,"L","L"
"V578",578,0.00118625696664319,"nonsyn","t",1.10618e-05,0.0093249610422117,"L","S"
"V579",579,0.0383948185037013,"syn","a",1.11047e-05,0.000289223922205271,"L","L"
"V580",580,0.00153707988850467,"nonsyn","g",5.47833e-05,0.0356411533386826,"E","K"
"V581",581,0.00156607353097977,"nonsyn","a",1.11047e-05,0.00709079093690618,"E","G"
"V582",582,0.0978149997168362,"syn","a",1.11047e-05,0.000113527577898552,"E","E"
"V583",583,0.00127703057251574,"nonsyn","a",1.11047e-05,0.00869571977288201,"I","V"
"V584",584,0.000541932897902756,"nonsyn","t",1.10618e-05,0.0204117521612148,"I","T"
"V585",585,0.00150396351189835,"nonsyn","a",1.11047e-05,0.00738362328084892,"I","M"
"V586",586,0.0195086405409222,"nonsyn","g",5.47833e-05,0.00280815569311885,"G","R"
"V587",587,0.0630975709618472,"nonsyn","g",5.47833e-05,0.000868231520879392,"G","E"
"V588",588,0.155407068534475,"syn","g",5.47833e-05,0.000352514853517406,"G","G"
"V589",589,0.00408490432743624,"stop","c",2.41358e-05,0.00590853495341176,"Q","*"
"V590",590,0.00224291972200584,"nonsyn","a",1.11047e-05,0.0049510019868518,"Q","R"
"V591",591,0.151344492417566,"syn","g",5.47833e-05,0.000361977493365603,"Q","Q"
"V592",592,0.000420891765714182,"nonsyn","c",2.41358e-05,0.0573444338095938,"H","Y"
"V593",593,0.000762410610879684,"nonsyn","a",1.11047e-05,0.0145652484914752,"H","R"
"V594",594,0.0517821880996562,"syn","t",1.10618e-05,0.00021362171831579,"H","H"
"V595",595,0.00100521651637294,"nonsyn","a",1.11047e-05,0.0110470727640532,"R","G"
"V596",596,0.000901443470224993,"nonsyn","g",5.47833e-05,0.060772862425113,"R","K"
"V597",597,0.0185877215323017,"syn","a",1.11047e-05,0.000597421259012423,"R","R"
"V598",598,0.408646277386367,"nonsyn","a",1.11047e-05,2.71743574198786e-05,"T","A"
"V599",599,0.173813501799808,"nonsyn","c",2.41358e-05,0.000138860328743614,"T","I"
"V600",600,0.0524009270928818,"syn","a",1.11047e-05,0.000211918006342076,"T","T"
"V601",601,0.000594304867993484,"nonsyn","a",1.11047e-05,0.0186851910493214,"K","E"
"V602",602,0.0178178667529046,"nonsyn","a",1.11047e-05,0.000623233979353322,"K","R"
"V603",603,0.0268171662426643,"syn","a",1.11047e-05,0.000414089240433359,"K","K"
"V604",604,0.215975693278368,"nonsyn","a",1.11047e-05,5.14164340969948e-05,"I","V"
"V605",605,0.000231943756333754,"nonsyn","t",1.10618e-05,0.047691734301667,"I","T"
"V606",606,0.00198124899527631,"nonsyn","a",1.11047e-05,0.00560489874138778,"I","M"
"V607",607,0.0183703865513076,"nonsyn","g",5.47833e-05,0.00298215281681706,"E","K"
"V608",608,0.000746847061560141,"nonsyn","a",1.11047e-05,0.0148687737711689,"E","G"
"V609",609,0.570900426914445,"syn","g",5.47833e-05,9.59594658145348e-05,"E","E"
"V610",610,0.00123149957461577,"nonsyn","g",5.47833e-05,0.0444850336364042,"E","K"
"V611",611,0.0112126112573993,"nonsyn","a",1.11047e-05,0.000990375903086079,"E","G"
"V612",612,0.614318252947556,"syn","a",1.11047e-05,1.80764610960502e-05,"E","E"
"V613",613,0.910957216572633,"syn","c",2.41358e-05,2.64949874274097e-05,"L","L"
"V614",614,1.32055040540897e-05,"nonsyn","t",1.10618e-05,0.8376658668,"L","P"
"V615",615,0.667012669420572,"syn","g",5.47833e-05,8.21323229850937e-05,"L","L"
"V616",616,0.00128107182862747,"nonsyn","a",1.11047e-05,0.00866828834406382,"R","G"
"V617",617,0.000812148136897947,"nonsyn","g",5.47833e-05,0.0674548121347029,"R","K"
"V618",618,0.223251989605869,"syn","a",1.11047e-05,4.97406541352861e-05,"R","R"
"V619",619,0.333333333333333,"stop","c",2.41358e-05,7.24074e-05,"Q","*"
"V620",620,0.000646830530401035,"nonsyn","a",1.11047e-05,0.0171678662,"Q","R"
"V621",621,0.00086206896551724,"syn","a",1.11047e-05,0.012881452,"Q","Q"
"V622",622,0.000299117073411016,"nonsyn","c",2.41358e-05,0.0806901449147139,"H","Y"
"V623",623,0.00514789728368675,"nonsyn","a",1.11047e-05,0.0021571331726431,"H","R"
"V624",624,0.197886842267886,"syn","t",1.10618e-05,5.58996236092609e-05,"H","H"
"V625",625,0.0876994111259965,"syn","c",2.41358e-05,0.000275210513846261,"L","L"
"V626",626,7.74569892404256e-05,"nonsyn","t",1.10618e-05,0.142812160767885,"L","P"
"V627",627,0.940420305746029,"syn","g",5.47833e-05,5.82540590258106e-05,"L","L"
"V628",628,0.0450135804680989,"res","t",1.10618e-05,0.000245743615259388,"L","L"
"V629",629,0.000769026049703767,"res","t",1.10618e-05,0.0143841681361263,"L","S"
"V630",630,0.0853725670606757,"res","g",5.47833e-05,0.000641696763798429,"L","L"
"V631",631,0.0528363422004407,"nonsyn","a",1.11047e-05,0.000210171626905456,"R","G"
"V632",632,0.67838120135506,"nonsyn","g",5.47833e-05,8.07559229096722e-05,"R","K"
"V633",633,0.43944490204277,"syn","g",5.47833e-05,0.000124664775368513,"R","R"
"V634",634,0.000901849788245598,"nonsyn","t",1.10618e-05,0.0122656789901996,"W","R"
"V635",635,0.000466162644549316,"stop","g",5.47833e-05,0.117519712573632,"W","*"
"V636",636,0.000352324544562023,"stop","g",5.47833e-05,0.155491012038635,"W","*"
"V637",637,0.000401859958228443,"nonsyn","g",5.47833e-05,0.13632435598089,"G","R"
"V638",638,0.000564995921410008,"nonsyn","g",5.47833e-05,0.0969622928662607,"G","E"
"V639",639,0.181574358062452,"syn","a",1.11047e-05,6.1157864571277e-05,"G","G"
"V640",640,0.104273263174285,"nonsyn","t",1.10618e-05,0.000106084720696916,"F","L"
"V641",641,0.00459183842693177,"nonsyn","t",1.10618e-05,0.00240901333442418,"F","S"
"V642",642,0.0614178175678581,"syn","t",1.10618e-05,0.000180107344058233,"F","F"
"V643",643,0.000389601139623718,"res","a",1.11047e-05,0.0285027400349113,"T","A"
"V644",644,0.000161967034487211,"res","c",2.41358e-05,0.149016743292326,"T","I"
"V645",645,0.597944617213097,"res","c",2.41358e-05,4.03646078670166e-05,"T","T"
"V646",646,0.00110403369081061,"nonsyn","a",1.11047e-05,0.0100582981229918,"T","A"
"V647",647,0.000290936977382073,"nonsyn","c",2.41358e-05,0.0829588600843395,"T","I"
"V648",648,0.00348645905903194,"syn","a",1.11047e-05,0.0031850940487118,"T","T"
"V649",649,0.000257653255710123,"nonsyn","c",2.41358e-05,0.0936755094884357,"P","S"
"V650",650,0.000311000539401305,"nonsyn","c",2.41358e-05,0.0776069393527834,"P","L"
"V651",651,0.00120852942049217,"syn","a",1.11047e-05,0.00918860543376565,"P","P"
"V652",652,0.000165812890763549,"nonsyn","g",5.47833e-05,0.330392285833322,"D","N"
"V653",653,0.00344230118342254,"nonsyn","a",1.11047e-05,0.00322595246850511,"D","G"
"V654",654,0.145549342804904,"syn","c",2.41358e-05,0.000165825551217719,"D","D"
"V655",655,0.000499302802005492,"res","a",1.11047e-05,0.0222404119412049,"K","E"
"V656",656,0.00655760392328752,"res","a",1.11047e-05,0.00169340816095414,"K","R"
"V657",657,0.0791302168676599,"res","a",1.11047e-05,0.000140334507342143,"K","K"
"V658",658,0.000330166447699893,"nonsyn","a",1.11047e-05,0.0336336416900051,"K","E"
"V659",659,0.233076123227985,"nonsyn","a",1.11047e-05,4.76440908927333e-05,"K","R"
"V660",660,0.767507569949634,"syn","a",1.11047e-05,1.44685217902525e-05,"K","K"
"V661",661,0.000572633517682694,"nonsyn","c",2.41358e-05,0.0421487727397998,"H","Y"
"V662",662,0.000787077181454484,"nonsyn","a",1.11047e-05,0.0141087815295052,"H","R"
"V663",663,0.0182881664767695,"syn","t",1.10618e-05,0.000604861073090691,"H","H"
"V664",664,0.000275427754481334,"stop","c",2.41358e-05,0.0876302391727037,"Q","*"
"V665",665,0.000762074697795185,"nonsyn","a",1.11047e-05,0.0145716686725433,"Q","R"
"V666",666,0.0848476646040072,"syn","g",5.47833e-05,0.000645666563195102,"Q","Q"
"V667",667,0.000882287623146203,"nonsyn","a",1.11047e-05,0.0125862583908874,"K","E"
"V668",668,0.000409524265552305,"nonsyn","a",1.11047e-05,0.0271160977116304,"K","R"
"V669",669,0.0943433581550278,"syn","a",1.11047e-05,0.000117705159294334,"K","K"
"V670",670,0.00940965450353569,"nonsyn","g",5.47833e-05,0.00582203097673938,"E","K"
"V671",671,0.00191703212673284,"nonsyn","a",1.11047e-05,0.0057926520088766,"E","G"
"V672",672,0.0355069019874686,"syn","a",1.11047e-05,0.000312747645624481,"E","E"
"V673",673,0.000318580143588213,"res","c",2.41358e-05,0.0757605283498058,"P","S"
"V674",674,0.00022840943687391,"res","c",2.41358e-05,0.105669014075473,"P","L"
"V675",675,0.185258630281625,"res","t",1.10618e-05,5.9710038788391e-05,"P","P"
"V676",676,6.26173753274327e-05,"nonsyn","c",2.41358e-05,0.385448924899701,"P","S"
"V677",677,0.000531700270122144,"nonsyn","c",2.41358e-05,0.0453936199702427,"P","L"
"V678",678,0.00993410467555685,"syn","a",1.11047e-05,0.00111783601669946,"P","P"
"V679",679,0.00184724258639597,"nonsyn","t",1.10618e-05,0.00598827684109532,"F","L"
"V680",680,0.0017808462723717,"nonsyn","t",1.10618e-05,0.0062115412046589,"F","S"
"V681",681,0.751818199141943,"syn","c",2.41358e-05,3.21032398890402e-05,"F","F"
"V682",682,0.00348035765248975,"nonsyn","c",2.41358e-05,0.00693486199119045,"L","F"
"V683",683,0.00010051165896231,"nonsyn","t",1.10618e-05,0.110054894270007,"L","P"
"V684",684,7.0732473539336e-05,"syn","t",1.10618e-05,0.156389271383932,"L","L"
"V685",685,0,"nonsyn","t",1.10618e-05,1,"W","R"
"V686",686,0.000297619047619048,"stop","g",5.47833e-05,0.184071888,"W","*"
"V687",687,6.80272108843538e-05,"stop","g",5.47833e-05,0.805314509999999,"W","*"
