"","num","colMeansTsZanini","TypeOfSite","WTnt","TSmutrate","EstSelCoeff","WTAA","MUTAA"
"V1",1,0.000206705630732564,"nonsyn","c",2.41358e-05,0.116764114816141,"P","S"
"V2",2,0.000345213002837189,"nonsyn","c",2.41358e-05,0.0699156746751601,"P","L"
"V3",3,0.0010912102030702,"syn","t",1.10618e-05,0.0101371852727154,"P","P"
"V4",4,0.00016667416750546,"stop","c",2.41358e-05,0.144808282898484,"Q","*"
"V5",5,0.00028716766673989,"nonsyn","a",1.11047e-05,0.0386697434501162,"Q","R"
"V7",7,0.000338826514258718,"nonsyn","a",1.11047e-05,0.0327739994737271,"I","V"
"V8",8,0.000948082891588438,"nonsyn","t",1.10618e-05,0.0116675452095405,"I","T"
"V9",9,0.000153646442267706,"syn","c",2.41358e-05,0.157086618106958,"I","I"
"V10",10,0.000999997760451957,"nonsyn","a",1.11047e-05,0.0111047248695648,"T","A"
"V11",11,7.72627142992171e-05,"nonsyn","c",2.41358e-05,0.312386125945935,"T","I"
"V12",12,0.00102245770985095,"syn","t",1.10618e-05,0.0108188337702619,"T","T"
"V13",13,7.08029816183285e-05,"nonsyn","c",2.41358e-05,0.340886774092463,"L","F"
"V14",14,0.000711978139114687,"nonsyn","t",1.10618e-05,0.0155367129863774,"L","P"
"V15",15,0.000124659942908716,"syn","t",1.10618e-05,0.0887358019095209,"L","L"
"V16",16,0.000485429464627506,"nonsyn","t",1.10618e-05,0.0227876567164877,"W","R"
"V17",17,0.000121337619671141,"stop","g",5.47833e-05,0.451494764348256,"W","*"
"V18",18,0.000546649053874216,"stop","g",5.47833e-05,0.100216582488782,"W","*"
"V19",19,0.00023745456482469,"stop","c",2.41358e-05,0.101643866134219,"Q","*"
"V20",20,0.00116623768297364,"nonsyn","a",1.11047e-05,0.00952181546019466,"Q","R"
"V22",22,0.00020035705310402,"stop","c",2.41358e-05,0.120463939881714,"R","*"
"V23",23,0.000288456548613996,"nonsyn","g",5.47833e-05,0.189918725240346,"R","Q"
"V24",24,0.000892658932339556,"syn","a",1.11047e-05,0.0124400256331899,"R","R"
"V25",25,0.00018859706779935,"nonsyn","c",2.41358e-05,0.127975478524822,"P","S"
"V26",26,0.000231712400055259,"nonsyn","c",2.41358e-05,0.104162746552382,"P","L"
"V27",27,0.000385697251938843,"syn","c",2.41358e-05,0.0625770598018858,"P","P"
"V28",28,0.000592932396284394,"nonsyn","c",2.41358e-05,0.0407058210198107,"L","F"
"V29",29,0.000530662188197345,"nonsyn","t",1.10618e-05,0.0208452764226086,"L","P"
"V31",31,0.00083687032150702,"nonsyn","g",5.47833e-05,0.0654621135343255,"V","I"
"V32",32,0.000709855833999033,"nonsyn","t",1.10618e-05,0.0155831641724805,"V","A"
"V33",33,0.000962669616314738,"syn","c",2.41358e-05,0.025071737583654,"V","V"
"V35",35,0.000179949662229286,"nonsyn","c",2.41358e-05,0.134125286488435,"T","I"
"V36",36,0.000403837549589805,"syn","a",1.11047e-05,0.0274979382459098,"T","T"
"V37",37,0.277772293505295,"nonsyn","a",1.11047e-05,3.99777092951436e-05,"I","V"
"V38",38,0.000164502469975085,"nonsyn","t",1.10618e-05,0.0672439751310444,"I","T"
"V39",39,0.000855539480003237,"nonsyn","a",1.11047e-05,0.012979763365167,"I","M"
"V40",40,0.00030631943151349,"nonsyn","a",1.11047e-05,0.0362520260145853,"K","E"
"V41",41,0.104475247600417,"nonsyn","a",1.11047e-05,0.000106290248217183,"K","R"
"V44",44,0.000257514678915942,"nonsyn","t",1.10618e-05,0.0429559978738563,"I","T"
"V45",45,0.000618925946902904,"nonsyn","a",1.11047e-05,0.0179418879682905,"I","M"
"V46",46,0.000795207288606143,"nonsyn","g",5.47833e-05,0.0688918484336648,"G","R"
"V47",47,0.00209525953348124,"nonsyn","g",5.47833e-05,0.02614630747389,"G","E"
"V48",48,0.268606133369397,"syn","g",5.47833e-05,0.000203954017403839,"G","G"
"V49",49,0.000434787184059618,"nonsyn","g",5.47833e-05,0.126000264056744,"G","R"
"V50",50,0.000405535409716162,"nonsyn","g",5.47833e-05,0.135088820081934,"G","E"
"V52",52,0.000133738184301676,"stop","c",2.41358e-05,0.180470522506544,"Q","*"
"V53",53,0.000655375979209559,"nonsyn","a",1.11047e-05,0.0169440143555357,"Q","R"
"V56",56,0.000349121623065599,"nonsyn","t",1.10618e-05,0.0316846602134452,"L","P"
"V57",57,0.266566655171424,"syn","a",1.11047e-05,4.16582486390084e-05,"L","L"
"V58",58,0.000606567034204763,"nonsyn","a",1.11047e-05,0.0183074571709272,"K","E"
"V59",59,0.227945169057427,"nonsyn","a",1.11047e-05,4.87165402360528e-05,"K","R"
"V60",60,0.192400375128654,"syn","g",5.47833e-05,0.000284735931327408,"K","K"
"V61",61,0.000757381252554317,"nonsyn","g",5.47833e-05,0.0723325271324578,"E","K"
"V62",62,0.000766024142826628,"nonsyn","a",1.11047e-05,0.0144965404863399,"E","G"
"V64",64,0.000524014572361348,"nonsyn","g",5.47833e-05,0.10454537505156,"A","T"
"V65",65,0.000161261557786013,"nonsyn","c",2.41358e-05,0.149668652165863,"A","V"
"V66",66,0.00547682167585659,"syn","t",1.10618e-05,0.00201974806825711,"A","A"
"V67",67,0.00061020809894907,"syn","c",2.41358e-05,0.0395533917717052,"L","L"
"V68",68,0.000383812487075061,"nonsyn","t",1.10618e-05,0.0288208444813748,"L","P"
"V70",70,0.00108914514036489,"syn","t",1.10618e-05,0.0101564057810459,"L","L"
"V71",71,0.000206778223603793,"nonsyn","t",1.10618e-05,0.0534959620370639,"L","S"
"V72",72,0.00485236855519275,"syn","a",1.11047e-05,0.00228851124429045,"L","L"
"V73",73,0.00059141533833814,"nonsyn","g",5.47833e-05,0.0926308407116047,"D","N"
"V74",74,0.00101857924078923,"nonsyn","a",1.11047e-05,0.0109021463969712,"D","G"
"V76",76,0.00103278237510252,"nonsyn","a",1.11047e-05,0.010752216795816,"T","A"
"V77",77,0.000152857897822168,"nonsyn","c",2.41358e-05,0.157896977152461,"T","I"
"V78",78,0.0010983263603576,"syn","a",1.11047e-05,0.0101105649475485,"T","T"
"V79",79,0.000646689392364113,"nonsyn","g",5.47833e-05,0.0847134662279333,"G","R"
"V80",80,0.000173334043465346,"nonsyn","g",5.47833e-05,0.316056205144447,"G","E"
"V81",81,0.00178570929813184,"syn","a",1.11047e-05,0.00621864936897481,"G","G"
"V82",82,0.000191505439074299,"nonsyn","g",5.47833e-05,0.286066548630745,"A","T"
"V83",83,0.000249110753182506,"nonsyn","c",2.41358e-05,0.0968878287735632,"A","V"
"V84",84,0.00267407552370024,"syn","a",1.11047e-05,0.00415272489560577,"A","A"
"V85",85,0.000118488960342878,"nonsyn","g",5.47833e-05,0.462349402353356,"D","N"
"V86",86,0.000931730953361649,"nonsyn","a",1.11047e-05,0.0119183547138095,"D","G"
"V87",87,0.0032060635878819,"syn","t",1.10618e-05,0.00345027467384326,"D","D"
"V88",88,0.00096987459911062,"nonsyn","g",5.47833e-05,0.0564849311965037,"D","N"
"V89",89,0.00107709859147082,"nonsyn","a",1.11047e-05,0.0103098268700139,"D","G"
"V90",90,0.00105384887148432,"syn","t",1.10618e-05,0.0104965714717897,"D","D"
"V91",91,0.000755234344252815,"nonsyn","a",1.11047e-05,0.0147036480590489,"T","A"
"V92",92,0.000167264573783872,"nonsyn","c",2.41358e-05,0.144297142269867,"T","I"
"V93",93,0.000815857048981259,"syn","a",1.11047e-05,0.0136110854393747,"T","T"
"V94",94,9.27911041178459e-05,"nonsyn","g",5.47833e-05,0.590393880111875,"V","I"
"V95",95,0.000236817575521906,"nonsyn","t",1.10618e-05,0.0467102155556725,"V","A"
"V96",96,0.00221602661513463,"syn","a",1.11047e-05,0.00501108602403919,"V","V"
"V97",97,0.00116117545605944,"syn","t",1.10618e-05,0.00952638117028348,"L","L"
"V98",98,6.42973132054182e-05,"nonsyn","t",1.10618e-05,0.172041403420071,"L","S"
"V99",99,0.00115411645514534,"syn","a",1.11047e-05,0.00962181931510681,"L","L"
"V100",100,0.00132417834973377,"nonsyn","g",5.47833e-05,0.0413715418402772,"E","K"
"V101",101,0.0009347824201455,"nonsyn","a",1.11047e-05,0.0118794489077699,"E","G"
"V102",102,0.123498496293044,"syn","a",1.11047e-05,8.99176940069795e-05,"E","E"
"V103",103,0.00146556497716006,"nonsyn","g",5.47833e-05,0.0373803283059874,"E","K"
"V104",104,0.000715090471790111,"nonsyn","a",1.11047e-05,0.0155290839943668,"E","G"
"V105",105,0.0161960675950173,"syn","a",1.11047e-05,0.000685641742037204,"E","E"
"V106",106,0.0101696566599394,"nonsyn","a",1.11047e-05,0.00109194443542464,"M","V"
"V107",107,0.00986778635966814,"nonsyn","t",1.10618e-05,0.00112100116447718,"M","T"
"V109",109,0.315916496665969,"nonsyn","a",1.11047e-05,3.51507443175449e-05,"N","D"
"V110",110,0.306900685784798,"nonsyn","a",1.11047e-05,3.61833665232887e-05,"N","S"
"V111",111,0.0503154775849877,"syn","t",1.10618e-05,0.00021984885230028,"N","N"
"V112",112,0.000532791937802075,"syn","t",1.10618e-05,0.0207619508013451,"L","L"
"V113",113,0.00015796241428975,"nonsyn","t",1.10618e-05,0.0700280509748946,"L","S"
"V114",114,0.00315860675484194,"syn","g",5.47833e-05,0.0173441343769752,"L","L"
"V115",115,0.0227453658217757,"nonsyn","c",2.41358e-05,0.00106113043813492,"P","S"
"V116",116,0.000496573169160927,"nonsyn","c",2.41358e-05,0.0486047203089585,"P","L"
"V117",117,0.000947254401024542,"syn","a",1.11047e-05,0.0117230386979351,"P","P"
"V118",118,9.50230412266001e-05,"nonsyn","g",5.47833e-05,0.576526485501122,"G","R"
"V119",119,0.000303772327397378,"nonsyn","g",5.47833e-05,0.180343286925986,"G","E"
"V120",120,0.00368381090752775,"syn","a",1.11047e-05,0.00301445982944128,"G","G"
"V121",121,0.000999033534609021,"nonsyn","a",1.11047e-05,0.0111154426906659,"R","G"
"V123",123,0.0419370235828308,"syn","a",1.11047e-05,0.000264794662360023,"R","R"
"V124",124,0.000356594887941978,"nonsyn","t",1.10618e-05,0.0310206353877958,"W","R"
"V125",125,0.000892366120289296,"stop","g",5.47833e-05,0.0613910577221823,"W","*"
"V126",126,0.00286914651762764,"stop","g",5.47833e-05,0.0190939360062022,"W","*"
"V127",127,0.00210459051150487,"nonsyn","a",1.11047e-05,0.00527641835278429,"K","E"
"V128",128,0.00243992200964241,"nonsyn","a",1.11047e-05,0.00455125203023496,"K","R"
"V129",129,0.00420429295349325,"syn","a",1.11047e-05,0.002641276457858,"K","K"
"V130",130,0.000132640240471823,"nonsyn","c",2.41358e-05,0.181964386630671,"P","S"
"V131",131,0.000117395025477301,"nonsyn","c",2.41358e-05,0.205594742212197,"P","L"
"V132",132,0.00161829928059663,"syn","a",1.11047e-05,0.00686195695267562,"P","P"
"V133",133,0.000310714226383549,"nonsyn","a",1.11047e-05,0.035739271192212,"K","E"
"V134",134,0.00210842297016205,"nonsyn","a",1.11047e-05,0.00526682746163902,"K","R"
"V135",135,0.000777130699345144,"syn","a",1.11047e-05,0.014289359575368,"K","K"
"V136",136,0.000452298798640517,"res","a",1.11047e-05,0.024551690239677,"M","V"
"V137",137,0.000179283878084452,"res","t",1.10618e-05,0.0616999147842468,"M","T"
"V138",138,0.00860602313191102,"res","g",5.47833e-05,0.00636569285955836,"M","I"
"V139",139,0.000972990025762562,"nonsyn","a",1.11047e-05,0.0114129638598267,"I","V"
"V140",140,0.00010442267835713,"nonsyn","t",1.10618e-05,0.105932927349059,"I","T"
"V141",141,0.000595283966541178,"nonsyn","a",1.11047e-05,0.0186544584167493,"I","M"
"V142",142,0.000260398464876497,"nonsyn","g",5.47833e-05,0.210382576663741,"G","R"
"V143",143,0.000172286307747164,"nonsyn","g",5.47833e-05,0.317978257914706,"G","E"
"V145",145,0.000238927042059498,"nonsyn","g",5.47833e-05,0.229288821925639,"G","R"
"V146",146,0.00161403952849277,"nonsyn","g",5.47833e-05,0.033941733788365,"G","E"
"V147",147,0.00101156664878649,"syn","a",1.11047e-05,0.010977724516048,"G","G"
"V148",148,0.00105746174370834,"nonsyn","a",1.11047e-05,0.0105012782410999,"I","V"
"V149",149,0.000140975184610171,"nonsyn","t",1.10618e-05,0.0784662919973361,"I","T"
"V150",150,0.00155209038330965,"syn","t",1.10618e-05,0.00712703339892619,"I","I"
"V151",151,0.000231079407074513,"nonsyn","g",5.47833e-05,0.237075647257199,"G","R"
"V152",152,0.000383220781633326,"nonsyn","g",5.47833e-05,0.14295492996624,"G","E"
"V153",153,0.0409226163860557,"syn","a",1.11047e-05,0.000271358504921594,"G","G"
"V154",154,0.000198234528496285,"nonsyn","g",5.47833e-05,0.27635599315397,"G","S"
"V155",155,0.000102055216206159,"nonsyn","g",5.47833e-05,0.536800587334346,"G","D"
"V156",156,0.0198926561515703,"syn","t",1.10618e-05,0.000556074559159704,"G","G"
"V157",157,0.000159177315530396,"nonsyn","t",1.10618e-05,0.0694935705074616,"F","L"
"V158",158,7.65686980831629e-05,"nonsyn","t",1.10618e-05,0.144468957640961,"F","S"
"V159",159,0.00306842216127024,"syn","t",1.10618e-05,0.00360504500965432,"F","F"
"V160",160,0.000134910324728455,"nonsyn","a",1.11047e-05,0.0823117135204542,"I","V"
"V161",161,0.000108723733885745,"nonsyn","t",1.10618e-05,0.101742274705397,"I","T"
"V162",162,0.00336505384797482,"syn","c",2.41358e-05,0.0071724855204102,"I","I"
"V163",163,0.000499538155130663,"nonsyn","a",1.11047e-05,0.0222299335615222,"K","E"
"V164",164,0.000559393282703739,"nonsyn","a",1.11047e-05,0.0198513288295619,"K","R"
"V165",165,0.0796966261478609,"syn","a",1.11047e-05,0.000139337140563485,"K","K"
"V166",166,0.000112060962122578,"nonsyn","g",5.47833e-05,0.488870512641819,"V","I"
"V167",167,0.000200509463353047,"nonsyn","t",1.10618e-05,0.055168468435442,"V","A"
"V168",168,0.00331873185404375,"syn","a",1.11047e-05,0.00334606725953751,"V","V"
"V169",169,0.000769402102549148,"nonsyn","a",1.11047e-05,0.0144328953133978,"R","G"
"V170",170,0.178459668496915,"nonsyn","g",5.47833e-05,0.000306978604529612,"R","K"
"V171",171,0.00402698629023376,"syn","a",1.11047e-05,0.00275757084818766,"R","R"
"V172",172,0.000147423929691575,"stop","c",2.41358e-05,0.163716976277151,"Q","*"
"V173",173,0.000774650315329544,"nonsyn","a",1.11047e-05,0.0143351132507781,"Q","R"
"V174",174,0.177025832136804,"syn","g",5.47833e-05,0.00030946500484553,"Q","Q"
"V175",175,0.00033212434343367,"nonsyn","t",1.10618e-05,0.0333062005802933,"Y","H"
"V176",176,0.000531538090346095,"nonsyn","a",1.11047e-05,0.0208916354287414,"Y","C"
"V177",177,0.0034858818831043,"syn","t",1.10618e-05,0.00317331463628052,"Y","Y"
"V178",178,0.000240856564231882,"nonsyn","g",5.47833e-05,0.227451969908771,"D","N"
"V179",179,0.000970711417967396,"nonsyn","a",1.11047e-05,0.0114397541786955,"D","G"
"V180",180,0.00350800954093338,"syn","t",1.10618e-05,0.00315329815125211,"D","D"
"V181",181,0.0168042848189778,"stop","c",2.41358e-05,0.00143628843833582,"Q","*"
"V182",182,0.000386164654476899,"nonsyn","a",1.11047e-05,0.0287563863529729,"Q","R"
"V184",184,0.148668567065502,"nonsyn","a",1.11047e-05,7.46943366657145e-05,"I","V"
"V185",185,0.000133050597936969,"nonsyn","t",1.10618e-05,0.0831397992306682,"I","T"
"V186",186,0.00480000267970727,"nonsyn","a",1.11047e-05,0.00231347787511594,"I","M"
"V187",187,0.245233361679086,"nonsyn","c",2.41358e-05,9.84197249295316e-05,"L","F"
"V188",188,0.506545143276034,"nonsyn","t",1.10618e-05,2.18377377551364e-05,"L","P"
"V190",190,0.224463984556388,"nonsyn","a",1.11047e-05,4.94720791041218e-05,"I","V"
"V191",191,0.000333790910419375,"nonsyn","t",1.10618e-05,0.0331399078126542,"I","T"
"V192",192,0.0822817956739504,"nonsyn","a",1.11047e-05,0.000134959378426833,"I","M"
"V193",193,0.00236681808342563,"nonsyn","g",5.47833e-05,0.0231463923584313,"E","K"
"V194",194,0.000366802249263783,"nonsyn","a",1.11047e-05,0.0302743508860387,"E","G"
"V195",195,0.0163435602333758,"syn","a",1.11047e-05,0.00067945416062546,"E","E"
"V196",196,0.000846348023770338,"nonsyn","a",1.11047e-05,0.0131207253849668,"I","V"
"V197",197,0.000140131241706709,"nonsyn","t",1.10618e-05,0.07893885664092,"I","T"
"V199",199,0.000131427496260467,"nonsyn","t",1.10618e-05,0.084166558100425,"C","R"
"V200",200,0.00161538172368342,"nonsyn","g",5.47833e-05,0.0339135321372104,"C","Y"
"V201",201,0.00819610460553546,"syn","t",1.10618e-05,0.00134964114446869,"C","C"
"V202",202,0.000231006126828657,"nonsyn","g",5.47833e-05,0.237150852888998,"G","R"
"V203",203,0.00162882123390052,"nonsyn","g",5.47833e-05,0.0336337093720291,"G","E"
"V204",204,0.171945061389244,"syn","a",1.11047e-05,6.45828377406056e-05,"G","G"
"V206",206,0.000358788936471925,"nonsyn","a",1.11047e-05,0.0309505084220147,"H","R"
"V208",208,0.000416306394267459,"nonsyn","a",1.11047e-05,0.0266743440718465,"K","E"
"V209",209,0.003365010589189,"nonsyn","a",1.11047e-05,0.00330004905056669,"K","R"
"V211",211,0.000525650979957239,"nonsyn","g",5.47833e-05,0.104219914142377,"A","T"
"V212",212,0.0850296785080244,"nonsyn","c",2.41358e-05,0.000283851478960047,"A","V"
"V213",213,0.00337685828449776,"syn","t",1.10618e-05,0.00327576672399364,"A","A"
"V214",214,0.0101008924421683,"nonsyn","a",1.11047e-05,0.00109937810580391,"I","V"
"V215",215,0.00155699041092695,"nonsyn","t",1.10618e-05,0.00710460380640004,"I","T"
"V216",216,0.00176419050561522,"nonsyn","a",1.11047e-05,0.00629450162250336,"I","M"
"V217",217,0.000111961726205949,"nonsyn","g",5.47833e-05,0.489303817085031,"G","S"
"V218",218,0.000220828473207886,"nonsyn","g",5.47833e-05,0.248080780545123,"G","D"
"V219",219,0.000694019081926612,"syn","t",1.10618e-05,0.0159387548384004,"G","G"
"V220",220,0.000479953374965546,"nonsyn","a",1.11047e-05,0.0231370390942603,"T","A"
"V221",221,0.000174071312951634,"nonsyn","c",2.41358e-05,0.138654667393163,"T","I"
"V222",222,0.00153042633684368,"syn","a",1.11047e-05,0.00725595197407676,"T","T"
"V223",223,0.000552089529219426,"nonsyn","g",5.47833e-05,0.0992290146807449,"V","I"
"V224",224,0.000232028572588799,"nonsyn","t",1.10618e-05,0.0476743009560452,"V","A"
"V225",225,0.0458383000120084,"syn","a",1.11047e-05,0.00024225811160298,"V","V"
"V226",226,0.00158097791835877,"syn","t",1.10618e-05,0.006996808666046,"L","L"
"V227",227,0.000195214297525867,"nonsyn","t",1.10618e-05,0.0566649069263702,"L","S"
"V228",228,0.00290165743607109,"syn","a",1.11047e-05,0.00382701964124201,"L","L"
"V229",229,0.368485935833001,"nonsyn","g",5.47833e-05,0.000148671345830762,"V","I"
"V230",230,0.000307060431154335,"nonsyn","t",1.10618e-05,0.0360248305469229,"V","A"
"V231",231,0.00109473291336995,"syn","a",1.11047e-05,0.0101437527495324,"V","V"
"V232",232,0.000251159825938408,"nonsyn","g",5.47833e-05,0.218121269177159,"G","R"
"V233",233,0.000262378822475439,"nonsyn","g",5.47833e-05,0.208794671319665,"G","E"
"V234",234,0.00269947944554735,"syn","a",1.11047e-05,0.00411364495414722,"G","G"
"V235",235,0.000718835909196273,"nonsyn","c",2.41358e-05,0.0335762302511934,"P","S"
"V236",236,0.000283061090286791,"nonsyn","c",2.41358e-05,0.0852671060354717,"P","L"
"V237",237,0.0139190612227712,"syn","t",1.10618e-05,0.000794723137067838,"P","P"
"V238",238,0.000414746259286815,"nonsyn","a",1.11047e-05,0.0267746839214302,"T","A"
"V239",239,0.000339822050306876,"nonsyn","c",2.41358e-05,0.0710248201321961,"T","I"
"V240",240,0.0044778183128338,"syn","a",1.11047e-05,0.00247993536677739,"T","T"
"V241",241,0.000127504675456321,"nonsyn","c",2.41358e-05,0.189293450719525,"P","S"
"V242",242,0.000135539644662734,"nonsyn","c",2.41358e-05,0.17807188487219,"P","L"
"V243",243,0.00183465651176465,"syn","t",1.10618e-05,0.0060293575004731,"P","P"
"V244",244,0.100593472149325,"res","g",5.47833e-05,0.000544600945066074,"V","I"
"V245",245,0.000810211924272446,"res","t",1.10618e-05,0.0136529711160858,"V","A"
"V246",246,0.000687143640254471,"res","c",2.41358e-05,0.0351248248343851,"V","V"
"V247",247,0.000996478434634752,"nonsyn","a",1.11047e-05,0.0111439441276723,"N","D"
"V248",248,0.000568220296084007,"nonsyn","a",1.11047e-05,0.0195429485298749,"N","S"
"V249",249,0.00379311614952997,"syn","c",2.41358e-05,0.00636305323869158,"N","N"
"V250",250,0.000352074300181636,"res","a",1.11047e-05,0.0315407855508654,"I","V"
"V251",251,0.000108874026473031,"res","t",1.10618e-05,0.10160182697698,"I","T"
"V252",252,0.00015987170240776,"res","a",1.11047e-05,0.0694600722501657,"I","M"
"V253",253,0.00052280404491577,"nonsyn","a",1.11047e-05,0.0212406543292699,"I","V"
"V254",254,8.81775271868586e-05,"nonsyn","t",1.10618e-05,0.125449197237735,"I","T"
"V255",255,0.00246530713924402,"syn","t",1.10618e-05,0.00448698655997567,"I","I"
"V256",256,0.000314951211654153,"nonsyn","g",5.47833e-05,0.173942178892639,"G","R"
"V257",257,0.000876185105622608,"nonsyn","g",5.47833e-05,0.0625248017210605,"G","E"
"V258",258,0.17020981681971,"syn","a",1.11047e-05,6.5241242881792e-05,"G","G"
"V259",259,0.0584605407880033,"nonsyn","a",1.11047e-05,0.0001899520574103,"R","G"
"V260",260,0.00551245326113428,"nonsyn","g",5.47833e-05,0.00993809786765021,"R","K"
"V261",261,0.179858263866065,"syn","a",1.11047e-05,6.17413943696763e-05,"R","R"
"V262",262,0.000313131477774128,"nonsyn","a",1.11047e-05,0.0354633781277339,"N","D"
"V263",263,0.000542910760867132,"nonsyn","a",1.11047e-05,0.0204540060732333,"N","S"
"V264",264,0.0123105496514497,"syn","t",1.10618e-05,0.000898562640433962,"N","N"
"V266",266,0.000108222466039446,"nonsyn","t",1.10618e-05,0.102213527420158,"L","P"
"V267",267,0.00197982261302131,"syn","g",5.47833e-05,0.0276708123443432,"L","L"
"V268",268,0.00135694118516592,"syn","t",1.10618e-05,0.00815201139218678,"L","L"
"V269",269,0.00038415889758382,"nonsyn","t",1.10618e-05,0.02879485564326,"L","S"
"V270",270,0.000934629748204386,"syn","g",5.47833e-05,0.0586149757219368,"L","L"
"V271",271,0.000660960750156687,"nonsyn","a",1.11047e-05,0.0168008463397676,"T","A"
"V272",272,0.000178671619465639,"nonsyn","c",2.41358e-05,0.135084688168071,"T","I"
"V273",273,0.00773740033183129,"syn","t",1.10618e-05,0.00142965331062066,"T","T"
"V274",274,0.000127224731991685,"stop","c",2.41358e-05,0.189709969297301,"Q","*"
"V275",275,0.00448341813274764,"nonsyn","a",1.11047e-05,0.00247683791054183,"Q","R"
"V276",276,0.00935906623893696,"syn","g",5.47833e-05,0.00585350061655536,"Q","Q"
"V278",278,0.000415431670555341,"nonsyn","t",1.10618e-05,0.0266272428994467,"I","T"
"V279",279,0.000468979397119644,"syn","t",1.10618e-05,0.0235869636660775,"I","I"
"V280",280,0.000757642265738344,"nonsyn","g",5.47833e-05,0.072307608059078,"G","S"
"V281",281,0.000193428657536008,"nonsyn","g",5.47833e-05,0.283222252058498,"G","D"
"V283",283,0.000491769144845628,"nonsyn","t",1.10618e-05,0.0224938878657636,"C","R"
"V284",284,0.000297464674711646,"nonsyn","g",5.47833e-05,0.184167414342914,"C","Y"
"V285",285,0.274068329270212,"syn","c",2.41358e-05,8.80648999622421e-05,"C","C"
"V286",286,0.000541043281125691,"nonsyn","a",1.11047e-05,0.0205246056783029,"T","A"
"V287",287,0.000248561696358542,"nonsyn","c",2.41358e-05,0.0971018477649304,"T","I"
"V290",290,0.00011853638824128,"nonsyn","t",1.10618e-05,0.0933198671237035,"L","S"
"V291",291,0.00165294266683711,"syn","a",1.11047e-05,0.00671813985009458,"L","L"
"V292",292,8.2138496934615e-05,"nonsyn","a",1.11047e-05,0.13519482842302,"N","D"
"V293",293,0.000419915458188502,"nonsyn","a",1.11047e-05,0.0264450850366529,"N","S"
"V294",294,0.00358906980246013,"syn","t",1.10618e-05,0.00308207992845881,"N","N"
"V295",295,0.000573391718552054,"nonsyn","t",1.10618e-05,0.0192918726275531,"F","L"
"V296",296,0.000174645316183034,"nonsyn","t",1.10618e-05,0.0633386582690077,"F","S"
"V297",297,0.170749201092095,"syn","t",1.10618e-05,6.47839048689531e-05,"F","F"
"V298",298,0.000253532833006273,"nonsyn","c",2.41358e-05,0.0951979264926325,"P","S"
"V299",299,0.00018328072895397,"nonsyn","c",2.41358e-05,0.131687603698158,"P","L"
"V301",301,0.000347589142527351,"nonsyn","a",1.11047e-05,0.0319477758115709,"I","V"
"V302",302,0.00105452101029118,"nonsyn","t",1.10618e-05,0.0104898810853902,"I","T"
"V303",303,0.255170094303737,"syn","t",1.10618e-05,4.33506913503461e-05,"I","I"
"V304",304,0.000218370581601472,"nonsyn","a",1.11047e-05,0.0508525457896438,"S","G"
"V305",305,9.61253852782837e-05,"nonsyn","g",5.47833e-05,0.569915010914151,"S","N"
"V306",306,0.191538103424623,"syn","t",1.10618e-05,5.77524774560233e-05,"S","S"
"V307",307,0.000558310332939698,"nonsyn","c",2.41358e-05,0.0432300793591203,"P","S"
"V308",308,0.000161397898603559,"nonsyn","c",2.41358e-05,0.149542219625081,"P","L"
"V310",310,0.000216401950381802,"nonsyn","a",1.11047e-05,0.0513151567275978,"I","V"
"V311",311,0.000792662743121475,"nonsyn","t",1.10618e-05,0.013955241489513,"I","T"
"V312",312,0.000590930238353933,"syn","t",1.10618e-05,0.0187192993047931,"I","I"
"V313",313,0.00525223529240209,"nonsyn","g",5.47833e-05,0.0104304733032905,"E","K"
"V314",314,0.00063321075259827,"nonsyn","a",1.11047e-05,0.0175371311280388,"E","G"
"V315",315,0.032291242542766,"syn","a",1.11047e-05,0.000343892000603356,"E","E"
"V316",316,0.00111295894313121,"nonsyn","a",1.11047e-05,0.00997763670307363,"T","A"
"V317",317,0.000102990438101537,"nonsyn","c",2.41358e-05,0.234349910971394,"T","I"
"V318",318,0.00122250100657797,"syn","t",1.10618e-05,0.00904849970714071,"T","T"
"V319",319,0.00125580345459879,"nonsyn","g",5.47833e-05,0.0436241035962929,"V","I"
"V320",320,0.00146989224262858,"nonsyn","t",1.10618e-05,0.00752558567165332,"V","A"
"V321",321,0.167576506268655,"syn","a",1.11047e-05,6.62664489627035e-05,"V","V"
"V322",322,0.000349615883134224,"nonsyn","c",2.41358e-05,0.0690351930914243,"P","S"
"V323",323,0.00258093315034177,"nonsyn","c",2.41358e-05,0.00935157890346904,"P","L"
"V324",324,0.0143469286893632,"syn","a",1.11047e-05,0.000774012350687506,"P","P"
"V325",325,0.000340833299660352,"nonsyn","g",5.47833e-05,0.160733414412831,"V","I"
"V326",326,0.00022467379063086,"nonsyn","t",1.10618e-05,0.0492349373237513,"V","A"
"V327",327,0.0852346269645489,"syn","a",1.11047e-05,0.000130283904505369,"V","V"
"V328",328,0.168722882425119,"nonsyn","a",1.11047e-05,6.58162060793881e-05,"K","E"
"V329",329,0.028250394812235,"nonsyn","a",1.11047e-05,0.000393081232096291,"K","R"
"V330",330,0.101428864496395,"syn","a",1.11047e-05,0.000109482641407217,"K","K"
"V331",331,0.00322223961738984,"syn","t",1.10618e-05,0.00343295388099057,"L","L"
"V332",332,9.93237580136636e-05,"nonsyn","t",1.10618e-05,0.111371138398512,"L","S"
"V333",333,0.00402082921865044,"syn","a",1.11047e-05,0.00276179349983116,"L","L"
"V334",334,0.00027975568768592,"nonsyn","a",1.11047e-05,0.0396942778602849,"K","E"
"V335",335,0.00161011052126584,"nonsyn","a",1.11047e-05,0.00689685574582152,"K","R"
"V336",336,0.0168938380102216,"syn","g",5.47833e-05,0.00324279775660531,"K","K"
"V337",337,0.000571746120179943,"nonsyn","c",2.41358e-05,0.0422141911385491,"P","S"
"V338",338,0.000228022267853694,"nonsyn","c",2.41358e-05,0.105848434134013,"P","L"
"V339",339,0.0843328376308827,"syn","a",1.11047e-05,0.000131677058568861,"P","P"
"V340",340,0.000308737124372596,"nonsyn","g",5.47833e-05,0.177443189287095,"G","R"
"V341",341,0.000366292512920551,"nonsyn","g",5.47833e-05,0.149561615560192,"G","E"
"V342",342,0.181003534692141,"syn","a",1.11047e-05,6.13507356024145e-05,"G","G"
"V343",343,0.000396173916537712,"nonsyn","a",1.11047e-05,0.0280298614735858,"M","V"
"V344",344,0.00120875328766078,"nonsyn","t",1.10618e-05,0.00915141254457903,"M","T"
"V345",345,0.00179927361559842,"nonsyn","g",5.47833e-05,0.0304474536418851,"M","I"
"V346",346,0.00281630681965003,"nonsyn","g",5.47833e-05,0.0194521774466348,"D","N"
"V347",347,0.000944167347736835,"nonsyn","a",1.11047e-05,0.0117613683915441,"D","G"
"V348",348,0.00135948967895157,"syn","t",1.10618e-05,0.00813672966500988,"D","D"
"V349",349,0.000209062647675116,"nonsyn","g",5.47833e-05,0.262042505484449,"G","S"
"V350",350,0.000592259933020581,"nonsyn","g",5.47833e-05,0.092498744125067,"G","D"
"V351",351,0.0980269657612072,"syn","c",2.41358e-05,0.000246215924491579,"G","G"
"V352",352,0.00023045006159567,"nonsyn","c",2.41358e-05,0.104733319804213,"P","S"
"V353",353,0.000127435201677283,"nonsyn","c",2.41358e-05,0.189396647726282,"P","L"
"V354",354,0.000324153957725501,"syn","a",1.11047e-05,0.0342574870222737,"P","P"
"V355",355,0.000184925784387755,"nonsyn","a",1.11047e-05,0.060049495189462,"K","E"
"V356",356,0.0862472105312004,"nonsyn","a",1.11047e-05,0.000128754309056556,"K","R"
"V358",358,0.0763675967249221,"nonsyn","g",5.47833e-05,0.0007173631533454,"V","I"
"V359",359,0.000233973167170463,"nonsyn","t",1.10618e-05,0.0472780709590551,"V","A"
"V360",360,0.102531994543181,"syn","t",1.10618e-05,0.000107886324159444,"V","V"
"V361",361,0.000458296570128147,"nonsyn","a",1.11047e-05,0.0242303798976609,"K","E"
"V362",362,0.000749694255472106,"nonsyn","a",1.11047e-05,0.014812305041616,"K","R"
"V363",363,0.00428578428483772,"syn","a",1.11047e-05,0.00259105434664229,"K","K"
"V364",364,9.91110777524401e-05,"stop","c",2.41358e-05,0.243522727704429,"Q","*"
"V365",365,0.000125623502549949,"nonsyn","a",1.11047e-05,0.0883966755789561,"Q","R"
"V366",366,0.000435796153021971,"syn","a",1.11047e-05,0.0254814089637917,"Q","Q"
"V367",367,0.00054479989113553,"nonsyn","t",1.10618e-05,0.0203043359222114,"W","R"
"V368",368,0.000234205796741026,"stop","g",5.47833e-05,0.233910948244278,"W","*"
"V369",369,0.000466088213359445,"stop","g",5.47833e-05,0.117538479690649,"W","*"
"V370",370,0.000275626227519216,"nonsyn","c",2.41358e-05,0.087567138357025,"P","S"
"V371",371,0.00040289304821834,"nonsyn","c",2.41358e-05,0.0599062210349185,"P","L"
"V372",372,0.000375257919673093,"syn","a",1.11047e-05,0.0295921802521154,"P","P"
"V373",373,0.00450849953099724,"syn","t",1.10618e-05,0.00245354356231978,"L","L"
"V374",374,0.000280316957827485,"nonsyn","t",1.10618e-05,0.0394617581673662,"L","S"
"V375",375,0.0038362703147425,"syn","g",5.47833e-05,0.0142803544863541,"L","L"
"V376",376,0.00109854501641378,"nonsyn","a",1.11047e-05,0.0101085525254591,"T","A"
"V377",377,0.000216753884413106,"nonsyn","c",2.41358e-05,0.11135117631387,"T","I"
"V378",378,0.00127774004373662,"syn","a",1.11047e-05,0.00869089143322567,"T","T"
"V379",379,0.00105847997416478,"nonsyn","g",5.47833e-05,0.0517565767299735,"E","K"
"V380",380,0.000714833620594871,"nonsyn","a",1.11047e-05,0.0155346638435373,"E","G"
"V381",381,0.115530461234321,"syn","a",1.11047e-05,9.61192388687622e-05,"E","E"
"V382",382,0.00154402955686189,"nonsyn","g",5.47833e-05,0.0354807327078262,"E","K"
"V383",383,0.000984327714851003,"nonsyn","a",1.11047e-05,0.0112815069945287,"E","G"
"V385",385,0.000393008904125371,"nonsyn","a",1.11047e-05,0.0282555939151383,"K","E"
"V386",386,0.000594328814382048,"nonsyn","a",1.11047e-05,0.0186844381952877,"K","R"
"V387",387,0.196944981965209,"syn","a",1.11047e-05,5.63847826392534e-05,"K","K"
"V388",388,0.000921708740367174,"nonsyn","a",1.11047e-05,0.0120479491119682,"I","V"
"V389",389,0.000135840066988087,"nonsyn","t",1.10618e-05,0.0814325275691309,"I","T"
"V390",390,0.000170417348361598,"nonsyn","a",1.11047e-05,0.0651617931317511,"I","M"
"V391",391,0.000422226397890599,"nonsyn","a",1.11047e-05,0.0263003451595589,"K","E"
"V392",392,0.00253781130673222,"nonsyn","a",1.11047e-05,0.00437569963162423,"K","R"
"V393",393,0.0122890242168201,"syn","a",1.11047e-05,0.000903627481244682,"K","K"
"V394",394,0.000200808755880684,"nonsyn","g",5.47833e-05,0.272813303183607,"A","T"
"V395",395,0.000230835228147404,"nonsyn","c",2.41358e-05,0.104558564105249,"A","V"
"V396",396,0.0138770428179979,"syn","a",1.11047e-05,0.000800220922111569,"A","A"
"V397",397,0.00243716966333844,"syn","t",1.10618e-05,0.00453878946812736,"L","L"
"V398",398,0.00011995170273406,"nonsyn","t",1.10618e-05,0.0922187826255759,"L","S"
"V399",399,0.00160224294186082,"syn","a",1.11047e-05,0.00693072174629348,"L","L"
"V402",402,0.000823139665094043,"syn","a",1.11047e-05,0.0134906632141598,"V","V"
"V403",403,0.00291813757928242,"nonsyn","g",5.47833e-05,0.0187733780576142,"E","K"
"V405",405,0.11334351492791,"syn","a",1.11047e-05,9.79738453237749e-05,"E","E"
"V406",406,0.0002040762299337,"nonsyn","a",1.11047e-05,0.0544144705319561,"I","V"
"V407",407,0.0007724589326519,"nonsyn","t",1.10618e-05,0.0143202434879278,"I","T"
"V408",408,0.0893765178208741,"syn","t",1.10618e-05,0.000123766289733616,"I","I"
"V409",409,0.000128841344639824,"nonsyn","t",1.10618e-05,0.0858559807096339,"C","R"
"V410",410,0.000218079108197847,"nonsyn","g",5.47833e-05,0.251208382374249,"C","Y"
"V411",411,0.00474020350154968,"syn","t",1.10618e-05,0.00233361289159498,"C","C"
"V414",414,0.00197663033825652,"syn","a",1.11047e-05,0.00561799532521334,"T","T"
"V415",415,0.000660117150916515,"nonsyn","g",5.47833e-05,0.0829902691119874,"E","K"
"V416",416,0.000357838196061114,"nonsyn","a",1.11047e-05,0.0310327408371561,"E","G"
"V417",417,0.271258212643892,"syn","a",1.11047e-05,4.0937746701805e-05,"E","E"
"V418",418,0.000760940334758911,"res","a",1.11047e-05,0.014593391219718,"M","V"
"V419",419,0.00037672283813841,"res","t",1.10618e-05,0.029363231745286,"M","T"
"V420",420,0.000926015237205864,"res","g",5.47833e-05,0.0591602576274034,"M","I"
"V421",421,0.00313081815898869,"nonsyn","g",5.47833e-05,0.0174980778882718,"E","K"
"V422",422,0.000712109656733835,"nonsyn","a",1.11047e-05,0.0155940870833473,"E","G"
"V424",424,0.169328705934146,"nonsyn","a",1.11047e-05,6.55807291429885e-05,"K","E"
"V425",425,0.00251186136114054,"nonsyn","a",1.11047e-05,0.00442090482054224,"K","R"
"V426",426,0.00822374468741103,"syn","g",5.47833e-05,0.00666160029066353,"K","K"
"V427",427,0.00240772893921816,"nonsyn","g",5.47833e-05,0.0227531011102061,"E","K"
"V428",428,0.000874336376736395,"nonsyn","a",1.11047e-05,0.0127007182767005,"E","G"
"V429",429,0.00616471651424056,"syn","a",1.11047e-05,0.00180133181701835,"E","E"
"V430",430,0.000436114316883829,"nonsyn","g",5.47833e-05,0.125616834575493,"G","R"
"V431",431,0.000746684929664348,"nonsyn","g",5.47833e-05,0.073368696519195,"G","E"
"V433",433,0.000347087801066852,"nonsyn","a",1.11047e-05,0.0319939219006465,"K","E"
"V434",434,0.000307189372859132,"nonsyn","a",1.11047e-05,0.0361493625142179,"K","R"
"V435",435,0.00733365818407614,"syn","a",1.11047e-05,0.00151421019650358,"K","K"
"V436",436,0.000504295159589383,"nonsyn","a",1.11047e-05,0.0220202391175872,"I","V"
"V437",437,0.000131404040032645,"nonsyn","t",1.10618e-05,0.0841815822196324,"I","T"
"V438",438,0.293015712745066,"syn","t",1.10618e-05,3.77515591104977e-05,"I","I"
"V440",440,0.00014282636908323,"nonsyn","c",2.41358e-05,0.16898700257468,"S","L"
"V441",441,0.00211821672018359,"syn","a",1.11047e-05,0.00524247584970321,"S","S"
"V442",442,0.0033238407084588,"nonsyn","a",1.11047e-05,0.00334092424216954,"K","E"
"V443",443,0.086006254979332,"nonsyn","a",1.11047e-05,0.000129115027769417,"K","R"
"V444",444,0.00225480617532488,"syn","a",1.11047e-05,0.00492490224726299,"K","K"
"V445",445,0.070597412951801,"nonsyn","a",1.11047e-05,0.000157296132190871,"I","V"
"V446",446,0.000101066973701047,"nonsyn","t",1.10618e-05,0.109450195201456,"I","T"
"V447",447,0.00160576950186589,"syn","t",1.10618e-05,0.00688878446573203,"I","I"
"V448",448,0.000246259143317992,"nonsyn","g",5.47833e-05,0.222461993743147,"G","R"
"V449",449,0.000157539388006275,"nonsyn","g",5.47833e-05,0.347743511596083,"G","E"
"V450",450,0.00391443980727294,"syn","g",5.47833e-05,0.0139951826307851,"G","G"
"V451",451,0.00033149865343696,"nonsyn","c",2.41358e-05,0.0728081388861202,"P","S"
"V452",452,9.97589329948221e-05,"nonsyn","c",2.41358e-05,0.24194124050277,"P","L"
"V453",453,0.00348579833044111,"syn","t",1.10618e-05,0.00317339069888193,"P","P"
"V454",454,0.0015495043358579,"nonsyn","g",5.47833e-05,0.0353553705738219,"E","K"
"V455",455,0.000214730258671885,"nonsyn","a",1.11047e-05,0.0517146492007367,"E","G"
"V456",456,0.000831024706428697,"syn","a",1.11047e-05,0.01336265927366,"E","E"
"V457",457,0.000776739516368068,"nonsyn","a",1.11047e-05,0.0142965560087945,"N","D"
"V458",458,0.000294462909330886,"nonsyn","a",1.11047e-05,0.0377117105350668,"N","S"
"V459",459,0.117043062985282,"syn","t",1.10618e-05,9.4510513633696e-05,"N","N"
"V460",460,0.0007321688292518,"nonsyn","c",2.41358e-05,0.0329648013350476,"P","S"
"V461",461,0.000149749372174011,"nonsyn","c",2.41358e-05,0.161174632318017,"P","L"
"V462",462,0.168271193310622,"syn","a",1.11047e-05,6.59928760325669e-05,"P","P"
"V463",463,0.000256048059799104,"nonsyn","t",1.10618e-05,0.0432020457748406,"Y","H"
"V464",464,0.000341816440997911,"nonsyn","a",1.11047e-05,0.0324873197075616,"Y","C"
"V466",466,0.000118973887781135,"nonsyn","a",1.11047e-05,0.0933372877620699,"N","D"
"V467",467,0.000384338336908726,"nonsyn","a",1.11047e-05,0.0288930323457095,"N","S"
"V469",469,0.000432123067331406,"nonsyn","a",1.11047e-05,0.0256980032761906,"T","A"
"V470",470,9.27875436573512e-05,"nonsyn","c",2.41358e-05,0.26011896692868,"T","I"
"V471",471,0.0240483356901819,"syn","t",1.10618e-05,0.000459981935652875,"T","T"
"V472",472,0.000105683811957635,"nonsyn","c",2.41358e-05,0.228377454909321,"P","S"
"V473",473,0.000120900557229104,"nonsyn","c",2.41358e-05,0.199633488489744,"P","L"
"V474",474,0.000617440499804628,"syn","a",1.11047e-05,0.0179850528164475,"P","P"
"V475",475,0.0310752931245834,"nonsyn","g",5.47833e-05,0.00176292142379379,"V","I"
"V476",476,0.000217801222113602,"nonsyn","t",1.10618e-05,0.0507885120783681,"V","A"
"V477",477,0.00411353035590723,"syn","a",1.11047e-05,0.00269955464995004,"V","V"
"V478",478,0.000151187023856096,"nonsyn","t",1.10618e-05,0.0731663321220537,"F","L"
"V479",479,0.000172632838308623,"nonsyn","t",1.10618e-05,0.0640770325528933,"F","S"
"V480",480,0.000866245426909602,"syn","t",1.10618e-05,0.0127698221039548,"F","F"
"V481",481,0.000442584912391651,"res","g",5.47833e-05,0.123780315293535,"A","T"
"V482",482,0.000342319882221966,"res","c",2.41358e-05,0.0705065678433189,"A","V"
"V483",483,0.350091710905385,"res","c",2.41358e-05,6.89413637860249e-05,"A","A"
"V484",484,0.00035644602689853,"nonsyn","a",1.11047e-05,0.0311539452315489,"I","V"
"V485",485,9.06015652883849e-05,"nonsyn","t",1.10618e-05,0.122092813350302,"I","T"
"V486",486,0.000169154434012511,"nonsyn","a",1.11047e-05,0.0656482939086224,"I","M"
"V487",487,0.000137318679322138,"nonsyn","a",1.11047e-05,0.0808680949657935,"K","E"
"V488",488,0.00347995553453164,"nonsyn","a",1.11047e-05,0.00319104652051094,"K","R"
"V490",490,0.000282118814177149,"res","a",1.11047e-05,0.0393617846168427,"K","E"
"V491",491,0.0016524517407661,"res","a",1.11047e-05,0.0067201357389425,"K","R"
"V493",493,0.000559308697717081,"nonsyn","a",1.11047e-05,0.0198543309720121,"K","E"
"V494",494,0.000823436389632137,"nonsyn","a",1.11047e-05,0.0134858018662024,"K","R"
"V496",496,0.026869477236354,"res","g",5.47833e-05,0.0020388673556283,"D","N"
"V497",497,0.00139993765627028,"res","a",1.11047e-05,0.00793228180573782,"D","G"
"V498",498,0.20210289967676,"res","c",2.41358e-05,0.000119423323656426,"D","D"
"V499",499,0.0187260645032291,"nonsyn","a",1.11047e-05,0.000593007676443981,"S","G"
"V500",500,0.000611941596962367,"nonsyn","g",5.47833e-05,0.0895237393109738,"S","N"
"V501",501,0.00429507965546715,"syn","t",1.10618e-05,0.0025754586380999,"S","S"
"V502",502,0.000527953130272808,"nonsyn","a",1.11047e-05,0.0210334958981338,"T","A"
"V503",503,0.000457190003858099,"nonsyn","c",2.41358e-05,0.0527916179188625,"T","I"
"V504",504,0.00592898838531438,"syn","t",1.10618e-05,0.00186571456732808,"T","T"
"V505",505,0.000181664501159387,"res","a",1.11047e-05,0.0611275176445015,"K","E"
"V506",506,0.0269643010893502,"res","a",1.11047e-05,0.0004118296989491,"K","R"
"V508",508,0.000146836088079771,"nonsyn","t",1.10618e-05,0.0753343414732657,"W","R"
"V509",509,0.000844683030554774,"stop","g",5.47833e-05,0.0648566361798688,"W","*"
"V510",510,0.00233920919570809,"stop","g",5.47833e-05,0.023419581327106,"W","*"
"V511",511,0.00464648548161002,"nonsyn","a",1.11047e-05,0.00238991384863903,"R","G"
"V512",512,0.00418388826000862,"nonsyn","g",5.47833e-05,0.0130938726360458,"R","K"
"V513",513,0.00291672193221088,"syn","a",1.11047e-05,0.00380725357373461,"R","R"
"V514",514,0.000235547576955901,"nonsyn","a",1.11047e-05,0.0471441911800223,"K","E"
"V515",515,0.000251863302396632,"nonsyn","a",1.11047e-05,0.0440901865985717,"K","R"
"V516",516,0.0883236295927407,"syn","a",1.11047e-05,0.000125727396521221,"K","K"
"V517",517,0.031805555875736,"syn","t",1.10618e-05,0.000347794581651656,"L","L"
"V518",518,0.000100943159326321,"nonsyn","t",1.10618e-05,0.109584444095318,"L","S"
"V519",519,0.00345718926634569,"syn","a",1.11047e-05,0.00321206018660872,"L","L"
"V520",520,0.00026323971216433,"res","g",5.47833e-05,0.208111836734577,"V","I"
"V521",521,0.000462078805684031,"res","t",1.10618e-05,0.0239392066113589,"V","A"
"V522",522,0.00131935455915373,"res","a",1.11047e-05,0.00841676706458868,"V","V"
"V523",523,0.000968590011336126,"nonsyn","g",5.47833e-05,0.0565598440607796,"D","N"
"V524",524,0.000165294697193944,"nonsyn","a",1.11047e-05,0.0671812235269146,"D","G"
"V525",525,0.00542177694159385,"syn","t",1.10618e-05,0.00204025361411275,"D","D"
"V526",526,0.000143692375736134,"res","t",1.10618e-05,0.0769825117256957,"F","L"
"V527",527,0.000171337390873841,"res","t",1.10618e-05,0.0645615060646338,"F","S"
"V528",528,0.115111696063568,"res","c",2.41358e-05,0.000209672872743284,"F","F"
"V529",529,0.000632225057890047,"nonsyn","a",1.11047e-05,0.0175644730644815,"R","G"
"V530",530,0.000968228383417018,"nonsyn","g",5.47833e-05,0.0565809688481366,"R","K"
"V532",532,0.000585939864375676,"nonsyn","g",5.47833e-05,0.093496454722998,"E","K"
"V533",533,0.000320950796248454,"nonsyn","a",1.11047e-05,0.0345993844844792,"E","G"
"V534",534,0.158678598114105,"syn","a",1.11047e-05,6.99823424959593e-05,"E","E"
"V535",535,9.93503334761377e-05,"nonsyn","c",2.41358e-05,0.242936275657263,"L","F"
"V536",536,0.000614730961464894,"nonsyn","t",1.10618e-05,0.017994538576095,"L","P"
"V538",538,0.00022897209579659,"nonsyn","a",1.11047e-05,0.0484980493425058,"N","D"
"V539",539,0.000551071388792147,"nonsyn","a",1.11047e-05,0.0201511096853342,"N","S"
"V540",540,0.272559438710293,"syn","t",1.10618e-05,4.05849089370841e-05,"N","N"
"V541",541,0.000265201170650518,"nonsyn","a",1.11047e-05,0.0418727412581213,"K","E"
"V542",542,0.000600580369097613,"nonsyn","a",1.11047e-05,0.0184899483422761,"K","R"
"V544",544,0.000775003413996424,"nonsyn","a",1.11047e-05,0.0143285820416415,"R","G"
"V545",545,0.279408999892235,"nonsyn","g",5.47833e-05,0.000196068487490129,"R","K"
"V546",546,0.00562788952161079,"syn","a",1.11047e-05,0.00197315529335794,"R","R"
"V547",547,0.000441480492900078,"nonsyn","a",1.11047e-05,0.025153319747048,"T","A"
"V548",548,9.0541444884352e-05,"nonsyn","c",2.41358e-05,0.266571844869811,"T","I"
"V549",549,0.093562326440164,"syn","t",1.10618e-05,0.000118229210632918,"T","T"
"V550",550,8.53033425355031e-05,"stop","c",2.41358e-05,0.282940847129815,"Q","*"
"V551",551,0.000463028607566508,"nonsyn","a",1.11047e-05,0.0239827514294675,"Q","R"
"V552",552,0.222953182798861,"syn","a",1.11047e-05,4.98073176646157e-05,"Q","Q"
"V553",553,0.00112053451782937,"nonsyn","g",5.47833e-05,0.048890327900048,"D","N"
"V554",554,0.000934166708814119,"nonsyn","a",1.11047e-05,0.0118872786786599,"D","G"
"V555",555,0.0393890702983985,"syn","c",2.41358e-05,0.000612753736433868,"D","D"
"V556",556,0.000732450217099165,"nonsyn","t",1.10618e-05,0.0151024598556469,"F","L"
"V557",557,0.000136622100240786,"nonsyn","t",1.10618e-05,0.0809664028038247,"F","S"
"V559",559,0.00017419840765945,"nonsyn","t",1.10618e-05,0.0635011545089741,"W","R"
"V560",560,0.000241495644028175,"stop","g",5.47833e-05,0.226850054461473,"W","*"
"V561",561,0.000213785750341937,"stop","g",5.47833e-05,0.256253281205026,"W","*"
"V562",562,0.000305082719913203,"nonsyn","g",5.47833e-05,0.179568675720428,"E","K"
"V563",563,0.000325620053940388,"nonsyn","a",1.11047e-05,0.0341032435368154,"E","G"
"V564",564,0.00922325651979298,"syn","a",1.11047e-05,0.0012039890657025,"E","E"
"V565",565,0.000505770682001629,"nonsyn","g",5.47833e-05,0.108316480075893,"V","I"
"V566",566,0.000365305969548488,"nonsyn","t",1.10618e-05,0.0302809177021448,"V","A"
"V567",567,0.00606283633394279,"syn","t",1.10618e-05,0.00182452558352442,"V","V"
"V568",568,0.000144501673654826,"stop","c",2.41358e-05,0.167027823204689,"Q","*"
"V569",569,0.000162268478414742,"nonsyn","a",1.11047e-05,0.0684341167704641,"Q","R"
"V570",570,0.00247117773824312,"syn","a",1.11047e-05,0.00449368729255989,"Q","Q"
"V571",571,0.12256750881459,"syn","t",1.10618e-05,9.02506717072414e-05,"L","L"
"V572",572,0.000134911772674801,"nonsyn","t",1.10618e-05,0.0819928445137549,"L","S"
"V573",573,0.0989760064139727,"syn","a",1.11047e-05,0.000112195878600658,"L","L"
"V574",574,0.000174338353394449,"nonsyn","g",5.47833e-05,0.314235502018595,"G","R"
"V575",575,0.00205422345866027,"nonsyn","g",5.47833e-05,0.0266686176564884,"G","E"
"V576",576,0.104495043585967,"syn","a",1.11047e-05,0.000106270112140432,"G","G"
"V577",577,0.00032229978783419,"nonsyn","a",1.11047e-05,0.0344545681355301,"I","V"
"V578",578,0.000216804602564941,"nonsyn","t",1.10618e-05,0.051021979557314,"I","T"
"V579",579,0.000371985920949922,"nonsyn","a",1.11047e-05,0.0298524739098794,"I","M"
"V580",580,0.000228164061664407,"nonsyn","c",2.41358e-05,0.105782654042598,"P","S"
"V581",581,0.00016685168070624,"nonsyn","c",2.41358e-05,0.144654221628691,"P","L"
"V582",582,0.16872096125437,"syn","a",1.11047e-05,6.58169555071355e-05,"P","P"
"V583",583,0.000107068815063189,"nonsyn","c",2.41358e-05,0.225423247523154,"H","Y"
"V584",584,0.000293814825892492,"nonsyn","a",1.11047e-05,0.0377948933184987,"H","R"
"V586",586,9.69178509339813e-05,"nonsyn","c",2.41358e-05,0.249033586355943,"P","S"
"V587",587,0.000168774534952587,"nonsyn","c",2.41358e-05,0.14300617096519,"P","L"
"V589",589,0.000413959862580969,"nonsyn","g",5.47833e-05,0.13233964196054,"A","T"
"V590",590,9.60958584068794e-05,"nonsyn","c",2.41358e-05,0.251163789991933,"A","V"
"V591",591,0.0064601988626763,"syn","a",1.11047e-05,0.00171894089269562,"A","A"
"V592",592,0.000113479794182834,"nonsyn","g",5.47833e-05,0.482758189636257,"G","R"
"V593",593,0.000139970262697747,"nonsyn","g",5.47833e-05,0.391392421105184,"G","E"
"V594",594,0.191876762606721,"syn","g",5.47833e-05,0.000285512947246698,"G","G"
"V595",595,0.0118095765130031,"res","t",1.10618e-05,0.000936680497206675,"L","L"
"V596",596,0.000162053901013456,"res","t",1.10618e-05,0.0682600044233523,"L","S"
"V597",597,0.00385595986956481,"res","a",1.11047e-05,0.0028798795567479,"L","L"
"V598",598,0.0017292500789186,"res","a",1.11047e-05,0.00642168540882438,"K","E"
"V599",599,0.000345661729820247,"res","a",1.11047e-05,0.032125916877679,"K","R"
"V600",600,0.00996423152803814,"res","a",1.11047e-05,0.00111445623967616,"K","K"
"V601",601,0.000348082040079501,"nonsyn","a",1.11047e-05,0.0319025365326626,"K","E"
"V602",602,0.00740918659093394,"nonsyn","a",1.11047e-05,0.00149877450968612,"K","R"
"V603",603,0.00230089669595184,"syn","g",5.47833e-05,0.0238095435124857,"K","K"
"V604",604,0.000545019797403113,"res","a",1.11047e-05,0.0203748562032264,"K","E"
"V605",605,0.102474454310608,"res","a",1.11047e-05,0.000108365544122253,"K","R"
"V606",606,0.0970605549240367,"res","a",1.11047e-05,0.000114410019690192,"K","K"
"V607",607,0.000154460193072116,"nonsyn","a",1.11047e-05,0.0718936042946376,"K","E"
"V608",608,0.00165009008101523,"nonsyn","a",1.11047e-05,0.00672975380420913,"K","R"
"V609",609,0.00455370859661066,"syn","a",1.11047e-05,0.00243860575713283,"K","K"
"V610",610,0.000106771568339272,"nonsyn","t",1.10618e-05,0.103602486804826,"S","P"
"V611",611,0.000105046330281087,"nonsyn","c",2.41358e-05,0.229763380933123,"S","L"
"V612",612,0.00366792242260945,"syn","a",1.11047e-05,0.00302751768454793,"S","S"
"V613",613,0.000631239598148963,"res","g",5.47833e-05,0.0867868558319942,"V","I"
"V614",614,0.000191060312746635,"res","t",1.10618e-05,0.0578969009365593,"V","A"
"V616",616,0.000607237908559299,"nonsyn","a",1.11047e-05,0.0182872311551603,"T","A"
"V617",617,0.000142780767901403,"nonsyn","c",2.41358e-05,0.169040973478073,"T","I"
"V618",618,0.000678451794270301,"syn","a",1.11047e-05,0.0163677067313876,"T","T"
"V619",619,0.000915478554231645,"res","g",5.47833e-05,0.0598411614851855,"V","I"
"V620",620,0.000265156666037354,"res","t",1.10618e-05,0.041717978149724,"V","A"
"V621",621,0.102461221591292,"res","a",1.11047e-05,0.000108379539376327,"V","V"
"V622",622,0.103403283236372,"syn","c",2.41358e-05,0.000233414251893988,"L","L"
"V623",623,0.000381030828032683,"nonsyn","t",1.10618e-05,0.0290312467815627,"L","P"
"V624",624,0.297284370856531,"syn","g",5.47833e-05,0.000184279112427469,"L","L"
"V625",625,0.00111480163497292,"nonsyn","g",5.47833e-05,0.0491417470887823,"D","N"
"V626",626,0.000401481761268499,"nonsyn","a",1.11047e-05,0.0276592888426967,"D","G"
"V627",627,0.00329831675232737,"syn","t",1.10618e-05,0.00335377128112226,"D","D"
"V628",628,0.000425970831721242,"nonsyn","g",5.47833e-05,0.128608101589103,"V","M"
"V629",629,0.000694941770508532,"nonsyn","t",1.10618e-05,0.0159175926234876,"V","A"
"V630",630,0.101565498922343,"syn","g",5.47833e-05,0.000539388873005856,"V","V"
"V631",631,0.000254998329672002,"nonsyn","g",5.47833e-05,0.214837877842048,"G","S"
"V632",632,0.000145021322429665,"nonsyn","g",5.47833e-05,0.377760311947022,"G","D"
"V634",634,0.000455643275261777,"nonsyn","g",5.47833e-05,0.120232872894976,"D","N"
"V635",635,0.000917896588652079,"nonsyn","a",1.11047e-05,0.0120979859139766,"D","G"
"V636",636,0.116040354164364,"syn","t",1.10618e-05,9.53271823380656e-05,"D","D"
"V637",637,0.000828933418107463,"nonsyn","g",5.47833e-05,0.0660889026830113,"A","T"
"V638",638,0.000214213930194175,"nonsyn","c",2.41358e-05,0.11267147742503,"A","V"
"V639",639,0.00432577713688566,"syn","a",1.11047e-05,0.00256709942482031,"A","A"
"V640",640,0.000452811541725101,"nonsyn","t",1.10618e-05,0.0244291476269736,"Y","H"
"V641",641,7.10641910524227e-05,"nonsyn","a",1.11047e-05,0.156262948125425,"Y","C"
"V642",642,0.00951636714264782,"syn","t",1.10618e-05,0.00116239735543896,"Y","Y"
"V643",643,0.000126732218164812,"res","t",1.10618e-05,0.0872848290685989,"F","L"
"V644",644,0.000244441023600214,"res","t",1.10618e-05,0.0452534514750343,"F","S"
"V645",645,0.227035863521732,"res","t",1.10618e-05,4.87226988212862e-05,"F","F"
"V646",646,0.000474146522964239,"nonsyn","t",1.10618e-05,0.0233299190529639,"S","P"
"V647",647,0.000119585395826332,"nonsyn","c",2.41358e-05,0.201828992856713,"S","L"
"V648",648,0.000527775860291597,"syn","a",1.11047e-05,0.0210405606536544,"S","S"
"V649",649,0.00363796970359288,"nonsyn","g",5.47833e-05,0.0150587565217752,"V","I"
"V650",650,0.000419964226943213,"nonsyn","t",1.10618e-05,0.0263398625176133,"V","A"
"V651",651,0.0873477721571237,"syn","t",1.10618e-05,0.000126640894516482,"V","V"
"V652",652,0.000117605672592,"nonsyn","c",2.41358e-05,0.205226495185589,"P","S"
"V653",653,0.000117589912586041,"nonsyn","c",2.41358e-05,0.20525400069789,"P","L"
"V655",655,0.00282728334903296,"syn","t",1.10618e-05,0.00391251906314362,"L","L"
"V656",656,0.000179382027443598,"nonsyn","t",1.10618e-05,0.0616661555097993,"L","S"
"V657",657,0.0011083042533278,"syn","a",1.11047e-05,0.0100195410841896,"L","L"
"V658",658,0.0904492772001157,"nonsyn","g",5.47833e-05,0.000605679798621209,"D","N"
"V659",659,0.00128017191645778,"nonsyn","a",1.11047e-05,0.00867438182109679,"D","G"
"V660",660,0.00385701546420733,"syn","t",1.10618e-05,0.00286796879676845,"D","D"
"V662",662,0.000494328211408254,"nonsyn","a",1.11047e-05,0.0224642246663703,"K","R"
"V663",663,0.0150653208134719,"syn","a",1.11047e-05,0.000737103453520208,"K","K"
"V664",664,0.0999071684702642,"nonsyn","g",5.47833e-05,0.000548342034298624,"D","N"
"V666",666,0.146147436290242,"syn","c",2.41358e-05,0.000165146927052949,"D","D"
"V667",667,0.000233132648779087,"nonsyn","t",1.10618e-05,0.0474485236535102,"F","L"
"V668",668,0.000100439688049704,"nonsyn","t",1.10618e-05,0.110133755040397,"F","S"
"V669",669,0.39664076640964,"syn","c",2.41358e-05,6.08505278428017e-05,"F","F"
"V670",670,0.000753774383709061,"nonsyn","a",1.11047e-05,0.0147321270661357,"R","G"
"V671",671,0.000141737522749266,"nonsyn","g",5.47833e-05,0.38651232882708,"R","K"
"V672",672,0.173827407380237,"syn","g",5.47833e-05,0.000315159161754997,"R","R"
"V673",673,0.000386060740435647,"nonsyn","a",1.11047e-05,0.0287641265658585,"K","E"
"V674",674,0.000586723074382382,"nonsyn","a",1.11047e-05,0.0189266461212378,"K","R"
"V676",676,0.000219811475126339,"nonsyn","t",1.10618e-05,0.0503240333273871,"Y","H"
"V677",677,0.000187711486368169,"nonsyn","a",1.11047e-05,0.0591583403597355,"Y","C"
"V678",678,0.00159672654480641,"syn","t",1.10618e-05,0.00692779864904242,"Y","Y"
"V679",679,0.000400029353532573,"nonsyn","a",1.11047e-05,0.027759712885909,"T","A"
"V680",680,0.000189872464823646,"nonsyn","c",2.41358e-05,0.127115851276368,"T","I"
"V681",681,0.00095206297067094,"syn","t",1.10618e-05,0.0116187692839314,"T","T"
"V682",682,0.000232309086065836,"nonsyn","g",5.47833e-05,0.235820737482797,"A","T"
"V683",683,0.000110342102743471,"nonsyn","c",2.41358e-05,0.218736088944328,"A","V"
"V684",684,0.00117814379461817,"syn","a",1.11047e-05,0.00942558968669776,"A","A"
"V685",685,0.000338245289244894,"nonsyn","t",1.10618e-05,0.0327034857593867,"F","L"
"V686",686,0.000152562211092786,"nonsyn","t",1.10618e-05,0.0725068148971201,"F","S"
"V688",688,0.00034824663143245,"nonsyn","a",1.11047e-05,0.031887458478271,"T","A"
"V689",689,0.000294925056032824,"nonsyn","c",2.41358e-05,0.0818370616747931,"T","I"
"V690",690,0.00176913285027854,"syn","c",2.41358e-05,0.0136427289766283,"T","T"
"V691",691,0.0358777985364168,"nonsyn","a",1.11047e-05,0.000309514531353658,"I","V"
"V692",692,0.000324232888083527,"nonsyn","t",1.10618e-05,0.034116835171731,"I","T"
"V693",693,0.00140435242931595,"nonsyn","a",1.11047e-05,0.00790734559800566,"I","M"
"V694",694,0.000194149446168883,"nonsyn","c",2.41358e-05,0.124315574812432,"P","S"
"V695",695,7.27677605060386e-05,"nonsyn","c",2.41358e-05,0.331682599988728,"P","L"
"V696",696,0.103680199674756,"syn","t",1.10618e-05,0.000106691538352557,"P","P"
"V697",697,0.000188771062536775,"nonsyn","a",1.11047e-05,0.0588262832807686,"S","G"
"V698",698,0.00301085787690339,"nonsyn","g",5.47833e-05,0.018195246085924,"S","N"
"V699",699,0.0511465527675274,"syn","t",1.10618e-05,0.000216276550450592,"S","S"
"V700",700,0.000650933507544952,"nonsyn","a",1.11047e-05,0.017059653361343,"I","V"
"V701",701,0.346700314398704,"nonsyn","t",1.10618e-05,3.19059416464185e-05,"I","T"
"V702",702,0.0638731932226606,"nonsyn","a",1.11047e-05,0.000173855406935571,"I","M"
"V703",703,0.000366618003942178,"nonsyn","a",1.11047e-05,0.0302895653802954,"N","D"
"V704",704,0.000271366585453338,"nonsyn","a",1.11047e-05,0.040921397825929,"N","S"
"V705",705,0.113314599583564,"syn","c",2.41358e-05,0.000212998149300268,"N","N"
"V706",706,0.000142929983474351,"nonsyn","a",1.11047e-05,0.0776932854119634,"N","D"
"V707",707,0.000225560003827667,"nonsyn","a",1.11047e-05,0.0492316891805172,"N","S"
"V708",708,0.0026800708106027,"syn","t",1.10618e-05,0.00412742825907364,"N","N"
"V709",709,0.000234537196802022,"nonsyn","g",5.47833e-05,0.233580433069829,"E","K"
"V710",710,0.000909008045121317,"nonsyn","a",1.11047e-05,0.0122162835187206,"E","G"
"V712",712,0.00161942405466159,"nonsyn","a",1.11047e-05,0.00685719096739029,"T","A"
"V713",713,0.000260560173897446,"nonsyn","c",2.41358e-05,0.0926304263578657,"T","I"
"V714",714,0.00413482371326602,"syn","a",1.11047e-05,0.00268565258643847,"T","T"
"V715",715,0.000112720283698829,"nonsyn","c",2.41358e-05,0.21412117862023,"P","S"
"V716",716,0.000170639134397033,"nonsyn","c",2.41358e-05,0.141443521061483,"P","L"
"V717",717,0.000978881396626896,"syn","a",1.11047e-05,0.0113442752495506,"P","P"
"V718",718,8.9909026286404e-05,"nonsyn","g",5.47833e-05,0.609319244827416,"G","R"
"V719",719,0.000138368041865748,"nonsyn","g",5.47833e-05,0.395924515959787,"G","E"
"V720",720,0.317894454055019,"syn","g",5.47833e-05,0.000172331726147442,"G","G"
"V721",721,0.0864765267976362,"nonsyn","a",1.11047e-05,0.000128412881636494,"I","V"
"V722",722,0.00270149276725255,"nonsyn","t",1.10618e-05,0.0040946990989911,"I","T"
"V723",723,0.180471298912223,"syn","t",1.10618e-05,6.12939568046231e-05,"I","I"
"V724",724,0.000645880028103743,"nonsyn","a",1.11047e-05,0.0171931311030047,"R","G"
"V725",725,0.000637491267342352,"nonsyn","g",5.47833e-05,0.0859357654080298,"R","K"
"V726",726,0.0028401343794786,"syn","a",1.11047e-05,0.00390992062919172,"R","R"
"V727",727,0.000220461281560649,"nonsyn","t",1.10618e-05,0.0501757039680316,"Y","H"
"V728",728,0.000119482228440441,"nonsyn","a",1.11047e-05,0.0929401815227726,"Y","C"
"V729",729,0.00769085433292932,"syn","t",1.10618e-05,0.00143830574876936,"Y","Y"
"V730",730,0.0001203058123304,"stop","c",2.41358e-05,0.200620398403654,"Q","*"
"V731",731,0.00026810856290289,"nonsyn","a",1.11047e-05,0.0414186696604023,"Q","R"
"V733",733,0.000333959017509218,"nonsyn","t",1.10618e-05,0.0331232259649784,"Y","H"
"V734",734,0.000143864428579703,"nonsyn","a",1.11047e-05,0.0771886428746202,"Y","C"
"V736",736,0.00013525650572799,"nonsyn","a",1.11047e-05,0.0821010415745347,"N","D"
"V737",737,0.000219512737580614,"nonsyn","a",1.11047e-05,0.0505879527647998,"N","S"
"V738",738,0.0304485638303492,"syn","t",1.10618e-05,0.000363294638841859,"N","N"
"V739",739,0.000139234376716006,"nonsyn","g",5.47833e-05,0.39346102084933,"V","M"
"V740",740,0.00059782115970207,"nonsyn","t",1.10618e-05,0.018503527050653,"V","A"
"V741",741,0.126633421995995,"syn","g",5.47833e-05,0.000432613279626391,"V","V"
"V742",742,0.0027510270218083,"nonsyn","c",2.41358e-05,0.0087733780179793,"L","F"
"V743",743,0.00134030936067277,"nonsyn","t",1.10618e-05,0.00825316924926012,"L","P"
"V744",744,0.274151328760002,"syn","t",1.10618e-05,4.03492481690057e-05,"L","L"
"V745",745,0.000166726316918334,"nonsyn","c",2.41358e-05,0.144762989107605,"P","S"
"V746",746,0.000335044467581944,"nonsyn","c",2.41358e-05,0.0720376019762122,"P","L"
"V747",747,0.102567569415317,"syn","a",1.11047e-05,0.000108267165375,"P","P"
"V748",748,0.000113107161134568,"res","c",2.41358e-05,0.213388787746911,"Q","*"
"V749",749,0.000679792159254067,"res","a",1.11047e-05,0.0163354340717685,"Q","R"
"V750",750,0.128878298937803,"res","g",5.47833e-05,0.000425077770668268,"Q","Q"
"V751",751,0.000115195418477507,"nonsyn","g",5.47833e-05,0.475568392597983,"G","R"
"V752",752,0.000831387472629682,"nonsyn","g",5.47833e-05,0.0658938242438513,"G","E"
"V753",753,0.00378850748236833,"syn","a",1.11047e-05,0.002931154300653,"G","G"
"V754",754,0.000371245495438773,"nonsyn","t",1.10618e-05,0.0297964558113389,"W","R"
"V755",755,0.000676550502916555,"stop","g",5.47833e-05,0.0809744428004023,"W","*"
"V756",756,0.00090252308613398,"stop","g",5.47833e-05,0.0607001647289357,"W","*"
"V757",757,0.000368740528486491,"nonsyn","a",1.11047e-05,0.0301152142011068,"K","E"
"V758",758,0.000456933270891847,"nonsyn","a",1.11047e-05,0.0243026732947805,"K","R"
"V759",759,0.00305047413299391,"syn","a",1.11047e-05,0.00364031934573437,"K","K"
"V760",760,0.000145687255238758,"nonsyn","g",5.47833e-05,0.376033578985471,"G","R"
"V761",761,0.000155605939581803,"nonsyn","g",5.47833e-05,0.35206432445466,"G","E"
"V762",762,0.00161580839966019,"syn","a",1.11047e-05,0.00687253513618035,"G","G"
"V763",763,0.000501977772940479,"nonsyn","t",1.10618e-05,0.0220364338747557,"S","P"
"V764",764,0.000131255454126438,"nonsyn","c",2.41358e-05,0.183884168171405,"S","L"
"V765",765,0.00169967119408492,"syn","a",1.11047e-05,0.00653344013750768,"S","S"
"V766",766,0.000102706504562349,"nonsyn","c",2.41358e-05,0.234997774511429,"P","S"
"V767",767,0.000118797061467182,"nonsyn","c",2.41358e-05,0.203168325057161,"P","L"
"V768",768,0.000891406150444893,"syn","a",1.11047e-05,0.0124575088409001,"P","P"
"V769",769,0.000194591153041599,"nonsyn","g",5.47833e-05,0.281530270743031,"A","T"
"V770",770,8.45388187483802e-05,"nonsyn","c",2.41358e-05,0.285499612572508,"A","V"
"V771",771,0.00199915179412943,"syn","a",1.11047e-05,0.00555470576702045,"A","A"
"V772",772,0.000297691661969961,"nonsyn","a",1.11047e-05,0.0373026907321325,"I","V"
"V773",773,8.49978145409838e-05,"nonsyn","t",1.10618e-05,0.130142169651507,"I","T"
"V774",774,8.9751456794655e-05,"nonsyn","a",1.11047e-05,0.123727239608007,"I","M"
"V775",775,0.000412125988448384,"nonsyn","t",1.10618e-05,0.0268408212780918,"F","L"
"V776",776,0.000464215191597585,"nonsyn","t",1.10618e-05,0.0238290348963615,"F","S"
"V777",777,0.13868653099245,"syn","c",2.41358e-05,0.000174031319604597,"F","F"
"V778",778,0.000442741259505211,"stop","c",2.41358e-05,0.0545144584603955,"Q","*"
"V779",779,0.00021290650478819,"nonsyn","a",1.11047e-05,0.0521576360996932,"Q","R"
"V781",781,0.058756407546515,"nonsyn","a",1.11047e-05,0.000188995557483818,"S","G"
"V782",782,0.108702470493215,"nonsyn","g",5.47833e-05,0.000503974746401184,"S","N"
"V783",783,0.0163452362427129,"syn","t",1.10618e-05,0.000676759872769145,"S","S"
"V784",784,0.000267966647856597,"nonsyn","a",1.11047e-05,0.0414406049738798,"S","G"
"V785",785,0.000189915440076932,"nonsyn","g",5.47833e-05,0.288461538344687,"S","N"
"V786",786,0.0108976979266358,"syn","c",2.41358e-05,0.00221476133422712,"S","S"
"V787",787,0.000599425135471359,"nonsyn","a",1.11047e-05,0.0185255828340728,"M","V"
"V788",788,0.00045754876806467,"nonsyn","t",1.10618e-05,0.0241762207049294,"M","T"
"V789",789,0.00022654351696551,"nonsyn","g",5.47833e-05,0.241822413343837,"M","I"
"V790",790,0.00152009672484219,"nonsyn","a",1.11047e-05,0.00730525881578546,"T","A"
"V791",791,0.200296509459644,"nonsyn","c",2.41358e-05,0.000120500352527925,"T","I"
"V792",792,0.00423294815917041,"syn","a",1.11047e-05,0.00262339617269878,"T","T"
"V793",793,0.000151885059112163,"nonsyn","a",1.11047e-05,0.0731125238052514,"K","E"
"V794",794,0.15513255305989,"nonsyn","a",1.11047e-05,7.15820102291037e-05,"K","R"
"V795",795,0.0173555927622059,"syn","a",1.11047e-05,0.000639834095680208,"K","K"
"V796",796,0.00102816752618705,"nonsyn","a",1.11047e-05,0.0108004772735643,"I","V"
"V797",797,0.000207690173185096,"nonsyn","t",1.10618e-05,0.0532610658961779,"I","T"
"V798",798,0.241670492812406,"syn","c",2.41358e-05,9.98706946765535e-05,"I","I"
"V799",799,0.0209110170066726,"syn","t",1.10618e-05,0.000528993878990688,"L","L"
"V800",800,0.000146649207159004,"nonsyn","t",1.10618e-05,0.0754303430226273,"L","S"
"V801",801,0.00717842169781939,"syn","a",1.11047e-05,0.00154695564950904,"L","L"
"V802",802,0.000590868319052555,"nonsyn","g",5.47833e-05,0.0927165973085913,"E","K"
"V803",803,0.000703384042014835,"nonsyn","a",1.11047e-05,0.0157875347416053,"E","G"
"V804",804,0.00791174876752529,"syn","g",5.47833e-05,0.00692429722046591,"E","E"
"V805",805,0.000222858462806901,"nonsyn","c",2.41358e-05,0.108301025215779,"P","S"
"V806",806,0.000107669708801543,"nonsyn","c",2.41358e-05,0.224165183213108,"P","L"
"V808",808,0.000252197944166393,"nonsyn","t",1.10618e-05,0.0438615787950346,"F","L"
"V809",809,0.0613158406902546,"nonsyn","t",1.10618e-05,0.000180406887934232,"F","S"
"V810",810,0.0854827477001087,"syn","t",1.10618e-05,0.000129403889060832,"F","F"
"V811",811,0.0269494672252537,"nonsyn","a",1.11047e-05,0.000412056383422454,"R","G"
"V812",812,0.000783229702312309,"nonsyn","g",5.47833e-05,0.0699453810782005,"R","K"
"V816",816,0.113943047444563,"syn","a",1.11047e-05,9.74583377314246e-05,"K","K"
"V817",817,0.0851402672517527,"stop","c",2.41358e-05,0.000283482784105345,"Q","*"
"V818",818,0.00183669329524326,"nonsyn","a",1.11047e-05,0.00604602849520898,"Q","R"
"V819",819,0.00364844466394163,"syn","a",1.11047e-05,0.00304368053317353,"Q","Q"
"V820",820,0.000112741406666023,"nonsyn","a",1.11047e-05,0.098497085750365,"N","D"
"V821",821,0.000231180710474155,"nonsyn","a",1.11047e-05,0.0480347169849254,"N","S"
"V822",822,0.204257359700794,"syn","t",1.10618e-05,5.41561881354183e-05,"N","N"
"V823",823,0.00439913508967403,"nonsyn","c",2.41358e-05,0.00548648757267156,"P","S"
"V824",824,0.00524958577794459,"nonsyn","c",2.41358e-05,0.004597657990732,"P","L"
"V825",825,0.012183148434274,"syn","a",1.11047e-05,0.000911480317251975,"P","P"
"V826",826,0.00681194448639629,"nonsyn","g",5.47833e-05,0.00804224111183001,"D","N"
"V827",827,0.00324269698890148,"nonsyn","a",1.11047e-05,0.00342452595416937,"D","G"
"V829",829,0.0019132645252563,"nonsyn","a",1.11047e-05,0.00580405890215961,"I","V"
"V830",830,0.000570379437040276,"nonsyn","t",1.10618e-05,0.0193937566497842,"I","T"
"V831",831,0.0544574971606585,"nonsyn","a",1.11047e-05,0.000203914990203081,"I","M"
"V832",832,0.00181318280641026,"nonsyn","g",5.47833e-05,0.0302138867665858,"V","I"
"V833",833,0.00184112634340173,"nonsyn","t",1.10618e-05,0.00600816996597953,"V","A"
"V835",835,0.00050949927530213,"nonsyn","a",1.11047e-05,0.0217953205005345,"I","V"
"V836",836,0.000992698264072474,"nonsyn","t",1.10618e-05,0.0111431644441683,"I","T"
"V837",837,0.00581786283231021,"syn","c",2.41358e-05,0.00414856807313485,"I","I"
"V838",838,0.000376164728139673,"res","t",1.10618e-05,0.0294067975344373,"Y","H"
"V839",839,0.000399954895293247,"res","a",1.11047e-05,0.0277648808170182,"Y","C"
"V840",840,0.102477627580034,"res","t",1.10618e-05,0.000107943560572387,"Y","Y"
"V841",841,0.000128765091875686,"stop","c",2.41358e-05,0.187440552780419,"Q","*"
"V842",842,0.000161159386605916,"nonsyn","a",1.11047e-05,0.0689050773514941,"Q","R"
"V843",843,0.0049734869736329,"syn","a",1.11047e-05,0.00223277954860884,"Q","Q"
"V844",844,0.000163123582418678,"nonsyn","t",1.10618e-05,0.0678123900663757,"Y","H"
"V845",845,0.000150073702787889,"nonsyn","a",1.11047e-05,0.0739949757599779,"Y","C"
"V847",847,0.000366187398335499,"res","a",1.11047e-05,0.0303251833636993,"M","V"
"V848",848,0.000356874072909565,"res","t",1.10618e-05,0.0309963677378243,"M","T"
"V849",849,0.000304208456379738,"res","g",5.47833e-05,0.180084737459155,"M","I"
"V850",850,0.000516588405122467,"nonsyn","g",5.47833e-05,0.106048257097471,"D","N"
"V851",851,0.000305718567544035,"nonsyn","a",1.11047e-05,0.0363232763034601,"D","G"
"V852",852,0.00377372689443266,"syn","t",1.10618e-05,0.00293126670515542,"D","D"
"V853",853,0.00283244063261066,"nonsyn","g",5.47833e-05,0.0193413762566689,"D","N"
"V854",854,0.000443875630975627,"nonsyn","a",1.11047e-05,0.0250175932740262,"D","G"
"V856",856,0.00238556006532227,"syn","t",1.10618e-05,0.00463698238447231,"L","L"
"V857",857,0.00014701297127666,"nonsyn","t",1.10618e-05,0.0752437006336201,"L","S"
"V858",858,0.00504440874095341,"syn","g",5.47833e-05,0.0108602024168338,"L","L"
"V859",859,0.000742581144999283,"res","t",1.10618e-05,0.0148964191650876,"Y","H"
"V860",860,0.000304230915220331,"res","a",1.11047e-05,0.0365008927247177,"Y","C"
"V861",861,0.0978522295179141,"res","t",1.10618e-05,0.000113045967930397,"Y","Y"
"V862",862,0.00727473164442186,"nonsyn","g",5.47833e-05,0.0075306283004964,"V","I"
"V863",863,0.00075780404337286,"nonsyn","t",1.10618e-05,0.0145971773266949,"V","A"
"V864",864,0.0310405594321816,"syn","a",1.11047e-05,0.000357748062635981,"V","V"
"V865",865,0.000227078359050971,"res","g",5.47833e-05,0.241252844299897,"G","R"
"V866",866,0.000447668580134269,"res","g",5.47833e-05,0.122374681697717,"G","E"
"V867",867,0.100469864239578,"res","a",1.11047e-05,0.000110527670003814,"G","G"
"V868",868,0.000578591539482793,"nonsyn","t",1.10618e-05,0.0191184959425577,"S","P"
"V869",869,0.000113963857292919,"nonsyn","c",2.41358e-05,0.211784688350485,"S","F"
"V870",870,0.000836507913012818,"syn","t",1.10618e-05,0.0132237840526327,"S","S"
"V871",871,0.00274745495539164,"nonsyn","g",5.47833e-05,0.0199396535664734,"D","N"
"V872",872,0.000987984451738198,"nonsyn","a",1.11047e-05,0.0112397517799628,"D","G"
"V873",873,0.262850103236007,"syn","c",2.41358e-05,9.18234373997146e-05,"D","D"
"V874",874,0.178156692862219,"syn","t",1.10618e-05,6.20902859291111e-05,"L","L"
"V875",875,0.000191686584826114,"nonsyn","t",1.10618e-05,0.0577077420938693,"L","S"
"V876",876,0.0142307335957784,"syn","a",1.11047e-05,0.000780332224284925,"L","L"
"V877",877,0.00243396843172368,"nonsyn","g",5.47833e-05,0.0225078104078793,"E","K"
"V878",878,0.000334896289124447,"nonsyn","a",1.11047e-05,0.0331586236116026,"E","G"
"V879",879,0.0226306134475906,"syn","a",1.11047e-05,0.000490693724485947,"E","E"
"V880",880,0.000700114454491616,"nonsyn","a",1.11047e-05,0.0158612637244629,"I","V"
"V881",881,0.000511992636227214,"nonsyn","t",1.10618e-05,0.021605388861669,"I","T"
"V882",882,0.000673559538119693,"nonsyn","a",1.11047e-05,0.0164865900808113,"I","M"
"V883",883,0.000438423104012006,"nonsyn","g",5.47833e-05,0.124955321694223,"G","R"
"V884",884,0.214206928479629,"nonsyn","g",5.47833e-05,0.000255749430650232,"G","E"
"V885",885,0.176191422488878,"syn","g",5.47833e-05,0.000310930573271568,"G","G"
"V886",886,0.000186524672372626,"stop","c",2.41358e-05,0.129397359035609,"Q","*"
"V887",887,0.00106153937053677,"nonsyn","a",1.11047e-05,0.0104609403176303,"Q","R"
"V889",889,0.00012190740634652,"nonsyn","c",2.41358e-05,0.197984689555238,"H","Y"
"V890",890,0.000311605078434535,"nonsyn","a",1.11047e-05,0.0356370956975047,"H","R"
"V891",891,0.010688017175955,"syn","t",1.10618e-05,0.00103497213916216,"H","H"
"V892",892,0.000389953453802435,"nonsyn","a",1.11047e-05,0.0284769884500781,"R","G"
"V893",893,0.001103991804446,"nonsyn","g",5.47833e-05,0.0496229227240426,"R","K"
"V894",894,0.0019588480181321,"syn","a",1.11047e-05,0.00566899519371039,"R","R"
"V896",896,0.0865601143053597,"nonsyn","c",2.41358e-05,0.000278832811089594,"T","I"
"V897",897,0.0228771569426999,"syn","a",1.11047e-05,0.000485405595975662,"T","T"
"V898",898,0.000101028219740035,"nonsyn","a",1.11047e-05,0.109916813624694,"K","E"
"V899",899,0.0184482355100865,"nonsyn","a",1.11047e-05,0.000601938325967735,"K","R"
"V900",900,0.000812236421958698,"syn","a",1.11047e-05,0.0136717582464736,"K","K"
"V901",901,0.157571155935498,"nonsyn","a",1.11047e-05,7.04741926532906e-05,"I","V"
"V902",902,8.66722986045042e-05,"nonsyn","t",1.10618e-05,0.127627860090296,"I","T"
"V903",903,0.00450272490181942,"nonsyn","a",1.11047e-05,0.00246621773306935,"I","M"
"V904",904,0.00300470562747211,"nonsyn","g",5.47833e-05,0.0182325015466123,"E","K"
"V905",905,0.000788815159638595,"nonsyn","a",1.11047e-05,0.0140776959777088,"E","G"
"V906",906,0.331663287603049,"syn","g",5.47833e-05,0.000165177461744175,"E","E"
"V907",907,0.00105888997695258,"nonsyn","g",5.47833e-05,0.051736536554688,"E","K"
"V908",908,0.000307240138079436,"nonsyn","a",1.11047e-05,0.0361433895630164,"E","G"
"V911",911,0.00127798704041611,"nonsyn","t",1.10618e-05,0.00865564332827532,"L","P"
"V913",913,0.000843546288018092,"nonsyn","a",1.11047e-05,0.0131643042684598,"R","G"
"V914",914,0.000350806536231544,"nonsyn","g",5.47833e-05,0.156163851986615,"R","K"
"V915",915,0.00521168636329091,"syn","a",1.11047e-05,0.00213073067447366,"R","R"
"V917",917,0.0659605229460432,"nonsyn","a",1.11047e-05,0.00016835372892789,"Q","R"
"V918",918,0.0642044554021201,"syn","a",1.11047e-05,0.000172958401881146,"Q","Q"
"V919",919,0.000324874210286853,"nonsyn","c",2.41358e-05,0.0742927546593769,"H","Y"
"V920",920,0.000451614772246266,"nonsyn","a",1.11047e-05,0.024588876809248,"H","R"
"V921",921,0.000979069131241299,"syn","t",1.10618e-05,0.0112982828760779,"H","H"
"V922",922,0.20174082756612,"syn","c",2.41358e-05,0.000119637657340776,"L","L"
"V923",923,0.000360433718262168,"nonsyn","t",1.10618e-05,0.0306902474422607,"L","P"
"V925",925,0.0434872575920791,"res","t",1.10618e-05,0.00025436876484055,"L","L"
"V926",926,0.000483248890820248,"res","t",1.10618e-05,0.0228904819237642,"L","S"
"V928",928,0.129121131103341,"nonsyn","a",1.11047e-05,8.60021896114934e-05,"R","G"
"V930",930,0.210869892090426,"syn","g",5.47833e-05,0.000259796690067578,"R","R"
"V931",931,0.000496743030398484,"nonsyn","t",1.10618e-05,0.0222686566757188,"W","R"
"V932",932,0.000324587075276041,"stop","g",5.47833e-05,0.168778439355326,"W","*"
"V933",933,0.000406149493124435,"stop","g",5.47833e-05,0.134884570650481,"W","*"
"V934",934,0.00136327799109053,"nonsyn","g",5.47833e-05,0.0401849808755272,"G","R"
"V935",935,0.000307741235534044,"nonsyn","g",5.47833e-05,0.178017417473907,"G","E"
"V936",936,0.0598614386123754,"syn","a",1.11047e-05,0.000185506734509122,"G","G"
"V937",937,0.101630063687659,"nonsyn","t",1.10618e-05,0.000108843777113004,"F","L"
"V938",938,0.000195587593774011,"nonsyn","t",1.10618e-05,0.0565567569320436,"F","S"
"V939",939,0.015103842324429,"syn","t",1.10618e-05,0.000732383175247309,"F","F"
"V940",940,0.00184839697893976,"res","a",1.11047e-05,0.00600774623986329,"T","A"
"V941",941,0.0043899665179192,"res","c",2.41358e-05,0.00549794626029178,"T","I"
"V942",942,0.160895706231951,"res","c",2.41358e-05,0.000150008975163112,"T","T"
"V943",943,0.000504018465322971,"nonsyn","a",1.11047e-05,0.0220323277102242,"T","A"
"V944",944,9.72471152730271e-05,"nonsyn","c",2.41358e-05,0.248190395491293,"T","I"
"V945",945,0.0104527519736716,"syn","a",1.11047e-05,0.00106237094575385,"T","T"
"V946",946,0.000117638627381368,"nonsyn","c",2.41358e-05,0.205169003900012,"P","S"
"V947",947,0.000103343568420355,"nonsyn","c",2.41358e-05,0.233549125203675,"P","L"
"V948",948,0.00180007209798133,"syn","a",1.11047e-05,0.00616903068074508,"P","P"
"V949",949,0.000161472713296108,"nonsyn","g",5.47833e-05,0.339272802702823,"D","N"
"V950",950,0.000973082305840364,"nonsyn","a",1.11047e-05,0.0114118815369989,"D","G"
"V951",951,0.0271763906239017,"syn","c",2.41358e-05,0.000888116466017107,"D","D"
"V952",952,0.000177328276078947,"res","a",1.11047e-05,0.0626222746058622,"K","E"
"V953",953,0.000247558935427231,"res","a",1.11047e-05,0.0448567933160474,"K","R"
"V955",955,0.000330172327787833,"nonsyn","a",1.11047e-05,0.0336330427034934,"K","E"
"V956",956,0.000478507917582562,"nonsyn","a",1.11047e-05,0.0232069305270879,"K","R"
"V957",957,0.226933323169046,"syn","a",1.11047e-05,4.89337565983112e-05,"K","K"
"V958",958,0.000216371465465188,"nonsyn","c",2.41358e-05,0.111547980451624,"H","Y"
"V959",959,0.000229642318996341,"nonsyn","a",1.11047e-05,0.0483565052318468,"H","R"
"V960",960,0.0140882685984586,"syn","t",1.10618e-05,0.000785178102099094,"H","H"
"V961",961,0.000295507202840439,"stop","c",2.41358e-05,0.0816758433229537,"Q","*"
"V962",962,0.000336911050246918,"nonsyn","a",1.11047e-05,0.032960331790428,"Q","R"
"V963",963,0.0110445555457815,"syn","g",5.47833e-05,0.00496020865420199,"Q","Q"
"V964",964,0.000200365498049325,"nonsyn","a",1.11047e-05,0.0554222164400096,"K","E"
"V965",965,0.000245007646610337,"nonsyn","a",1.11047e-05,0.0453238915341326,"K","R"
"V966",966,0.180038799769582,"syn","a",1.11047e-05,6.16794825016166e-05,"K","K"
"V967",967,0.0033739772030762,"nonsyn","g",5.47833e-05,0.016237009529896,"E","K"
"V968",968,0.000813009051485205,"nonsyn","a",1.11047e-05,0.013658765520155,"E","G"
"V969",969,0.118209326592895,"syn","a",1.11047e-05,9.39409801245537e-05,"E","E"
"V970",970,0.000459792214790977,"res","c",2.41358e-05,0.0524928418176289,"P","S"
"V971",971,0.000122473290134037,"res","c",2.41358e-05,0.197069907843459,"P","L"
"V973",973,8.48937932691746e-05,"nonsyn","c",2.41358e-05,0.284305825791905,"P","S"
"V974",974,0.000139782582459824,"nonsyn","c",2.41358e-05,0.172666719810654,"P","L"
"V975",975,0.00207130889558777,"syn","a",1.11047e-05,0.00536119939602193,"P","P"
"V976",976,0.000914470623842317,"nonsyn","t",1.10618e-05,0.012096397316211,"F","L"
"V977",977,0.000428393627963101,"nonsyn","t",1.10618e-05,0.0258215792158159,"F","S"
"V979",979,0.000142487159268829,"nonsyn","c",2.41358e-05,0.169389298824207,"L","F"
"V980",980,0.000802229008617893,"nonsyn","t",1.10618e-05,0.0137888307218629,"L","P"
"V981",981,0.147258118634526,"syn","t",1.10618e-05,7.51184389870814e-05,"L","L"
"V982",982,0.000165686672688058,"nonsyn","t",1.10618e-05,0.0667633661810945,"W","R"
"V983",983,0.000217290982725615,"stop","g",5.47833e-05,0.252119527984177,"W","*"
"V984",984,0.000276976091366418,"stop","g",5.47833e-05,0.197790718071496,"W","*"
